SET FOREIGN_KEY_CHECKS=0;
INSERT INTO wp_bookly_coupons ( id,code,discount,deduction,usage_limit,used,once_per_customer,date_limit_start,date_limit_end,min_appointments,max_appointments )VALUES( 50,'PT_HUGE',100,0.00,999999,0,0,null,null,1,null );
INSERT INTO wp_bookly_coupons ( id,code,discount,deduction,usage_limit,used,once_per_customer,date_limit_start,date_limit_end,min_appointments,max_appointments )VALUES( 51,'nicolecohen9@gmail.com',20,0.00,999999,0,0,null,null,1,null );
INSERT INTO wp_bookly_coupons ( id,code,discount,deduction,usage_limit,used,once_per_customer,date_limit_start,date_limit_end,min_appointments,max_appointments )VALUES( 52,'cybermonday',20,0.00,999999,0,0,null,null,1,null );
INSERT INTO wp_bookly_coupons ( id,code,discount,deduction,usage_limit,used,once_per_customer,date_limit_start,date_limit_end,min_appointments,max_appointments )VALUES( 53,'info@joannagalant.com',20,0.00,999999,0,0,null,null,1,null );
INSERT INTO wp_bookly_coupons ( id,code,discount,deduction,usage_limit,used,once_per_customer,date_limit_start,date_limit_end,min_appointments,max_appointments )VALUES( 54,'PT_HUGE2019',100,0.00,999999,0,0,null,null,1,null );
INSERT INTO wp_bookly_coupons ( id,code,discount,deduction,usage_limit,used,once_per_customer,date_limit_start,date_limit_end,min_appointments,max_appointments )VALUES( 55,'Mariam.patel98@gmail.com',20,0.00,999999,0,0,null,null,1,null );
INSERT INTO wp_bookly_coupons ( id,code,discount,deduction,usage_limit,used,once_per_customer,date_limit_start,date_limit_end,min_appointments,max_appointments )VALUES( 56,'MRNEWSLETTER',10,0.00,999999,0,0,null,null,1,null );
INSERT INTO wp_bookly_coupons ( id,code,discount,deduction,usage_limit,used,once_per_customer,date_limit_start,date_limit_end,min_appointments,max_appointments )VALUES( 57,'sophiachriskara@gmail.com1',30,0.00,999999,0,0,null,null,1,null );
INSERT INTO wp_bookly_coupons ( id,code,discount,deduction,usage_limit,used,once_per_customer,date_limit_start,date_limit_end,min_appointments,max_appointments )VALUES( 58,'delia.r.hansen@gmail.com',30,0.00,999999,0,0,null,null,1,null );
INSERT INTO wp_bookly_coupons ( id,code,discount,deduction,usage_limit,used,once_per_customer,date_limit_start,date_limit_end,min_appointments,max_appointments )VALUES( 59,'NEWSLETTER',10,0.00,999999,0,0,null,null,1,null );
INSERT INTO wp_bookly_coupons ( id,code,discount,deduction,usage_limit,used,once_per_customer,date_limit_start,date_limit_end,min_appointments,max_appointments )VALUES( 60,'info@nyudswim.com',30,0.00,999999,0,0,null,null,1,null );
INSERT INTO wp_bookly_coupons ( id,code,discount,deduction,usage_limit,used,once_per_customer,date_limit_start,date_limit_end,min_appointments,max_appointments )VALUES( 61,'raad@raadrahman.com',30,0.00,999999,0,0,null,null,1,null );
INSERT INTO wp_bookly_coupons ( id,code,discount,deduction,usage_limit,used,once_per_customer,date_limit_start,date_limit_end,min_appointments,max_appointments )VALUES( 62,'jsteele28@gmail.com',30,0.00,999999,0,0,null,null,1,null );
INSERT INTO wp_bookly_coupons ( id,code,discount,deduction,usage_limit,used,once_per_customer,date_limit_start,date_limit_end,min_appointments,max_appointments )VALUES( 63,'wangvision@gmail.com',20,0.00,999999,0,0,null,null,1,null );
INSERT INTO wp_bookly_coupons ( id,code,discount,deduction,usage_limit,used,once_per_customer,date_limit_start,date_limit_end,min_appointments,max_appointments )VALUES( 64,'dvision',20,0.00,999999,0,0,null,null,1,null );
INSERT INTO wp_bookly_coupons ( id,code,discount,deduction,usage_limit,used,once_per_customer,date_limit_start,date_limit_end,min_appointments,max_appointments )VALUES( 65,'stephlima14@gmail.com',10,0.00,999999,0,0,null,null,1,null );
INSERT INTO wp_bookly_coupons ( id,code,discount,deduction,usage_limit,used,once_per_customer,date_limit_start,date_limit_end,min_appointments,max_appointments )VALUES( 66,'cindy@styledbycc.com',30,0.00,999999,0,0,null,null,1,null );
INSERT INTO wp_bookly_coupons ( id,code,discount,deduction,usage_limit,used,once_per_customer,date_limit_start,date_limit_end,min_appointments,max_appointments )VALUES( 67,'pheasantlanephotography@gmail.com',20,0.00,999999,0,0,null,null,1,null );
INSERT INTO wp_bookly_coupons ( id,code,discount,deduction,usage_limit,used,once_per_customer,date_limit_start,date_limit_end,min_appointments,max_appointments )VALUES( 68,'silvia82silva@gmail.com',10,0.00,999999,0,0,null,null,1,null );
INSERT INTO wp_bookly_appointments ( id,location_id,staff_id,staff_any,service_id,custom_service_name,custom_service_price,start_date,end_date,extras_duration,internal_note,google_event_id,google_event_etag,outlook_event_id,outlook_event_change_key,outlook_event_series_id,created_from,created )VALUES( 1000,null,9,0,4,null,null,'2019-07-20 14:00:00','2019-07-20 15:00:00',0,null,null,null,null,null,null,'bookly','2019-06-11 10:59:32' );
INSERT INTO wp_bookly_customers ( id,wp_user_id,facebook_id,group_id,full_name,first_name,last_name,phone,email,birthday,country,state,postcode,city,street,street_number,additional_address,notes,info_fields,credit,created )VALUES( 1000,null,null,null,'Maria Tereso Comisso','Maria Tereso Comisso','','n/a','maria_commisso@hotmail.com*',null,'','','','','','','','',null,0,'2019-06-11 10:59:32' );
INSERT INTO wp_bookly_payments ( id,coupon_id,type,total,tax,paid,paid_type,gateway_price_correction,status,details,created )VALUES( 1000,null,'stripe',96.05,11.05,96.05,'in_full',0.00,'completed','{"items":[{"ca_id":1000,"appointment_date":"2019-07-20 14:00:00","service_name":"Ballroom","service_price":85,"service_tax":"11.05","wait_listed":false,"deposit_format":null,"number_of_persons":1,"units":"1","duration":"3600","staff_name":"Ballroom","extras":[]}],"coupon":null,"subtotal":{"price":85,"deposit":0},"customer":"Maria Tereso Comisso","tax_in_price":"excluded","tax_paid":"11.05","extras_multiply_nop":1}','2019-06-11 10:59:32' );
INSERT INTO wp_bookly_customer_appointments ( id,series_id,package_id,customer_id,appointment_id,payment_id,number_of_persons,units,notes,extras,extras_multiply_nop,extras_consider_duration,custom_fields,status,status_changed_at,token,time_zone,time_zone_offset,rating,rating_comment,locale,collaborative_service_id,collaborative_token,compound_service_id,compound_token,created_from,created )VALUES( 1000,null,null,1000,1000,1000,1,1,'','[]',1,1,'[{"id":43107,"value":"n\/a"},{"id":51989,"value":"Wedding"},{"id":27913,"value":""},{"id":72188,"value":["I agree to <a href="https:\/\/www.mintroom.ca\/Terms_and_Conditions.pdf?v=11122018" target="_blank">Terms and Conditions<\/a>"]},{"id":85555,"value":["I agree there will be no more than 10 guests in the room per booking"]},{"id":27913,"value":" "},{"id":87958,"value":[]},{"id":45932,"value":[]}]','approved',null,null,null,null,null,null,null,null,null,null,null,'frontend','2019-06-11 10:59:32' );
INSERT INTO wp_bookly_appointments ( id,location_id,staff_id,staff_any,service_id,custom_service_name,custom_service_price,start_date,end_date,extras_duration,internal_note,google_event_id,google_event_etag,outlook_event_id,outlook_event_change_key,outlook_event_series_id,created_from,created )VALUES( 1001,null,11,0,6,null,null,'2019-07-20 15:00:00','2019-07-20 16:00:00',0,null,null,null,null,null,null,'bookly','2019-06-11 10:59:32' );
INSERT INTO wp_bookly_payments ( id,coupon_id,type,total,tax,paid,paid_type,gateway_price_correction,status,details,created )VALUES( 1001,null,'stripe',96.05,11.05,96.05,'in_full',0.00,'completed','{"items":[{"ca_id":1001,"appointment_date":"2019-07-20 15:00:00","service_name":"Library","service_price":85,"service_tax":"11.05","wait_listed":false,"deposit_format":null,"number_of_persons":1,"units":"1","duration":"3600","staff_name":"Library","extras":[]}],"coupon":null,"subtotal":{"price":85,"deposit":0},"customer":"Maria Tereso Comisso","tax_in_price":"excluded","tax_paid":"11.05","extras_multiply_nop":1}','2019-06-11 10:59:32' );
INSERT INTO wp_bookly_customer_appointments ( id,series_id,package_id,customer_id,appointment_id,payment_id,number_of_persons,units,notes,extras,extras_multiply_nop,extras_consider_duration,custom_fields,status,status_changed_at,token,time_zone,time_zone_offset,rating,rating_comment,locale,collaborative_service_id,collaborative_token,compound_service_id,compound_token,created_from,created )VALUES( 1001,null,null,1000,1001,1001,1,1,'','[]',1,1,'[{"id":43107,"value":"n\/a"},{"id":51989,"value":"Wedding"},{"id":27913,"value":""},{"id":72188,"value":["I agree to <a href="https:\/\/www.mintroom.ca\/Terms_and_Conditions.pdf?v=11122018" target="_blank">Terms and Conditions<\/a>"]},{"id":85555,"value":["I agree there will be no more than 10 guests in the room per booking"]},{"id":27913,"value":" "},{"id":87958,"value":[]},{"id":45932,"value":[]}]','approved',null,null,null,null,null,null,null,null,null,null,null,'frontend','2019-06-11 10:59:32' );
INSERT INTO wp_bookly_appointments ( id,location_id,staff_id,staff_any,service_id,custom_service_name,custom_service_price,start_date,end_date,extras_duration,internal_note,google_event_id,google_event_etag,outlook_event_id,outlook_event_change_key,outlook_event_series_id,created_from,created )VALUES( 1002,null,9,0,4,null,null,'2019-06-23 11:00:00','2019-06-23 12:00:00',0,null,null,null,null,null,null,'bookly','2019-06-11 10:59:32' );
INSERT INTO wp_bookly_customers ( id,wp_user_id,facebook_id,group_id,full_name,first_name,last_name,phone,email,birthday,country,state,postcode,city,street,street_number,additional_address,notes,info_fields,credit,created )VALUES( 1002,null,null,null,'Alyssia Stevens','Alyssia Stevens','','N/a','alyssia.stevens@gmail.com*',null,'','','','','','','','',null,0,'2019-06-11 10:59:32' );
INSERT INTO wp_bookly_payments ( id,coupon_id,type,total,tax,paid,paid_type,gateway_price_correction,status,details,created )VALUES( 1002,50,'coupon',0,0,0,'in_full',0.00,'completed','{"items":[{"ca_id":1002,"appointment_date":"2019-06-23 11:00:00","service_name":"Ballroom","service_price":85,"service_tax":"11.05","wait_listed":false,"deposit_format":null,"number_of_persons":1,"units":"1","duration":"3600","staff_name":"Ballroom","extras":[]}],"coupon":{"code":"Pt_huge","discount":100,"deduction":"0.00"},"subtotal":{"price":170,"deposit":0},"customer":"Alyssia Stevens","tax_in_price":"excluded","tax_paid":"0.00","extras_multiply_nop":1}','2019-06-11 10:59:32' );
INSERT INTO wp_bookly_customer_appointments ( id,series_id,package_id,customer_id,appointment_id,payment_id,number_of_persons,units,notes,extras,extras_multiply_nop,extras_consider_duration,custom_fields,status,status_changed_at,token,time_zone,time_zone_offset,rating,rating_comment,locale,collaborative_service_id,collaborative_token,compound_service_id,compound_token,created_from,created )VALUES( 1002,null,null,1002,1002,1002,1,1,'','[]',1,1,'[{"id":43107,"value":"Purple tree"},{"id":51989,"value":"Wedding"},{"id":27913,"value":""},{"id":72188,"value":["I agree to <a href="https:\/\/www.mintroom.ca\/Terms_and_Conditions.pdf?v=11122018" target="_blank">Terms and Conditions<\/a>"]},{"id":85555,"value":["I agree there will be no more than 10 guests in the room per booking"]},{"id":27913,"value":" "},{"id":87958,"value":[]},{"id":45932,"value":[]}]','approved',null,null,null,null,null,null,null,null,null,null,null,'frontend','2019-06-11 10:59:32' );
INSERT INTO wp_bookly_appointments ( id,location_id,staff_id,staff_any,service_id,custom_service_name,custom_service_price,start_date,end_date,extras_duration,internal_note,google_event_id,google_event_etag,outlook_event_id,outlook_event_change_key,outlook_event_series_id,created_from,created )VALUES( 1003,null,10,0,5,null,null,'2019-06-23 13:00:00','2019-06-23 14:00:00',0,null,null,null,null,null,null,'bookly','2019-06-11 10:59:32' );
INSERT INTO wp_bookly_customers ( id,wp_user_id,facebook_id,group_id,full_name,first_name,last_name,phone,email,birthday,country,state,postcode,city,street,street_number,additional_address,notes,info_fields,credit,created )VALUES( 1003,null,null,null,'Alyssia Stevens','Alyssia Stevens','','Na','Hello@mintroom.ca*',null,'','','','','','','','',null,0,'2019-06-11 10:59:32' );
INSERT INTO wp_bookly_payments ( id,coupon_id,type,total,tax,paid,paid_type,gateway_price_correction,status,details,created )VALUES( 1003,50,'coupon',0,0,0,'in_full',0.00,'completed','{"items":[{"ca_id":1003,"appointment_date":"2019-06-23 13:00:00","service_name":"Conservatory","service_price":85,"service_tax":"11.05","wait_listed":false,"deposit_format":null,"number_of_persons":1,"units":"1","duration":"3600","staff_name":"Conservatory","extras":[]}],"coupon":{"code":"Pt_huge","discount":100,"deduction":"0.00"},"subtotal":{"price":170,"deposit":0},"customer":"Alyssia Stevens","tax_in_price":"excluded","tax_paid":"0.00","extras_multiply_nop":1}','2019-06-11 10:59:32' );
INSERT INTO wp_bookly_customer_appointments ( id,series_id,package_id,customer_id,appointment_id,payment_id,number_of_persons,units,notes,extras,extras_multiply_nop,extras_consider_duration,custom_fields,status,status_changed_at,token,time_zone,time_zone_offset,rating,rating_comment,locale,collaborative_service_id,collaborative_token,compound_service_id,compound_token,created_from,created )VALUES( 1003,null,null,1003,1003,1003,1,1,'','[]',1,1,'[{"id":43107,"value":"Purple Tree"},{"id":51989,"value":"Wedding"},{"id":27913,"value":""},{"id":72188,"value":["I agree to <a href="https:\/\/www.mintroom.ca\/Terms_and_Conditions.pdf?v=11122018" target="_blank">Terms and Conditions<\/a>"]},{"id":85555,"value":["I agree there will be no more than 10 guests in the room per booking"]},{"id":27913,"value":" "},{"id":87958,"value":[]},{"id":45932,"value":[]}]','approved',null,null,null,null,null,null,null,null,null,null,null,'frontend','2019-06-11 10:59:32' );
INSERT INTO wp_bookly_appointments ( id,location_id,staff_id,staff_any,service_id,custom_service_name,custom_service_price,start_date,end_date,extras_duration,internal_note,google_event_id,google_event_etag,outlook_event_id,outlook_event_change_key,outlook_event_series_id,created_from,created )VALUES( 1004,null,10,0,5,null,null,'2019-06-23 14:00:00','2019-06-23 15:00:00',0,null,null,null,null,null,null,'bookly','2019-06-11 10:59:32' );
INSERT INTO wp_bookly_payments ( id,coupon_id,type,total,tax,paid,paid_type,gateway_price_correction,status,details,created )VALUES( 1004,50,'coupon',0,0,0,'in_full',0.00,'completed','{"items":[{"ca_id":1004,"appointment_date":"2019-06-23 14:00:00","service_name":"Conservatory","service_price":85,"service_tax":"11.05","wait_listed":false,"deposit_format":null,"number_of_persons":1,"units":"1","duration":"3600","staff_name":"Conservatory","extras":[]}],"coupon":{"code":"Pt_huge","discount":100,"deduction":"0.00"},"subtotal":{"price":170,"deposit":0},"customer":"Alyssia Stevens","tax_in_price":"excluded","tax_paid":"0.00","extras_multiply_nop":1}','2019-06-11 10:59:32' );
INSERT INTO wp_bookly_customer_appointments ( id,series_id,package_id,customer_id,appointment_id,payment_id,number_of_persons,units,notes,extras,extras_multiply_nop,extras_consider_duration,custom_fields,status,status_changed_at,token,time_zone,time_zone_offset,rating,rating_comment,locale,collaborative_service_id,collaborative_token,compound_service_id,compound_token,created_from,created )VALUES( 1004,null,null,1003,1004,1004,1,1,'','[]',1,1,'[{"id":43107,"value":"Purple Tree"},{"id":51989,"value":"Wedding"},{"id":27913,"value":""},{"id":72188,"value":["I agree to <a href="https:\/\/www.mintroom.ca\/Terms_and_Conditions.pdf?v=11122018" target="_blank">Terms and Conditions<\/a>"]},{"id":85555,"value":["I agree there will be no more than 10 guests in the room per booking"]},{"id":27913,"value":" "},{"id":87958,"value":[]},{"id":45932,"value":[]}]','approved',null,null,null,null,null,null,null,null,null,null,null,'frontend','2019-06-11 10:59:32' );
INSERT INTO wp_bookly_appointments ( id,location_id,staff_id,staff_any,service_id,custom_service_name,custom_service_price,start_date,end_date,extras_duration,internal_note,google_event_id,google_event_etag,outlook_event_id,outlook_event_change_key,outlook_event_series_id,created_from,created )VALUES( 1005,null,11,0,6,null,null,'2019-06-23 12:00:00','2019-06-23 13:00:00',0,null,null,null,null,null,null,'bookly','2019-06-11 10:59:32' );
INSERT INTO wp_bookly_customers ( id,wp_user_id,facebook_id,group_id,full_name,first_name,last_name,phone,email,birthday,country,state,postcode,city,street,street_number,additional_address,notes,info_fields,credit,created )VALUES( 1005,null,null,null,'Alyssia Stevens','Alyssia Stevens','','na','hello@mintroom.ca*',null,'','','','','','','','',null,0,'2019-06-11 10:59:32' );
INSERT INTO wp_bookly_payments ( id,coupon_id,type,total,tax,paid,paid_type,gateway_price_correction,status,details,created )VALUES( 1005,50,'coupon',0,0,0,'in_full',0.00,'completed','{"items":[{"ca_id":1005,"appointment_date":"2019-06-23 12:00:00","service_name":"Library","service_price":85,"service_tax":"11.05","wait_listed":false,"deposit_format":null,"number_of_persons":1,"units":"1","duration":"3600","staff_name":"Library","extras":[]}],"coupon":{"code":"PT_HUGE","discount":100,"deduction":"0.00"},"subtotal":{"price":85,"deposit":0},"customer":"Alyssia Stevens","tax_in_price":"excluded","tax_paid":"0.00","extras_multiply_nop":1}','2019-06-11 10:59:32' );
INSERT INTO wp_bookly_customer_appointments ( id,series_id,package_id,customer_id,appointment_id,payment_id,number_of_persons,units,notes,extras,extras_multiply_nop,extras_consider_duration,custom_fields,status,status_changed_at,token,time_zone,time_zone_offset,rating,rating_comment,locale,collaborative_service_id,collaborative_token,compound_service_id,compound_token,created_from,created )VALUES( 1005,null,null,1005,1005,1005,1,1,'','[]',1,1,'[{"id":43107,"value":"Purple tree"},{"id":51989,"value":"Wedding"},{"id":27913,"value":""},{"id":72188,"value":["I agree to <a href="https:\/\/www.mintroom.ca\/Terms_and_Conditions.pdf?v=11122018" target="_blank">Terms and Conditions<\/a>"]},{"id":85555,"value":["I agree there will be no more than 10 guests in the room per booking"]},{"id":27913,"value":" "},{"id":87958,"value":[]},{"id":45932,"value":[]}]','approved',null,null,null,null,null,null,null,null,null,null,null,'frontend','2019-06-11 10:59:32' );
INSERT INTO wp_bookly_appointments ( id,location_id,staff_id,staff_any,service_id,custom_service_name,custom_service_price,start_date,end_date,extras_duration,internal_note,google_event_id,google_event_etag,outlook_event_id,outlook_event_change_key,outlook_event_series_id,created_from,created )VALUES( 1006,null,12,0,7,null,null,'2019-06-23 12:00:00','2019-06-23 13:00:00',0,null,null,null,null,null,null,'bookly','2019-06-11 10:59:32' );
INSERT INTO wp_bookly_payments ( id,coupon_id,type,total,tax,paid,paid_type,gateway_price_correction,status,details,created )VALUES( 1006,50,'coupon',0,0,0,'in_full',0.00,'completed','{"items":[{"ca_id":1006,"appointment_date":"2019-06-23 12:00:00","service_name":"Lounge","service_price":85,"service_tax":"11.05","wait_listed":false,"deposit_format":null,"number_of_persons":1,"units":"1","duration":"3600","staff_name":"Lounge","extras":[]}],"coupon":{"code":"PT_HUGE","discount":100,"deduction":"0.00"},"subtotal":{"price":85,"deposit":0},"customer":"Alyssia Stevens","tax_in_price":"excluded","tax_paid":"0.00","extras_multiply_nop":1}','2019-06-11 10:59:32' );
INSERT INTO wp_bookly_customer_appointments ( id,series_id,package_id,customer_id,appointment_id,payment_id,number_of_persons,units,notes,extras,extras_multiply_nop,extras_consider_duration,custom_fields,status,status_changed_at,token,time_zone,time_zone_offset,rating,rating_comment,locale,collaborative_service_id,collaborative_token,compound_service_id,compound_token,created_from,created )VALUES( 1006,null,null,1005,1006,1006,1,1,'','[]',1,1,'[{"id":43107,"value":"Purple tree"},{"id":51989,"value":"Wedding"},{"id":27913,"value":""},{"id":72188,"value":["I agree to <a href="https:\/\/www.mintroom.ca\/Terms_and_Conditions.pdf?v=11122018" target="_blank">Terms and Conditions<\/a>"]},{"id":85555,"value":["I agree there will be no more than 10 guests in the room per booking"]},{"id":27913,"value":" "},{"id":87958,"value":[]},{"id":45932,"value":[]}]','approved',null,null,null,null,null,null,null,null,null,null,null,'frontend','2019-06-11 10:59:32' );
INSERT INTO wp_bookly_appointments ( id,location_id,staff_id,staff_any,service_id,custom_service_name,custom_service_price,start_date,end_date,extras_duration,internal_note,google_event_id,google_event_etag,outlook_event_id,outlook_event_change_key,outlook_event_series_id,created_from,created )VALUES( 1007,null,9,0,4,null,null,'2019-06-29 15:00:00','2019-06-29 16:00:00',0,null,null,null,null,null,null,'bookly','2019-06-11 10:59:32' );
INSERT INTO wp_bookly_customers ( id,wp_user_id,facebook_id,group_id,full_name,first_name,last_name,phone,email,birthday,country,state,postcode,city,street,street_number,additional_address,notes,info_fields,credit,created )VALUES( 1007,null,null,null,'Tina Ma','Tina Ma','','2896880814','tma040@gmail.com*',null,'','','','','','','','',null,0,'2019-06-11 10:59:32' );
INSERT INTO wp_bookly_payments ( id,coupon_id,type,total,tax,paid,paid_type,gateway_price_correction,status,details,created )VALUES( 1007,null,'stripe',101.7,11.7,101.7,'in_full',0.00,'completed','{"items":[{"ca_id":1007,"appointment_date":"2019-06-29 15:00:00","service_name":"Ballroom","service_price":90,"service_tax":"11.70","wait_listed":false,"deposit_format":null,"number_of_persons":1,"units":"1","duration":"3600","staff_name":"Ballroom","extras":[]}],"coupon":null,"subtotal":{"price":90,"deposit":0},"customer":"Tina Ma","tax_in_price":"excluded","tax_paid":"11.70","extras_multiply_nop":1}','2019-06-11 10:59:32' );
INSERT INTO wp_bookly_customer_appointments ( id,series_id,package_id,customer_id,appointment_id,payment_id,number_of_persons,units,notes,extras,extras_multiply_nop,extras_consider_duration,custom_fields,status,status_changed_at,token,time_zone,time_zone_offset,rating,rating_comment,locale,collaborative_service_id,collaborative_token,compound_service_id,compound_token,created_from,created )VALUES( 1007,null,null,1007,1007,1007,1,1,'As per emails, booking Ballroom & Library for 3pm-5pm due to larger than ten group size','[]',1,1,'[{"id":43107,"value":"5ive5ifteen"},{"id":51989,"value":"Wedding"},{"id":27913,"value":""},{"id":72188,"value":["I agree to <a href="https:\/\/www.mintroom.ca\/Terms_and_Conditions.pdf?v=11122018" target="_blank">Terms and Conditions<\/a>"]},{"id":85555,"value":["I agree there will be no more than 10 guests in the room per booking"]},{"id":27913,"value":" "},{"id":87958,"value":[]},{"id":45932,"value":[]}]','approved',null,null,null,null,null,null,null,null,null,null,null,'frontend','2019-06-11 10:59:32' );
INSERT INTO wp_bookly_appointments ( id,location_id,staff_id,staff_any,service_id,custom_service_name,custom_service_price,start_date,end_date,extras_duration,internal_note,google_event_id,google_event_etag,outlook_event_id,outlook_event_change_key,outlook_event_series_id,created_from,created )VALUES( 1008,null,9,0,4,null,null,'2019-06-29 16:00:00','2019-06-29 17:00:00',0,null,null,null,null,null,null,'bookly','2019-06-11 10:59:32' );
INSERT INTO wp_bookly_payments ( id,coupon_id,type,total,tax,paid,paid_type,gateway_price_correction,status,details,created )VALUES( 1008,null,'stripe',101.7,11.7,101.7,'in_full',0.00,'completed','{"items":[{"ca_id":1008,"appointment_date":"2019-06-29 16:00:00","service_name":"Ballroom","service_price":90,"service_tax":"11.70","wait_listed":false,"deposit_format":null,"number_of_persons":1,"units":"1","duration":"3600","staff_name":"Ballroom","extras":[]}],"coupon":null,"subtotal":{"price":90,"deposit":0},"customer":"Tina Ma","tax_in_price":"excluded","tax_paid":"11.70","extras_multiply_nop":1}','2019-06-11 10:59:32' );
INSERT INTO wp_bookly_customer_appointments ( id,series_id,package_id,customer_id,appointment_id,payment_id,number_of_persons,units,notes,extras,extras_multiply_nop,extras_consider_duration,custom_fields,status,status_changed_at,token,time_zone,time_zone_offset,rating,rating_comment,locale,collaborative_service_id,collaborative_token,compound_service_id,compound_token,created_from,created )VALUES( 1008,null,null,1007,1008,1008,1,1,'As per emails, booking Ballroom & Library for 3pm-5pm due to larger than ten group size','[]',1,1,'[{"id":43107,"value":"5ive5ifteen"},{"id":51989,"value":"Wedding"},{"id":27913,"value":""},{"id":72188,"value":["I agree to <a href="https:\/\/www.mintroom.ca\/Terms_and_Conditions.pdf?v=11122018" target="_blank">Terms and Conditions<\/a>"]},{"id":85555,"value":["I agree there will be no more than 10 guests in the room per booking"]},{"id":27913,"value":" "},{"id":87958,"value":[]},{"id":45932,"value":[]}]','approved',null,null,null,null,null,null,null,null,null,null,null,'frontend','2019-06-11 10:59:32' );
INSERT INTO wp_bookly_appointments ( id,location_id,staff_id,staff_any,service_id,custom_service_name,custom_service_price,start_date,end_date,extras_duration,internal_note,google_event_id,google_event_etag,outlook_event_id,outlook_event_change_key,outlook_event_series_id,created_from,created )VALUES( 1009,null,11,0,6,null,null,'2019-06-29 16:00:00','2019-06-29 17:00:00',0,null,null,null,null,null,null,'bookly','2019-06-11 10:59:32' );
INSERT INTO wp_bookly_payments ( id,coupon_id,type,total,tax,paid,paid_type,gateway_price_correction,status,details,created )VALUES( 1009,null,'stripe',101.7,11.7,101.7,'in_full',0.00,'completed','{"items":[{"ca_id":1009,"appointment_date":"2019-06-29 16:00:00","service_name":"Library","service_price":90,"service_tax":"11.70","wait_listed":false,"deposit_format":null,"number_of_persons":1,"units":"1","duration":"3600","staff_name":"Library","extras":[]}],"coupon":null,"subtotal":{"price":90,"deposit":0},"customer":"Tina Ma","tax_in_price":"excluded","tax_paid":"11.70","extras_multiply_nop":1}','2019-06-11 10:59:32' );
INSERT INTO wp_bookly_customer_appointments ( id,series_id,package_id,customer_id,appointment_id,payment_id,number_of_persons,units,notes,extras,extras_multiply_nop,extras_consider_duration,custom_fields,status,status_changed_at,token,time_zone,time_zone_offset,rating,rating_comment,locale,collaborative_service_id,collaborative_token,compound_service_id,compound_token,created_from,created )VALUES( 1009,null,null,1007,1009,1009,1,1,'As per emails, booking Ballroom & Library for 3pm-5pm due to larger than ten group size','[]',1,1,'[{"id":43107,"value":"5ive5ifteen"},{"id":51989,"value":"Wedding"},{"id":27913,"value":""},{"id":72188,"value":["I agree to <a href="https:\/\/www.mintroom.ca\/Terms_and_Conditions.pdf?v=11122018" target="_blank">Terms and Conditions<\/a>"]},{"id":85555,"value":["I agree there will be no more than 10 guests in the room per booking"]},{"id":27913,"value":" "},{"id":87958,"value":[]},{"id":45932,"value":[]}]','approved',null,null,null,null,null,null,null,null,null,null,null,'frontend','2019-06-11 10:59:32' );
INSERT INTO wp_bookly_appointments ( id,location_id,staff_id,staff_any,service_id,custom_service_name,custom_service_price,start_date,end_date,extras_duration,internal_note,google_event_id,google_event_etag,outlook_event_id,outlook_event_change_key,outlook_event_series_id,created_from,created )VALUES( 1010,null,11,0,6,null,null,'2019-06-29 15:00:00','2019-06-29 16:00:00',0,null,null,null,null,null,null,'bookly','2019-06-11 10:59:32' );
INSERT INTO wp_bookly_payments ( id,coupon_id,type,total,tax,paid,paid_type,gateway_price_correction,status,details,created )VALUES( 1010,null,'stripe',101.7,11.7,101.7,'in_full',0.00,'completed','{"items":[{"ca_id":1010,"appointment_date":"2019-06-29 15:00:00","service_name":"Library","service_price":90,"service_tax":"11.70","wait_listed":false,"deposit_format":null,"number_of_persons":1,"units":"1","duration":"3600","staff_name":"Library","extras":[]}],"coupon":null,"subtotal":{"price":90,"deposit":0},"customer":"Tina Ma","tax_in_price":"excluded","tax_paid":"11.70","extras_multiply_nop":1}','2019-06-11 10:59:32' );
INSERT INTO wp_bookly_customer_appointments ( id,series_id,package_id,customer_id,appointment_id,payment_id,number_of_persons,units,notes,extras,extras_multiply_nop,extras_consider_duration,custom_fields,status,status_changed_at,token,time_zone,time_zone_offset,rating,rating_comment,locale,collaborative_service_id,collaborative_token,compound_service_id,compound_token,created_from,created )VALUES( 1010,null,null,1007,1010,1010,1,1,'As per emails, booking Ballroom & Library for 3pm-5pm due to larger than ten group size','[]',1,1,'[{"id":43107,"value":"5ive5ifteen"},{"id":51989,"value":"Wedding"},{"id":27913,"value":""},{"id":72188,"value":["I agree to <a href="https:\/\/www.mintroom.ca\/Terms_and_Conditions.pdf?v=11122018" target="_blank">Terms and Conditions<\/a>"]},{"id":85555,"value":["I agree there will be no more than 10 guests in the room per booking"]},{"id":27913,"value":" "},{"id":87958,"value":[]},{"id":45932,"value":[]}]','approved',null,null,null,null,null,null,null,null,null,null,null,'frontend','2019-06-11 10:59:32' );
INSERT INTO wp_bookly_appointments ( id,location_id,staff_id,staff_any,service_id,custom_service_name,custom_service_price,start_date,end_date,extras_duration,internal_note,google_event_id,google_event_etag,outlook_event_id,outlook_event_change_key,outlook_event_series_id,created_from,created )VALUES( 1011,null,9,0,4,null,null,'2019-07-26 13:00:00','2019-07-26 14:00:00',0,null,null,null,null,null,null,'bookly','2019-06-11 10:59:32' );
INSERT INTO wp_bookly_customers ( id,wp_user_id,facebook_id,group_id,full_name,first_name,last_name,phone,email,birthday,country,state,postcode,city,street,street_number,additional_address,notes,info_fields,credit,created )VALUES( 1011,null,null,null,'Melanie Fortiz','Melanie Fortiz','','6474054503','Melanie.Fortiz@raymondjames.ca*',null,'','','','','','','','',null,0,'2019-06-11 10:59:32' );
INSERT INTO wp_bookly_payments ( id,coupon_id,type,total,tax,paid,paid_type,gateway_price_correction,status,details,created )VALUES( 1011,50,'coupon',0,0,0,'in_full',0.00,'completed','{"items":[{"ca_id":1011,"appointment_date":"2019-07-26 13:00:00","service_name":"Ballroom","service_price":90,"service_tax":"11.70","wait_listed":false,"deposit_format":null,"number_of_persons":1,"units":"1","duration":"3600","staff_name":"Ballroom","extras":[]}],"coupon":{"code":"Pt_huge","discount":100,"deduction":"0.00"},"subtotal":{"price":180,"deposit":0},"customer":"Melanie Fortiz","tax_in_price":"excluded","tax_paid":"0.00","extras_multiply_nop":1}','2019-06-11 10:59:32' );
INSERT INTO wp_bookly_customer_appointments ( id,series_id,package_id,customer_id,appointment_id,payment_id,number_of_persons,units,notes,extras,extras_multiply_nop,extras_consider_duration,custom_fields,status,status_changed_at,token,time_zone,time_zone_offset,rating,rating_comment,locale,collaborative_service_id,collaborative_token,compound_service_id,compound_token,created_from,created )VALUES( 1011,null,null,1011,1011,1011,1,1,'','[]',1,1,'[{"id":43107,"value":"Darren Ho Shing "},{"id":51989,"value":"Wedding"},{"id":27913,"value":""},{"id":72188,"value":["I agree to <a href="https:\/\/www.mintroom.ca\/Terms_and_Conditions.pdf?v=11122018" target="_blank">Terms and Conditions<\/a>"]},{"id":85555,"value":["I agree there will be no more than 10 guests in the room per booking"]},{"id":27913,"value":" "},{"id":87958,"value":[]},{"id":45932,"value":[]}]','approved',null,null,null,null,null,null,null,null,null,null,null,'frontend','2019-06-11 10:59:32' );
INSERT INTO wp_bookly_appointments ( id,location_id,staff_id,staff_any,service_id,custom_service_name,custom_service_price,start_date,end_date,extras_duration,internal_note,google_event_id,google_event_etag,outlook_event_id,outlook_event_change_key,outlook_event_series_id,created_from,created )VALUES( 1012,null,9,0,4,null,null,'2019-07-26 14:00:00','2019-07-26 15:00:00',0,null,null,null,null,null,null,'bookly','2019-06-11 10:59:32' );
INSERT INTO wp_bookly_payments ( id,coupon_id,type,total,tax,paid,paid_type,gateway_price_correction,status,details,created )VALUES( 1012,50,'coupon',0,0,0,'in_full',0.00,'completed','{"items":[{"ca_id":1012,"appointment_date":"2019-07-26 14:00:00","service_name":"Ballroom","service_price":90,"service_tax":"11.70","wait_listed":false,"deposit_format":null,"number_of_persons":1,"units":"1","duration":"3600","staff_name":"Ballroom","extras":[]}],"coupon":{"code":"Pt_huge","discount":100,"deduction":"0.00"},"subtotal":{"price":180,"deposit":0},"customer":"Melanie Fortiz","tax_in_price":"excluded","tax_paid":"0.00","extras_multiply_nop":1}','2019-06-11 10:59:32' );
INSERT INTO wp_bookly_customer_appointments ( id,series_id,package_id,customer_id,appointment_id,payment_id,number_of_persons,units,notes,extras,extras_multiply_nop,extras_consider_duration,custom_fields,status,status_changed_at,token,time_zone,time_zone_offset,rating,rating_comment,locale,collaborative_service_id,collaborative_token,compound_service_id,compound_token,created_from,created )VALUES( 1012,null,null,1011,1012,1012,1,1,'','[]',1,1,'[{"id":43107,"value":"Darren Ho Shing "},{"id":51989,"value":"Wedding"},{"id":27913,"value":""},{"id":72188,"value":["I agree to <a href="https:\/\/www.mintroom.ca\/Terms_and_Conditions.pdf?v=11122018" target="_blank">Terms and Conditions<\/a>"]},{"id":85555,"value":["I agree there will be no more than 10 guests in the room per booking"]},{"id":27913,"value":" "},{"id":87958,"value":[]},{"id":45932,"value":[]}]','approved',null,null,null,null,null,null,null,null,null,null,null,'frontend','2019-06-11 10:59:32' );
INSERT INTO wp_bookly_appointments ( id,location_id,staff_id,staff_any,service_id,custom_service_name,custom_service_price,start_date,end_date,extras_duration,internal_note,google_event_id,google_event_etag,outlook_event_id,outlook_event_change_key,outlook_event_series_id,created_from,created )VALUES( 1013,null,11,0,6,null,null,'2019-07-26 13:00:00','2019-07-26 14:00:00',0,null,null,null,null,null,null,'bookly','2019-06-11 10:59:32' );
INSERT INTO wp_bookly_payments ( id,coupon_id,type,total,tax,paid,paid_type,gateway_price_correction,status,details,created )VALUES( 1013,50,'coupon',0,0,0,'in_full',0.00,'completed','{"items":[{"ca_id":1013,"appointment_date":"2019-07-26 13:00:00","service_name":"Library","service_price":90,"service_tax":"11.70","wait_listed":false,"deposit_format":null,"number_of_persons":1,"units":"1","duration":"3600","staff_name":"Library","extras":[]}],"coupon":{"code":"Pt_huge","discount":100,"deduction":"0.00"},"subtotal":{"price":180,"deposit":0},"customer":"Melanie Fortiz","tax_in_price":"excluded","tax_paid":"0.00","extras_multiply_nop":1}','2019-06-11 10:59:32' );
INSERT INTO wp_bookly_customer_appointments ( id,series_id,package_id,customer_id,appointment_id,payment_id,number_of_persons,units,notes,extras,extras_multiply_nop,extras_consider_duration,custom_fields,status,status_changed_at,token,time_zone,time_zone_offset,rating,rating_comment,locale,collaborative_service_id,collaborative_token,compound_service_id,compound_token,created_from,created )VALUES( 1013,null,null,1011,1013,1013,1,1,'','[]',1,1,'[{"id":43107,"value":"Darren Ho Shing"},{"id":51989,"value":"Wedding"},{"id":27913,"value":""},{"id":72188,"value":["I agree to <a href="https:\/\/www.mintroom.ca\/Terms_and_Conditions.pdf?v=11122018" target="_blank">Terms and Conditions<\/a>"]},{"id":85555,"value":["I agree there will be no more than 10 guests in the room per booking"]},{"id":27913,"value":" "},{"id":87958,"value":[]},{"id":45932,"value":[]}]','approved',null,null,null,null,null,null,null,null,null,null,null,'frontend','2019-06-11 10:59:32' );
INSERT INTO wp_bookly_appointments ( id,location_id,staff_id,staff_any,service_id,custom_service_name,custom_service_price,start_date,end_date,extras_duration,internal_note,google_event_id,google_event_etag,outlook_event_id,outlook_event_change_key,outlook_event_series_id,created_from,created )VALUES( 1014,null,11,0,6,null,null,'2019-07-26 14:00:00','2019-07-26 15:00:00',0,null,null,null,null,null,null,'bookly','2019-06-11 10:59:32' );
INSERT INTO wp_bookly_payments ( id,coupon_id,type,total,tax,paid,paid_type,gateway_price_correction,status,details,created )VALUES( 1014,50,'coupon',0,0,0,'in_full',0.00,'completed','{"items":[{"ca_id":1014,"appointment_date":"2019-07-26 14:00:00","service_name":"Library","service_price":90,"service_tax":"11.70","wait_listed":false,"deposit_format":null,"number_of_persons":1,"units":"1","duration":"3600","staff_name":"Library","extras":[]}],"coupon":{"code":"Pt_huge","discount":100,"deduction":"0.00"},"subtotal":{"price":180,"deposit":0},"customer":"Melanie Fortiz","tax_in_price":"excluded","tax_paid":"0.00","extras_multiply_nop":1}','2019-06-11 10:59:32' );
INSERT INTO wp_bookly_customer_appointments ( id,series_id,package_id,customer_id,appointment_id,payment_id,number_of_persons,units,notes,extras,extras_multiply_nop,extras_consider_duration,custom_fields,status,status_changed_at,token,time_zone,time_zone_offset,rating,rating_comment,locale,collaborative_service_id,collaborative_token,compound_service_id,compound_token,created_from,created )VALUES( 1014,null,null,1011,1014,1014,1,1,'','[]',1,1,'[{"id":43107,"value":"Darren Ho Shing"},{"id":51989,"value":"Wedding"},{"id":27913,"value":""},{"id":72188,"value":["I agree to <a href="https:\/\/www.mintroom.ca\/Terms_and_Conditions.pdf?v=11122018" target="_blank">Terms and Conditions<\/a>"]},{"id":85555,"value":["I agree there will be no more than 10 guests in the room per booking"]},{"id":27913,"value":" "},{"id":87958,"value":[]},{"id":45932,"value":[]}]','approved',null,null,null,null,null,null,null,null,null,null,null,'frontend','2019-06-11 10:59:32' );
INSERT INTO wp_bookly_appointments ( id,location_id,staff_id,staff_any,service_id,custom_service_name,custom_service_price,start_date,end_date,extras_duration,internal_note,google_event_id,google_event_etag,outlook_event_id,outlook_event_change_key,outlook_event_series_id,created_from,created )VALUES( 1015,null,10,0,5,null,null,'2019-07-26 13:00:00','2019-07-26 14:00:00',0,null,null,null,null,null,null,'bookly','2019-06-11 10:59:32' );
INSERT INTO wp_bookly_appointments ( id,location_id,staff_id,staff_any,service_id,custom_service_name,custom_service_price,start_date,end_date,extras_duration,internal_note,google_event_id,google_event_etag,outlook_event_id,outlook_event_change_key,outlook_event_series_id,created_from,created )VALUES( 3015,null,13,0,8,null,null,'2019-07-26 13:00:00','2019-07-26 14:00:00',0,null,null,null,null,null,null,'bookly','2019-06-11 10:59:32' );
INSERT INTO wp_bookly_appointments ( id,location_id,staff_id,staff_any,service_id,custom_service_name,custom_service_price,start_date,end_date,extras_duration,internal_note,google_event_id,google_event_etag,outlook_event_id,outlook_event_change_key,outlook_event_series_id,created_from,created )VALUES( 4015,null,14,0,9,null,null,'2019-07-26 13:00:00','2019-07-26 14:00:00',0,null,null,null,null,null,null,'bookly','2019-06-11 10:59:32' );
INSERT INTO wp_bookly_customer_appointments ( id,series_id,package_id,customer_id,appointment_id,payment_id,number_of_persons,units,notes,extras,extras_multiply_nop,extras_consider_duration,custom_fields,status,status_changed_at,token,time_zone,time_zone_offset,rating,rating_comment,locale,collaborative_service_id,collaborative_token,compound_service_id,compound_token,created_from,created )VALUES( 1015,null,null,1011,1015,1015,1,1,'','[]',1,1,'[{"id":43107,"value":"Derrel Ho Shing"},{"id":51989,"value":"Wedding"},{"id":27913,"value":""},{"id":72188,"value":["I agree to <a href="https:\/\/www.mintroom.ca\/Terms_and_Conditions.pdf?v=11122018" target="_blank">Terms and Conditions<\/a>"]},{"id":85555,"value":["I agree there will be no more than 10 guests in the room per booking"]},{"id":27913,"value":" "},{"id":87958,"value":[]},{"id":45932,"value":[]}]','approved',null,null,null,null,null,null,null,null,null,null,null,'frontend','2019-06-11 10:59:32' );
INSERT INTO wp_bookly_appointments ( id,location_id,staff_id,staff_any,service_id,custom_service_name,custom_service_price,start_date,end_date,extras_duration,internal_note,google_event_id,google_event_etag,outlook_event_id,outlook_event_change_key,outlook_event_series_id,created_from,created )VALUES( 1016,null,10,0,5,null,null,'2019-07-26 14:00:00','2019-07-26 15:00:00',0,null,null,null,null,null,null,'bookly','2019-06-11 10:59:32' );
INSERT INTO wp_bookly_appointments ( id,location_id,staff_id,staff_any,service_id,custom_service_name,custom_service_price,start_date,end_date,extras_duration,internal_note,google_event_id,google_event_etag,outlook_event_id,outlook_event_change_key,outlook_event_series_id,created_from,created )VALUES( 3016,null,13,0,8,null,null,'2019-07-26 14:00:00','2019-07-26 15:00:00',0,null,null,null,null,null,null,'bookly','2019-06-11 10:59:32' );
INSERT INTO wp_bookly_appointments ( id,location_id,staff_id,staff_any,service_id,custom_service_name,custom_service_price,start_date,end_date,extras_duration,internal_note,google_event_id,google_event_etag,outlook_event_id,outlook_event_change_key,outlook_event_series_id,created_from,created )VALUES( 4016,null,14,0,9,null,null,'2019-07-26 14:00:00','2019-07-26 15:00:00',0,null,null,null,null,null,null,'bookly','2019-06-11 10:59:32' );
INSERT INTO wp_bookly_customer_appointments ( id,series_id,package_id,customer_id,appointment_id,payment_id,number_of_persons,units,notes,extras,extras_multiply_nop,extras_consider_duration,custom_fields,status,status_changed_at,token,time_zone,time_zone_offset,rating,rating_comment,locale,collaborative_service_id,collaborative_token,compound_service_id,compound_token,created_from,created )VALUES( 1016,null,null,1011,1016,1016,1,1,'','[]',1,1,'[{"id":43107,"value":"Derrel Ho Shing"},{"id":51989,"value":"Wedding"},{"id":27913,"value":""},{"id":72188,"value":["I agree to <a href="https:\/\/www.mintroom.ca\/Terms_and_Conditions.pdf?v=11122018" target="_blank">Terms and Conditions<\/a>"]},{"id":85555,"value":["I agree there will be no more than 10 guests in the room per booking"]},{"id":27913,"value":" "},{"id":87958,"value":[]},{"id":45932,"value":[]}]','approved',null,null,null,null,null,null,null,null,null,null,null,'frontend','2019-06-11 10:59:32' );
INSERT INTO wp_bookly_appointments ( id,location_id,staff_id,staff_any,service_id,custom_service_name,custom_service_price,start_date,end_date,extras_duration,internal_note,google_event_id,google_event_etag,outlook_event_id,outlook_event_change_key,outlook_event_series_id,created_from,created )VALUES( 1017,null,9,0,4,null,null,'2019-11-09 15:00:00','2019-11-09 16:00:00',0,null,null,null,null,null,null,'bookly','2019-06-11 10:59:32' );
INSERT INTO wp_bookly_customers ( id,wp_user_id,facebook_id,group_id,full_name,first_name,last_name,phone,email,birthday,country,state,postcode,city,street,street_number,additional_address,notes,info_fields,credit,created )VALUES( 1017,null,null,null,'Samantha Moreira','Samantha Moreira','','n/a','samantha.moreira@live.ca*',null,'','','','','','','','',null,0,'2019-06-11 10:59:32' );
INSERT INTO wp_bookly_payments ( id,coupon_id,type,total,tax,paid,paid_type,gateway_price_correction,status,details,created )VALUES( 1017,50,'coupon',0,0,0,'in_full',0.00,'completed','{"items":[{"ca_id":1017,"appointment_date":"2019-11-09 15:00:00","service_name":"Ballroom","service_price":90,"service_tax":"11.70","wait_listed":false,"deposit_format":null,"number_of_persons":1,"units":"1","duration":"3600","staff_name":"Ballroom","extras":[]}],"coupon":{"code":"PT_HUGE","discount":100,"deduction":"0.00"},"subtotal":{"price":180,"deposit":0},"customer":"Samantha Moreira","tax_in_price":"excluded","tax_paid":"0.00","extras_multiply_nop":1}','2019-06-11 10:59:32' );
INSERT INTO wp_bookly_customer_appointments ( id,series_id,package_id,customer_id,appointment_id,payment_id,number_of_persons,units,notes,extras,extras_multiply_nop,extras_consider_duration,custom_fields,status,status_changed_at,token,time_zone,time_zone_offset,rating,rating_comment,locale,collaborative_service_id,collaborative_token,compound_service_id,compound_token,created_from,created )VALUES( 1017,null,null,1017,1017,1017,1,1,'','[]',1,1,'[{"id":43107,"value":"Michael Fantauzzi"},{"id":51989,"value":"Wedding"},{"id":27913,"value":""},{"id":72188,"value":["I agree to <a href="https:\/\/www.mintroom.ca\/Terms_and_Conditions.pdf?v=11122018" target="_blank">Terms and Conditions<\/a>"]},{"id":85555,"value":["I agree there will be no more than 10 guests in the room per booking"]},{"id":27913,"value":" "},{"id":87958,"value":[]},{"id":45932,"value":[]}]','approved',null,null,null,null,null,null,null,null,null,null,null,'frontend','2019-06-11 10:59:32' );
INSERT INTO wp_bookly_appointments ( id,location_id,staff_id,staff_any,service_id,custom_service_name,custom_service_price,start_date,end_date,extras_duration,internal_note,google_event_id,google_event_etag,outlook_event_id,outlook_event_change_key,outlook_event_series_id,created_from,created )VALUES( 1018,null,9,0,4,null,null,'2019-11-09 16:00:00','2019-11-09 17:00:00',0,null,null,null,null,null,null,'bookly','2019-06-11 10:59:32' );
INSERT INTO wp_bookly_payments ( id,coupon_id,type,total,tax,paid,paid_type,gateway_price_correction,status,details,created )VALUES( 1018,50,'coupon',0,0,0,'in_full',0.00,'completed','{"items":[{"ca_id":1018,"appointment_date":"2019-11-09 16:00:00","service_name":"Ballroom","service_price":90,"service_tax":"11.70","wait_listed":false,"deposit_format":null,"number_of_persons":1,"units":"1","duration":"3600","staff_name":"Ballroom","extras":[]}],"coupon":{"code":"PT_HUGE","discount":100,"deduction":"0.00"},"subtotal":{"price":180,"deposit":0},"customer":"Samantha Moreira","tax_in_price":"excluded","tax_paid":"0.00","extras_multiply_nop":1}','2019-06-11 10:59:32' );
INSERT INTO wp_bookly_customer_appointments ( id,series_id,package_id,customer_id,appointment_id,payment_id,number_of_persons,units,notes,extras,extras_multiply_nop,extras_consider_duration,custom_fields,status,status_changed_at,token,time_zone,time_zone_offset,rating,rating_comment,locale,collaborative_service_id,collaborative_token,compound_service_id,compound_token,created_from,created )VALUES( 1018,null,null,1017,1018,1018,1,1,'','[]',1,1,'[{"id":43107,"value":"Michael Fantauzzi"},{"id":51989,"value":"Wedding"},{"id":27913,"value":""},{"id":72188,"value":["I agree to <a href="https:\/\/www.mintroom.ca\/Terms_and_Conditions.pdf?v=11122018" target="_blank">Terms and Conditions<\/a>"]},{"id":85555,"value":["I agree there will be no more than 10 guests in the room per booking"]},{"id":27913,"value":" "},{"id":87958,"value":[]},{"id":45932,"value":[]}]','approved',null,null,null,null,null,null,null,null,null,null,null,'frontend','2019-06-11 10:59:32' );
INSERT INTO wp_bookly_appointments ( id,location_id,staff_id,staff_any,service_id,custom_service_name,custom_service_price,start_date,end_date,extras_duration,internal_note,google_event_id,google_event_etag,outlook_event_id,outlook_event_change_key,outlook_event_series_id,created_from,created )VALUES( 1019,null,11,0,6,null,null,'2019-11-09 16:00:00','2019-11-09 17:00:00',0,null,null,null,null,null,null,'bookly','2019-06-11 10:59:32' );
INSERT INTO wp_bookly_payments ( id,coupon_id,type,total,tax,paid,paid_type,gateway_price_correction,status,details,created )VALUES( 1019,50,'coupon',0,0,0,'in_full',0.00,'completed','{"items":[{"ca_id":1019,"appointment_date":"2019-11-09 16:00:00","service_name":"Library","service_price":90,"service_tax":"11.70","wait_listed":false,"deposit_format":null,"number_of_persons":1,"units":"1","duration":"3600","staff_name":"Library","extras":[]}],"coupon":{"code":"PT_HUGE","discount":100,"deduction":"0.00"},"subtotal":{"price":180,"deposit":0},"customer":"Samantha Moreira","tax_in_price":"excluded","tax_paid":"0.00","extras_multiply_nop":1}','2019-06-11 10:59:32' );
INSERT INTO wp_bookly_customer_appointments ( id,series_id,package_id,customer_id,appointment_id,payment_id,number_of_persons,units,notes,extras,extras_multiply_nop,extras_consider_duration,custom_fields,status,status_changed_at,token,time_zone,time_zone_offset,rating,rating_comment,locale,collaborative_service_id,collaborative_token,compound_service_id,compound_token,created_from,created )VALUES( 1019,null,null,1017,1019,1019,1,1,'','[]',1,1,'[{"id":43107,"value":"Michael Fantauzzi"},{"id":51989,"value":"Wedding"},{"id":27913,"value":""},{"id":72188,"value":["I agree to <a href="https:\/\/www.mintroom.ca\/Terms_and_Conditions.pdf?v=11122018" target="_blank">Terms and Conditions<\/a>"]},{"id":85555,"value":["I agree there will be no more than 10 guests in the room per booking"]},{"id":27913,"value":" "},{"id":87958,"value":[]},{"id":45932,"value":[]}]','approved',null,null,null,null,null,null,null,null,null,null,null,'frontend','2019-06-11 10:59:32' );
INSERT INTO wp_bookly_appointments ( id,location_id,staff_id,staff_any,service_id,custom_service_name,custom_service_price,start_date,end_date,extras_duration,internal_note,google_event_id,google_event_etag,outlook_event_id,outlook_event_change_key,outlook_event_series_id,created_from,created )VALUES( 1020,null,12,0,7,null,null,'2019-07-20 13:00:00','2019-07-20 14:00:00',0,null,null,null,null,null,null,'bookly','2019-06-11 10:59:32' );
INSERT INTO wp_bookly_customers ( id,wp_user_id,facebook_id,group_id,full_name,first_name,last_name,phone,email,birthday,country,state,postcode,city,street,street_number,additional_address,notes,info_fields,credit,created )VALUES( 1020,null,null,null,'Chantal Armali','Chantal Armali','','4165714343','chantalarmali@gmail.com*',null,'','','','','','','','',null,0,'2019-06-11 10:59:32' );
INSERT INTO wp_bookly_payments ( id,coupon_id,type,total,tax,paid,paid_type,gateway_price_correction,status,details,created )VALUES( 1020,null,'stripe',305.1,35.1,305.1,'in_full',0.00,'completed','{"items":[{"ca_id":1020,"appointment_date":"2019-07-20 13:00:00","service_name":"Lounge","service_price":90,"service_tax":"11.70","wait_listed":false,"deposit_format":null,"number_of_persons":1,"units":"1","duration":"3600","staff_name":"Lounge","extras":[]}],"coupon":null,"subtotal":{"price":270,"deposit":0},"customer":"Chantal Armali","tax_in_price":"excluded","tax_paid":"35.10","extras_multiply_nop":1}','2019-06-11 10:59:32' );
INSERT INTO wp_bookly_customer_appointments ( id,series_id,package_id,customer_id,appointment_id,payment_id,number_of_persons,units,notes,extras,extras_multiply_nop,extras_consider_duration,custom_fields,status,status_changed_at,token,time_zone,time_zone_offset,rating,rating_comment,locale,collaborative_service_id,collaborative_token,compound_service_id,compound_token,created_from,created )VALUES( 1020,null,null,1020,1020,1020,1,1,'','[]',1,1,'[{"id":43107,"value":"Martin O"},{"id":51989,"value":"Wedding"},{"id":27913,"value":""},{"id":72188,"value":["I agree to <a href="https:\/\/www.mintroom.ca\/Terms_and_Conditions.pdf?v=11122018" target="_blank">Terms and Conditions<\/a>"]},{"id":85555,"value":["I agree there will be no more than 10 guests in the room per booking"]},{"id":27913,"value":" "},{"id":87958,"value":[]},{"id":45932,"value":[]}]','approved',null,null,null,null,null,null,null,null,null,null,null,'frontend','2019-06-11 10:59:32' );
INSERT INTO wp_bookly_appointments ( id,location_id,staff_id,staff_any,service_id,custom_service_name,custom_service_price,start_date,end_date,extras_duration,internal_note,google_event_id,google_event_etag,outlook_event_id,outlook_event_change_key,outlook_event_series_id,created_from,created )VALUES( 1021,null,12,0,7,null,null,'2019-07-20 14:00:00','2019-07-20 15:00:00',0,null,null,null,null,null,null,'bookly','2019-06-11 10:59:32' );
INSERT INTO wp_bookly_payments ( id,coupon_id,type,total,tax,paid,paid_type,gateway_price_correction,status,details,created )VALUES( 1021,null,'stripe',305.1,35.1,305.1,'in_full',0.00,'completed','{"items":[{"ca_id":1021,"appointment_date":"2019-07-20 14:00:00","service_name":"Lounge","service_price":90,"service_tax":"11.70","wait_listed":false,"deposit_format":null,"number_of_persons":1,"units":"1","duration":"3600","staff_name":"Lounge","extras":[]}],"coupon":null,"subtotal":{"price":270,"deposit":0},"customer":"Chantal Armali","tax_in_price":"excluded","tax_paid":"35.10","extras_multiply_nop":1}','2019-06-11 10:59:32' );
INSERT INTO wp_bookly_customer_appointments ( id,series_id,package_id,customer_id,appointment_id,payment_id,number_of_persons,units,notes,extras,extras_multiply_nop,extras_consider_duration,custom_fields,status,status_changed_at,token,time_zone,time_zone_offset,rating,rating_comment,locale,collaborative_service_id,collaborative_token,compound_service_id,compound_token,created_from,created )VALUES( 1021,null,null,1020,1021,1021,1,1,'','[]',1,1,'[{"id":43107,"value":"Martin O"},{"id":51989,"value":"Wedding"},{"id":27913,"value":""},{"id":72188,"value":["I agree to <a href="https:\/\/www.mintroom.ca\/Terms_and_Conditions.pdf?v=11122018" target="_blank">Terms and Conditions<\/a>"]},{"id":85555,"value":["I agree there will be no more than 10 guests in the room per booking"]},{"id":27913,"value":" "},{"id":87958,"value":[]},{"id":45932,"value":[]}]','approved',null,null,null,null,null,null,null,null,null,null,null,'frontend','2019-06-11 10:59:32' );
INSERT INTO wp_bookly_appointments ( id,location_id,staff_id,staff_any,service_id,custom_service_name,custom_service_price,start_date,end_date,extras_duration,internal_note,google_event_id,google_event_etag,outlook_event_id,outlook_event_change_key,outlook_event_series_id,created_from,created )VALUES( 1022,null,12,0,7,null,null,'2019-07-20 15:00:00','2019-07-20 16:00:00',0,null,null,null,null,null,null,'bookly','2019-06-11 10:59:32' );
INSERT INTO wp_bookly_payments ( id,coupon_id,type,total,tax,paid,paid_type,gateway_price_correction,status,details,created )VALUES( 1022,null,'stripe',305.1,35.1,305.1,'in_full',0.00,'completed','{"items":[{"ca_id":1022,"appointment_date":"2019-07-20 15:00:00","service_name":"Lounge","service_price":90,"service_tax":"11.70","wait_listed":false,"deposit_format":null,"number_of_persons":1,"units":"1","duration":"3600","staff_name":"Lounge","extras":[]}],"coupon":null,"subtotal":{"price":270,"deposit":0},"customer":"Chantal Armali","tax_in_price":"excluded","tax_paid":"35.10","extras_multiply_nop":1}','2019-06-11 10:59:32' );
INSERT INTO wp_bookly_customer_appointments ( id,series_id,package_id,customer_id,appointment_id,payment_id,number_of_persons,units,notes,extras,extras_multiply_nop,extras_consider_duration,custom_fields,status,status_changed_at,token,time_zone,time_zone_offset,rating,rating_comment,locale,collaborative_service_id,collaborative_token,compound_service_id,compound_token,created_from,created )VALUES( 1022,null,null,1020,1022,1022,1,1,'','[]',1,1,'[{"id":43107,"value":"Martin O"},{"id":51989,"value":"Wedding"},{"id":27913,"value":""},{"id":72188,"value":["I agree to <a href="https:\/\/www.mintroom.ca\/Terms_and_Conditions.pdf?v=11122018" target="_blank">Terms and Conditions<\/a>"]},{"id":85555,"value":["I agree there will be no more than 10 guests in the room per booking"]},{"id":27913,"value":" "},{"id":87958,"value":[]},{"id":45932,"value":[]}]','approved',null,null,null,null,null,null,null,null,null,null,null,'frontend','2019-06-11 10:59:32' );
INSERT INTO wp_bookly_appointments ( id,location_id,staff_id,staff_any,service_id,custom_service_name,custom_service_price,start_date,end_date,extras_duration,internal_note,google_event_id,google_event_etag,outlook_event_id,outlook_event_change_key,outlook_event_series_id,created_from,created )VALUES( 1023,null,11,0,6,null,null,'2019-07-20 14:00:00','2019-07-20 15:00:00',0,null,null,null,null,null,null,'bookly','2019-06-11 10:59:32' );
INSERT INTO wp_bookly_payments ( id,coupon_id,type,total,tax,paid,paid_type,gateway_price_correction,status,details,created )VALUES( 1023,null,'stripe',101.7,11.7,101.7,'in_full',0.00,'completed','{"items":[{"ca_id":1023,"appointment_date":"2019-07-20 14:00:00","service_name":"Library","service_price":90,"service_tax":"11.70","wait_listed":false,"deposit_format":null,"number_of_persons":1,"units":"1","duration":"3600","staff_name":"Library","extras":[]}],"coupon":null,"subtotal":{"price":90,"deposit":0},"customer":"Chantal Armali","tax_in_price":"excluded","tax_paid":"11.70","extras_multiply_nop":1}','2019-06-11 10:59:32' );
INSERT INTO wp_bookly_customer_appointments ( id,series_id,package_id,customer_id,appointment_id,payment_id,number_of_persons,units,notes,extras,extras_multiply_nop,extras_consider_duration,custom_fields,status,status_changed_at,token,time_zone,time_zone_offset,rating,rating_comment,locale,collaborative_service_id,collaborative_token,compound_service_id,compound_token,created_from,created )VALUES( 1023,null,null,1020,1023,1023,1,1,'','[]',1,1,'[{"id":43107,"value":"Martin O"},{"id":51989,"value":"Wedding"},{"id":27913,"value":""},{"id":72188,"value":["I agree to <a href="https:\/\/www.mintroom.ca\/Terms_and_Conditions.pdf?v=11122018" target="_blank">Terms and Conditions<\/a>"]},{"id":85555,"value":["I agree there will be no more than 10 guests in the room per booking"]},{"id":27913,"value":" "},{"id":87958,"value":[]},{"id":45932,"value":[]}]','approved',null,null,null,null,null,null,null,null,null,null,null,'frontend','2019-06-11 10:59:32' );
INSERT INTO wp_bookly_appointments ( id,location_id,staff_id,staff_any,service_id,custom_service_name,custom_service_price,start_date,end_date,extras_duration,internal_note,google_event_id,google_event_etag,outlook_event_id,outlook_event_change_key,outlook_event_series_id,created_from,created )VALUES( 1024,null,9,0,4,null,null,'2019-07-20 13:00:00','2019-07-20 14:00:00',0,null,null,null,null,null,null,'bookly','2019-06-11 10:59:32' );
INSERT INTO wp_bookly_payments ( id,coupon_id,type,total,tax,paid,paid_type,gateway_price_correction,status,details,created )VALUES( 1024,null,'stripe',101.7,11.7,101.7,'in_full',0.00,'completed','{"items":[{"ca_id":1024,"appointment_date":"2019-07-20 13:00:00","service_name":"Ballroom","service_price":90,"service_tax":"11.70","wait_listed":false,"deposit_format":null,"number_of_persons":1,"units":"1","duration":"3600","staff_name":"Ballroom","extras":[]}],"coupon":null,"subtotal":{"price":90,"deposit":0},"customer":"Chantal Armali","tax_in_price":"excluded","tax_paid":"11.70","extras_multiply_nop":1}','2019-06-11 10:59:32' );
INSERT INTO wp_bookly_customer_appointments ( id,series_id,package_id,customer_id,appointment_id,payment_id,number_of_persons,units,notes,extras,extras_multiply_nop,extras_consider_duration,custom_fields,status,status_changed_at,token,time_zone,time_zone_offset,rating,rating_comment,locale,collaborative_service_id,collaborative_token,compound_service_id,compound_token,created_from,created )VALUES( 1024,null,null,1020,1024,1024,1,1,'','[]',1,1,'[{"id":43107,"value":"Martin O"},{"id":51989,"value":"Wedding"},{"id":27913,"value":""},{"id":72188,"value":["I agree to <a href="https:\/\/www.mintroom.ca\/Terms_and_Conditions.pdf?v=11122018" target="_blank">Terms and Conditions<\/a>"]},{"id":85555,"value":["I agree there will be no more than 10 guests in the room per booking"]},{"id":27913,"value":" "},{"id":87958,"value":[]},{"id":45932,"value":[]}]','approved',null,null,null,null,null,null,null,null,null,null,null,'frontend','2019-06-11 10:59:32' );
INSERT INTO wp_bookly_appointments ( id,location_id,staff_id,staff_any,service_id,custom_service_name,custom_service_price,start_date,end_date,extras_duration,internal_note,google_event_id,google_event_etag,outlook_event_id,outlook_event_change_key,outlook_event_series_id,created_from,created )VALUES( 1025,null,9,0,4,null,null,'2019-07-20 15:00:00','2019-07-20 16:00:00',0,null,null,null,null,null,null,'bookly','2019-06-11 10:59:32' );
INSERT INTO wp_bookly_payments ( id,coupon_id,type,total,tax,paid,paid_type,gateway_price_correction,status,details,created )VALUES( 1025,null,'stripe',101.7,11.7,101.7,'in_full',0.00,'completed','{"items":[{"ca_id":1025,"appointment_date":"2019-07-20 15:00:00","service_name":"Ballroom","service_price":90,"service_tax":"11.70","wait_listed":false,"deposit_format":null,"number_of_persons":1,"units":"1","duration":"3600","staff_name":"Ballroom","extras":[]}],"coupon":null,"subtotal":{"price":90,"deposit":0},"customer":"Chantal Armali","tax_in_price":"excluded","tax_paid":"11.70","extras_multiply_nop":1}','2019-06-11 10:59:32' );
INSERT INTO wp_bookly_customer_appointments ( id,series_id,package_id,customer_id,appointment_id,payment_id,number_of_persons,units,notes,extras,extras_multiply_nop,extras_consider_duration,custom_fields,status,status_changed_at,token,time_zone,time_zone_offset,rating,rating_comment,locale,collaborative_service_id,collaborative_token,compound_service_id,compound_token,created_from,created )VALUES( 1025,null,null,1020,1025,1025,1,1,'','[]',1,1,'[{"id":43107,"value":"Martin O "},{"id":51989,"value":"Wedding"},{"id":27913,"value":""},{"id":72188,"value":["I agree to <a href="https:\/\/www.mintroom.ca\/Terms_and_Conditions.pdf?v=11122018" target="_blank">Terms and Conditions<\/a>"]},{"id":85555,"value":["I agree there will be no more than 10 guests in the room per booking"]},{"id":27913,"value":" "},{"id":87958,"value":[]},{"id":45932,"value":[]}]','approved',null,null,null,null,null,null,null,null,null,null,null,'frontend','2019-06-11 10:59:32' );
INSERT INTO wp_bookly_appointments ( id,location_id,staff_id,staff_any,service_id,custom_service_name,custom_service_price,start_date,end_date,extras_duration,internal_note,google_event_id,google_event_etag,outlook_event_id,outlook_event_change_key,outlook_event_series_id,created_from,created )VALUES( 1026,null,9,0,4,null,null,'2019-08-24 13:00:00','2019-08-24 14:00:00',0,null,null,null,null,null,null,'bookly','2019-06-11 10:59:32' );
INSERT INTO wp_bookly_customers ( id,wp_user_id,facebook_id,group_id,full_name,first_name,last_name,phone,email,birthday,country,state,postcode,city,street,street_number,additional_address,notes,info_fields,credit,created )VALUES( 1026,null,null,null,'Sarah Cimicata','Sarah Cimicata','','6478838928','sarah.cimicata@gmail.com*',null,'','','','','','','','',null,0,'2019-06-11 10:59:32' );
INSERT INTO wp_bookly_payments ( id,coupon_id,type,total,tax,paid,paid_type,gateway_price_correction,status,details,created )VALUES( 1026,null,'stripe',101.7,11.7,101.7,'in_full',0.00,'completed','{"items":[{"ca_id":1026,"appointment_date":"2019-08-24 13:00:00","service_name":"Ballroom","service_price":90,"service_tax":"11.70","wait_listed":false,"deposit_format":null,"number_of_persons":1,"units":"1","duration":"3600","staff_name":"Ballroom","extras":[]}],"coupon":null,"subtotal":{"price":90,"deposit":0},"customer":"Sarah Cimicata","tax_in_price":"excluded","tax_paid":"11.70","extras_multiply_nop":1}','2019-06-11 10:59:32' );
INSERT INTO wp_bookly_customer_appointments ( id,series_id,package_id,customer_id,appointment_id,payment_id,number_of_persons,units,notes,extras,extras_multiply_nop,extras_consider_duration,custom_fields,status,status_changed_at,token,time_zone,time_zone_offset,rating,rating_comment,locale,collaborative_service_id,collaborative_token,compound_service_id,compound_token,created_from,created )VALUES( 1026,null,null,1026,1026,1026,1,1,'','[]',1,1,'[{"id":43107,"value":"Marlee Maclean"},{"id":51989,"value":"Wedding"},{"id":27913,"value":""},{"id":72188,"value":["I agree to <a href="https:\/\/www.mintroom.ca\/Terms_and_Conditions.pdf?v=11122018" target="_blank">Terms and Conditions<\/a>"]},{"id":85555,"value":["I agree there will be no more than 10 guests in the room per booking"]},{"id":27913,"value":" "},{"id":87958,"value":[]},{"id":45932,"value":[]}]','approved',null,null,null,null,null,null,null,null,null,null,null,'frontend','2019-06-11 10:59:32' );
INSERT INTO wp_bookly_appointments ( id,location_id,staff_id,staff_any,service_id,custom_service_name,custom_service_price,start_date,end_date,extras_duration,internal_note,google_event_id,google_event_etag,outlook_event_id,outlook_event_change_key,outlook_event_series_id,created_from,created )VALUES( 1027,null,11,0,6,null,null,'2019-08-24 14:00:00','2019-08-24 15:00:00',0,null,null,null,null,null,null,'bookly','2019-06-11 10:59:32' );
INSERT INTO wp_bookly_payments ( id,coupon_id,type,total,tax,paid,paid_type,gateway_price_correction,status,details,created )VALUES( 1027,null,'stripe',101.7,11.7,101.7,'in_full',0.00,'completed','{"items":[{"ca_id":1027,"appointment_date":"2019-08-24 14:00:00","service_name":"Library","service_price":90,"service_tax":"11.70","wait_listed":false,"deposit_format":null,"number_of_persons":1,"units":"1","duration":"3600","staff_name":"Library","extras":[]}],"coupon":null,"subtotal":{"price":90,"deposit":0},"customer":"Sarah Cimicata","tax_in_price":"excluded","tax_paid":"11.70","extras_multiply_nop":1}','2019-06-11 10:59:32' );
INSERT INTO wp_bookly_customer_appointments ( id,series_id,package_id,customer_id,appointment_id,payment_id,number_of_persons,units,notes,extras,extras_multiply_nop,extras_consider_duration,custom_fields,status,status_changed_at,token,time_zone,time_zone_offset,rating,rating_comment,locale,collaborative_service_id,collaborative_token,compound_service_id,compound_token,created_from,created )VALUES( 1027,null,null,1026,1027,1027,1,1,'','[]',1,1,'[{"id":43107,"value":"Marlee Maclean"},{"id":51989,"value":"Wedding"},{"id":27913,"value":""},{"id":72188,"value":["I agree to <a href="https:\/\/www.mintroom.ca\/Terms_and_Conditions.pdf?v=11122018" target="_blank">Terms and Conditions<\/a>"]},{"id":85555,"value":["I agree there will be no more than 10 guests in the room per booking"]},{"id":27913,"value":" "},{"id":87958,"value":[]},{"id":45932,"value":[]}]','approved',null,null,null,null,null,null,null,null,null,null,null,'frontend','2019-06-11 10:59:32' );
INSERT INTO wp_bookly_appointments ( id,location_id,staff_id,staff_any,service_id,custom_service_name,custom_service_price,start_date,end_date,extras_duration,internal_note,google_event_id,google_event_etag,outlook_event_id,outlook_event_change_key,outlook_event_series_id,created_from,created )VALUES( 1028,null,9,0,4,null,null,'2019-07-27 15:00:00','2019-07-27 16:00:00',0,null,null,null,null,null,null,'bookly','2019-06-11 10:59:32' );
INSERT INTO wp_bookly_customers ( id,wp_user_id,facebook_id,group_id,full_name,first_name,last_name,phone,email,birthday,country,state,postcode,city,street,street_number,additional_address,notes,info_fields,credit,created )VALUES( 1028,null,null,null,'Sara Zollo','Sara Zollo','','647-294-6393','sarazollo3@gmail.com*',null,'','','','','','','','',null,0,'2019-06-11 10:59:32' );
INSERT INTO wp_bookly_payments ( id,coupon_id,type,total,tax,paid,paid_type,gateway_price_correction,status,details,created )VALUES( 1028,50,'coupon',0,0,0,'in_full',0.00,'completed','{"items":[{"ca_id":1028,"appointment_date":"2019-07-27 15:00:00","service_name":"Ballroom","service_price":90,"service_tax":"11.70","wait_listed":false,"deposit_format":null,"number_of_persons":1,"units":"1","duration":"3600","staff_name":"Ballroom","extras":[]}],"coupon":{"code":"PT_HUGE","discount":100,"deduction":"0.00"},"subtotal":{"price":90,"deposit":0},"customer":"Sara Zollo","tax_in_price":"excluded","tax_paid":"0.00","extras_multiply_nop":1}','2019-06-11 10:59:32' );
INSERT INTO wp_bookly_customer_appointments ( id,series_id,package_id,customer_id,appointment_id,payment_id,number_of_persons,units,notes,extras,extras_multiply_nop,extras_consider_duration,custom_fields,status,status_changed_at,token,time_zone,time_zone_offset,rating,rating_comment,locale,collaborative_service_id,collaborative_token,compound_service_id,compound_token,created_from,created )VALUES( 1028,null,null,1028,1028,1028,1,1,'','[]',1,1,'[{"id":43107,"value":"Purple Tree"},{"id":51989,"value":"Wedding"},{"id":27913,"value":""},{"id":72188,"value":["I agree to <a href="https:\/\/www.mintroom.ca\/Terms_and_Conditions.pdf?v=11122018" target="_blank">Terms and Conditions<\/a>"]},{"id":85555,"value":["I agree there will be no more than 10 guests in the room per booking"]},{"id":27913,"value":" "},{"id":87958,"value":[]},{"id":45932,"value":[]}]','approved',null,null,null,null,null,null,null,null,null,null,null,'frontend','2019-06-11 10:59:32' );
INSERT INTO wp_bookly_appointments ( id,location_id,staff_id,staff_any,service_id,custom_service_name,custom_service_price,start_date,end_date,extras_duration,internal_note,google_event_id,google_event_etag,outlook_event_id,outlook_event_change_key,outlook_event_series_id,created_from,created )VALUES( 1029,null,11,0,6,null,null,'2019-07-27 14:00:00','2019-07-27 15:00:00',0,null,null,null,null,null,null,'bookly','2019-06-11 10:59:32' );
INSERT INTO wp_bookly_payments ( id,coupon_id,type,total,tax,paid,paid_type,gateway_price_correction,status,details,created )VALUES( 1029,50,'coupon',0,0,0,'in_full',0.00,'completed','{"items":[{"ca_id":1029,"appointment_date":"2019-07-27 14:00:00","service_name":"Library","service_price":90,"service_tax":"11.70","wait_listed":false,"deposit_format":null,"number_of_persons":1,"units":"1","duration":"3600","staff_name":"Library","extras":[]}],"coupon":{"code":"PT_HUGE","discount":100,"deduction":"0.00"},"subtotal":{"price":90,"deposit":0},"customer":"Sara Zollo","tax_in_price":"excluded","tax_paid":"0.00","extras_multiply_nop":1}','2019-06-11 10:59:32' );
INSERT INTO wp_bookly_customer_appointments ( id,series_id,package_id,customer_id,appointment_id,payment_id,number_of_persons,units,notes,extras,extras_multiply_nop,extras_consider_duration,custom_fields,status,status_changed_at,token,time_zone,time_zone_offset,rating,rating_comment,locale,collaborative_service_id,collaborative_token,compound_service_id,compound_token,created_from,created )VALUES( 1029,null,null,1028,1029,1029,1,1,'','[]',1,1,'[{"id":43107,"value":"Purple Tree"},{"id":51989,"value":"Wedding"},{"id":27913,"value":""},{"id":72188,"value":["I agree to <a href="https:\/\/www.mintroom.ca\/Terms_and_Conditions.pdf?v=11122018" target="_blank">Terms and Conditions<\/a>"]},{"id":85555,"value":["I agree there will be no more than 10 guests in the room per booking"]},{"id":27913,"value":" "},{"id":87958,"value":[]},{"id":45932,"value":[]}]','approved',null,null,null,null,null,null,null,null,null,null,null,'frontend','2019-06-11 10:59:32' );
INSERT INTO wp_bookly_appointments ( id,location_id,staff_id,staff_any,service_id,custom_service_name,custom_service_price,start_date,end_date,extras_duration,internal_note,google_event_id,google_event_etag,outlook_event_id,outlook_event_change_key,outlook_event_series_id,created_from,created )VALUES( 1030,null,11,0,6,null,null,'2019-06-15 14:00:00','2019-06-15 15:00:00',0,null,null,null,null,null,null,'bookly','2019-06-11 10:59:32' );
INSERT INTO wp_bookly_customers ( id,wp_user_id,facebook_id,group_id,full_name,first_name,last_name,phone,email,birthday,country,state,postcode,city,street,street_number,additional_address,notes,info_fields,credit,created )VALUES( 1030,null,null,null,'Amanda Ferreira','Amanda Ferreira','','6472185537','amanda.ferreira@live.ca*',null,'','','','','','','','',null,0,'2019-06-11 10:59:32' );
INSERT INTO wp_bookly_payments ( id,coupon_id,type,total,tax,paid,paid_type,gateway_price_correction,status,details,created )VALUES( 1030,null,'stripe',101.7,11.7,101.7,'in_full',0.00,'completed','{"items":[{"ca_id":1030,"appointment_date":"2019-06-15 14:00:00","service_name":"Library","service_price":90,"service_tax":"11.70","wait_listed":false,"deposit_format":null,"number_of_persons":1,"units":"1","duration":"3600","staff_name":"Library","extras":[]}],"coupon":null,"subtotal":{"price":90,"deposit":0},"customer":"Amanda Ferreira","tax_in_price":"excluded","tax_paid":"11.70","extras_multiply_nop":1}','2019-06-11 10:59:32' );
INSERT INTO wp_bookly_customer_appointments ( id,series_id,package_id,customer_id,appointment_id,payment_id,number_of_persons,units,notes,extras,extras_multiply_nop,extras_consider_duration,custom_fields,status,status_changed_at,token,time_zone,time_zone_offset,rating,rating_comment,locale,collaborative_service_id,collaborative_token,compound_service_id,compound_token,created_from,created )VALUES( 1030,null,null,1030,1030,1030,1,1,'Booking from 2-4pm','[]',1,1,'[{"id":43107,"value":"Helen Keletzis"},{"id":51989,"value":"Wedding"},{"id":27913,"value":""},{"id":72188,"value":["I agree to <a href="https:\/\/www.mintroom.ca\/Terms_and_Conditions.pdf?v=11122018" target="_blank">Terms and Conditions<\/a>"]},{"id":85555,"value":["I agree there will be no more than 10 guests in the room per booking"]},{"id":27913,"value":" "},{"id":87958,"value":[]},{"id":45932,"value":[]}]','approved',null,null,null,null,null,null,null,null,null,null,null,'frontend','2019-06-11 10:59:32' );
INSERT INTO wp_bookly_appointments ( id,location_id,staff_id,staff_any,service_id,custom_service_name,custom_service_price,start_date,end_date,extras_duration,internal_note,google_event_id,google_event_etag,outlook_event_id,outlook_event_change_key,outlook_event_series_id,created_from,created )VALUES( 1031,null,11,0,6,null,null,'2019-06-15 15:00:00','2019-06-15 16:00:00',0,null,null,null,null,null,null,'bookly','2019-06-11 10:59:32' );
INSERT INTO wp_bookly_payments ( id,coupon_id,type,total,tax,paid,paid_type,gateway_price_correction,status,details,created )VALUES( 1031,null,'stripe',101.7,11.7,101.7,'in_full',0.00,'completed','{"items":[{"ca_id":1031,"appointment_date":"2019-06-15 15:00:00","service_name":"Library","service_price":90,"service_tax":"11.70","wait_listed":false,"deposit_format":null,"number_of_persons":1,"units":"1","duration":"3600","staff_name":"Library","extras":[]}],"coupon":null,"subtotal":{"price":90,"deposit":0},"customer":"Amanda Ferreira","tax_in_price":"excluded","tax_paid":"11.70","extras_multiply_nop":1}','2019-06-11 10:59:32' );
INSERT INTO wp_bookly_customer_appointments ( id,series_id,package_id,customer_id,appointment_id,payment_id,number_of_persons,units,notes,extras,extras_multiply_nop,extras_consider_duration,custom_fields,status,status_changed_at,token,time_zone,time_zone_offset,rating,rating_comment,locale,collaborative_service_id,collaborative_token,compound_service_id,compound_token,created_from,created )VALUES( 1031,null,null,1030,1031,1031,1,1,'booked 2-4pm ','[]',1,1,'[{"id":43107,"value":"Helen Keletzis"},{"id":51989,"value":"Wedding"},{"id":27913,"value":""},{"id":72188,"value":["I agree to <a href="https:\/\/www.mintroom.ca\/Terms_and_Conditions.pdf?v=11122018" target="_blank">Terms and Conditions<\/a>"]},{"id":85555,"value":["I agree there will be no more than 10 guests in the room per booking"]},{"id":27913,"value":" "},{"id":87958,"value":[]},{"id":45932,"value":[]}]','approved',null,null,null,null,null,null,null,null,null,null,null,'frontend','2019-06-11 10:59:32' );
INSERT INTO wp_bookly_appointments ( id,location_id,staff_id,staff_any,service_id,custom_service_name,custom_service_price,start_date,end_date,extras_duration,internal_note,google_event_id,google_event_etag,outlook_event_id,outlook_event_change_key,outlook_event_series_id,created_from,created )VALUES( 1032,null,9,0,4,null,null,'2019-06-15 14:00:00','2019-06-15 15:00:00',0,null,null,null,null,null,null,'bookly','2019-06-11 10:59:32' );
INSERT INTO wp_bookly_payments ( id,coupon_id,type,total,tax,paid,paid_type,gateway_price_correction,status,details,created )VALUES( 1032,null,'stripe',101.7,11.7,101.7,'in_full',0.00,'completed','{"items":[{"ca_id":1032,"appointment_date":"2019-06-15 14:00:00","service_name":"Ballroom","service_price":90,"service_tax":"11.70","wait_listed":false,"deposit_format":null,"number_of_persons":1,"units":"1","duration":"3600","staff_name":"Ballroom","extras":[]}],"coupon":null,"subtotal":{"price":90,"deposit":0},"customer":"Amanda Ferreira","tax_in_price":"excluded","tax_paid":"11.70","extras_multiply_nop":1}','2019-06-11 10:59:32' );
INSERT INTO wp_bookly_customer_appointments ( id,series_id,package_id,customer_id,appointment_id,payment_id,number_of_persons,units,notes,extras,extras_multiply_nop,extras_consider_duration,custom_fields,status,status_changed_at,token,time_zone,time_zone_offset,rating,rating_comment,locale,collaborative_service_id,collaborative_token,compound_service_id,compound_token,created_from,created )VALUES( 1032,null,null,1030,1032,1032,1,1,'','[]',1,1,'[{"id":43107,"value":"Helen Keletzis"},{"id":51989,"value":"Wedding"},{"id":27913,"value":""},{"id":72188,"value":["I agree to <a href="https:\/\/www.mintroom.ca\/Terms_and_Conditions.pdf?v=11122018" target="_blank">Terms and Conditions<\/a>"]},{"id":85555,"value":["I agree there will be no more than 10 guests in the room per booking"]},{"id":27913,"value":" "},{"id":87958,"value":[]},{"id":45932,"value":[]}]','approved',null,null,null,null,null,null,null,null,null,null,null,'frontend','2019-06-11 10:59:32' );
INSERT INTO wp_bookly_appointments ( id,location_id,staff_id,staff_any,service_id,custom_service_name,custom_service_price,start_date,end_date,extras_duration,internal_note,google_event_id,google_event_etag,outlook_event_id,outlook_event_change_key,outlook_event_series_id,created_from,created )VALUES( 1033,null,9,0,4,null,null,'2019-06-23 13:00:00','2019-06-23 14:00:00',0,null,null,null,null,null,null,'bookly','2019-06-11 10:59:32' );
INSERT INTO wp_bookly_payments ( id,coupon_id,type,total,tax,paid,paid_type,gateway_price_correction,status,details,created )VALUES( 1033,50,'coupon',0,0,0,'in_full',0.00,'completed','{"items":[{"ca_id":1033,"appointment_date":"2019-06-23 13:00:00","service_name":"Ballroom","service_price":90,"service_tax":"11.70","wait_listed":false,"deposit_format":null,"number_of_persons":1,"units":"1","duration":"3600","staff_name":"Ballroom","extras":[]}],"coupon":{"code":"PT_HUGE","discount":100,"deduction":"0.00"},"subtotal":{"price":180,"deposit":0},"customer":"Alyssia Stevens","tax_in_price":"excluded","tax_paid":"0.00","extras_multiply_nop":1}','2019-06-11 10:59:32' );
INSERT INTO wp_bookly_customer_appointments ( id,series_id,package_id,customer_id,appointment_id,payment_id,number_of_persons,units,notes,extras,extras_multiply_nop,extras_consider_duration,custom_fields,status,status_changed_at,token,time_zone,time_zone_offset,rating,rating_comment,locale,collaborative_service_id,collaborative_token,compound_service_id,compound_token,created_from,created )VALUES( 1033,null,null,1002,1033,1033,1,1,'','[]',1,1,'[{"id":43107,"value":"Purple Tree"},{"id":51989,"value":"Wedding"},{"id":27913,"value":""},{"id":72188,"value":["I agree to <a href="https:\/\/www.mintroom.ca\/Terms_and_Conditions.pdf?v=11122018" target="_blank">Terms and Conditions<\/a>"]},{"id":85555,"value":["I agree there will be no more than 10 guests in the room per booking"]},{"id":27913,"value":" "},{"id":87958,"value":[]},{"id":45932,"value":[]}]','approved',null,null,null,null,null,null,null,null,null,null,null,'frontend','2019-06-11 10:59:32' );
INSERT INTO wp_bookly_appointments ( id,location_id,staff_id,staff_any,service_id,custom_service_name,custom_service_price,start_date,end_date,extras_duration,internal_note,google_event_id,google_event_etag,outlook_event_id,outlook_event_change_key,outlook_event_series_id,created_from,created )VALUES( 1034,null,9,0,4,null,null,'2019-06-23 14:00:00','2019-06-23 15:00:00',0,null,null,null,null,null,null,'bookly','2019-06-11 10:59:32' );
INSERT INTO wp_bookly_payments ( id,coupon_id,type,total,tax,paid,paid_type,gateway_price_correction,status,details,created )VALUES( 1034,50,'coupon',0,0,0,'in_full',0.00,'completed','{"items":[{"ca_id":1034,"appointment_date":"2019-06-23 14:00:00","service_name":"Ballroom","service_price":90,"service_tax":"11.70","wait_listed":false,"deposit_format":null,"number_of_persons":1,"units":"1","duration":"3600","staff_name":"Ballroom","extras":[]}],"coupon":{"code":"PT_HUGE","discount":100,"deduction":"0.00"},"subtotal":{"price":180,"deposit":0},"customer":"Alyssia Stevens","tax_in_price":"excluded","tax_paid":"0.00","extras_multiply_nop":1}','2019-06-11 10:59:32' );
INSERT INTO wp_bookly_customer_appointments ( id,series_id,package_id,customer_id,appointment_id,payment_id,number_of_persons,units,notes,extras,extras_multiply_nop,extras_consider_duration,custom_fields,status,status_changed_at,token,time_zone,time_zone_offset,rating,rating_comment,locale,collaborative_service_id,collaborative_token,compound_service_id,compound_token,created_from,created )VALUES( 1034,null,null,1002,1034,1034,1,1,'','[]',1,1,'[{"id":43107,"value":"Purple Tree"},{"id":51989,"value":"Wedding"},{"id":27913,"value":""},{"id":72188,"value":["I agree to <a href="https:\/\/www.mintroom.ca\/Terms_and_Conditions.pdf?v=11122018" target="_blank">Terms and Conditions<\/a>"]},{"id":85555,"value":["I agree there will be no more than 10 guests in the room per booking"]},{"id":27913,"value":" "},{"id":87958,"value":[]},{"id":45932,"value":[]}]','approved',null,null,null,null,null,null,null,null,null,null,null,'frontend','2019-06-11 10:59:32' );
INSERT INTO wp_bookly_appointments ( id,location_id,staff_id,staff_any,service_id,custom_service_name,custom_service_price,start_date,end_date,extras_duration,internal_note,google_event_id,google_event_etag,outlook_event_id,outlook_event_change_key,outlook_event_series_id,created_from,created )VALUES( 1035,null,10,0,5,null,null,'2019-06-23 08:00:00','2019-06-23 09:00:00',0,null,null,null,null,null,null,'bookly','2019-06-11 10:59:32' );
INSERT INTO wp_bookly_payments ( id,coupon_id,type,total,tax,paid,paid_type,gateway_price_correction,status,details,created )VALUES( 1035,50,'coupon',0,0,0,'in_full',0.00,'completed','{"items":[{"ca_id":1035,"appointment_date":"2019-06-23 08:00:00","service_name":"Conservatory","service_price":90,"service_tax":"11.70","wait_listed":false,"deposit_format":null,"number_of_persons":1,"units":"1","duration":"3600","staff_name":"Conservatory","extras":[]}],"coupon":{"code":"PT_HUGE","discount":100,"deduction":"0.00"},"subtotal":{"price":270,"deposit":0},"customer":"Alyssia Stevens","tax_in_price":"excluded","tax_paid":"0.00","extras_multiply_nop":1}','2019-06-11 10:59:32' );
INSERT INTO wp_bookly_customer_appointments ( id,series_id,package_id,customer_id,appointment_id,payment_id,number_of_persons,units,notes,extras,extras_multiply_nop,extras_consider_duration,custom_fields,status,status_changed_at,token,time_zone,time_zone_offset,rating,rating_comment,locale,collaborative_service_id,collaborative_token,compound_service_id,compound_token,created_from,created )VALUES( 1035,null,null,1002,1035,1035,1,1,'','[]',1,1,'[{"id":43107,"value":"Purple Tree"},{"id":51989,"value":"Wedding"},{"id":27913,"value":""},{"id":72188,"value":["I agree to <a href="https:\/\/www.mintroom.ca\/Terms_and_Conditions.pdf?v=11122018" target="_blank">Terms and Conditions<\/a>"]},{"id":85555,"value":["I agree there will be no more than 10 guests in the room per booking"]},{"id":27913,"value":" "},{"id":87958,"value":[]},{"id":45932,"value":[]}]','approved',null,null,null,null,null,null,null,null,null,null,null,'frontend','2019-06-11 10:59:32' );
INSERT INTO wp_bookly_appointments ( id,location_id,staff_id,staff_any,service_id,custom_service_name,custom_service_price,start_date,end_date,extras_duration,internal_note,google_event_id,google_event_etag,outlook_event_id,outlook_event_change_key,outlook_event_series_id,created_from,created )VALUES( 1036,null,10,0,5,null,null,'2019-06-23 09:00:00','2019-06-23 10:00:00',0,null,null,null,null,null,null,'bookly','2019-06-11 10:59:32' );
INSERT INTO wp_bookly_payments ( id,coupon_id,type,total,tax,paid,paid_type,gateway_price_correction,status,details,created )VALUES( 1036,50,'coupon',0,0,0,'in_full',0.00,'completed','{"items":[{"ca_id":1036,"appointment_date":"2019-06-23 09:00:00","service_name":"Conservatory","service_price":90,"service_tax":"11.70","wait_listed":false,"deposit_format":null,"number_of_persons":1,"units":"1","duration":"3600","staff_name":"Conservatory","extras":[]}],"coupon":{"code":"PT_HUGE","discount":100,"deduction":"0.00"},"subtotal":{"price":270,"deposit":0},"customer":"Alyssia Stevens","tax_in_price":"excluded","tax_paid":"0.00","extras_multiply_nop":1}','2019-06-11 10:59:32' );
INSERT INTO wp_bookly_customer_appointments ( id,series_id,package_id,customer_id,appointment_id,payment_id,number_of_persons,units,notes,extras,extras_multiply_nop,extras_consider_duration,custom_fields,status,status_changed_at,token,time_zone,time_zone_offset,rating,rating_comment,locale,collaborative_service_id,collaborative_token,compound_service_id,compound_token,created_from,created )VALUES( 1036,null,null,1002,1036,1036,1,1,'','[]',1,1,'[{"id":43107,"value":"Purple Tree"},{"id":51989,"value":"Wedding"},{"id":27913,"value":""},{"id":72188,"value":["I agree to <a href="https:\/\/www.mintroom.ca\/Terms_and_Conditions.pdf?v=11122018" target="_blank">Terms and Conditions<\/a>"]},{"id":85555,"value":["I agree there will be no more than 10 guests in the room per booking"]},{"id":27913,"value":" "},{"id":87958,"value":[]},{"id":45932,"value":[]}]','approved',null,null,null,null,null,null,null,null,null,null,null,'frontend','2019-06-11 10:59:32' );
INSERT INTO wp_bookly_appointments ( id,location_id,staff_id,staff_any,service_id,custom_service_name,custom_service_price,start_date,end_date,extras_duration,internal_note,google_event_id,google_event_etag,outlook_event_id,outlook_event_change_key,outlook_event_series_id,created_from,created )VALUES( 1037,null,10,0,5,null,null,'2019-06-23 10:00:00','2019-06-23 11:00:00',0,null,null,null,null,null,null,'bookly','2019-06-11 10:59:32' );
INSERT INTO wp_bookly_payments ( id,coupon_id,type,total,tax,paid,paid_type,gateway_price_correction,status,details,created )VALUES( 1037,50,'coupon',0,0,0,'in_full',0.00,'completed','{"items":[{"ca_id":1037,"appointment_date":"2019-06-23 10:00:00","service_name":"Conservatory","service_price":90,"service_tax":"11.70","wait_listed":false,"deposit_format":null,"number_of_persons":1,"units":"1","duration":"3600","staff_name":"Conservatory","extras":[]}],"coupon":{"code":"PT_HUGE","discount":100,"deduction":"0.00"},"subtotal":{"price":270,"deposit":0},"customer":"Alyssia Stevens","tax_in_price":"excluded","tax_paid":"0.00","extras_multiply_nop":1}','2019-06-11 10:59:32' );
INSERT INTO wp_bookly_customer_appointments ( id,series_id,package_id,customer_id,appointment_id,payment_id,number_of_persons,units,notes,extras,extras_multiply_nop,extras_consider_duration,custom_fields,status,status_changed_at,token,time_zone,time_zone_offset,rating,rating_comment,locale,collaborative_service_id,collaborative_token,compound_service_id,compound_token,created_from,created )VALUES( 1037,null,null,1002,1037,1037,1,1,'','[]',1,1,'[{"id":43107,"value":"Purple Tree"},{"id":51989,"value":"Wedding"},{"id":27913,"value":""},{"id":72188,"value":["I agree to <a href="https:\/\/www.mintroom.ca\/Terms_and_Conditions.pdf?v=11122018" target="_blank">Terms and Conditions<\/a>"]},{"id":85555,"value":["I agree there will be no more than 10 guests in the room per booking"]},{"id":27913,"value":" "},{"id":87958,"value":[]},{"id":45932,"value":[]}]','approved',null,null,null,null,null,null,null,null,null,null,null,'frontend','2019-06-11 10:59:32' );
INSERT INTO wp_bookly_appointments ( id,location_id,staff_id,staff_any,service_id,custom_service_name,custom_service_price,start_date,end_date,extras_duration,internal_note,google_event_id,google_event_etag,outlook_event_id,outlook_event_change_key,outlook_event_series_id,created_from,created )VALUES( 1038,null,9,0,4,null,null,'2019-07-13 08:00:00','2019-07-13 09:00:00',0,null,null,null,null,null,null,'bookly','2019-06-11 10:59:32' );
INSERT INTO wp_bookly_customers ( id,wp_user_id,facebook_id,group_id,full_name,first_name,last_name,phone,email,birthday,country,state,postcode,city,street,street_number,additional_address,notes,info_fields,credit,created )VALUES( 1038,null,null,null,'Monika Caryk','Monika Caryk','','561-578-0716','info@rebeccachan.ca*',null,'','','','','','','','',null,0,'2019-06-11 10:59:32' );
INSERT INTO wp_bookly_payments ( id,coupon_id,type,total,tax,paid,paid_type,gateway_price_correction,status,details,created )VALUES( 1038,50,'coupon',0,0,0,'in_full',0.00,'completed','{"items":[{"ca_id":1038,"appointment_date":"2019-07-13 08:00:00","service_name":"Ballroom","service_price":90,"service_tax":"11.70","wait_listed":false,"deposit_format":null,"number_of_persons":1,"units":"1","duration":"3600","staff_name":"Ballroom","extras":[]}],"coupon":{"code":"PT_HUGE","discount":100,"deduction":"0.00"},"subtotal":{"price":540,"deposit":0},"customer":"Monika Caryk","tax_in_price":"excluded","tax_paid":"0.00","extras_multiply_nop":1}','2019-06-11 10:59:32' );
INSERT INTO wp_bookly_customer_appointments ( id,series_id,package_id,customer_id,appointment_id,payment_id,number_of_persons,units,notes,extras,extras_multiply_nop,extras_consider_duration,custom_fields,status,status_changed_at,token,time_zone,time_zone_offset,rating,rating_comment,locale,collaborative_service_id,collaborative_token,compound_service_id,compound_token,created_from,created )VALUES( 1038,null,null,1038,1038,1038,1,1,'actual start time: 7am','[]',1,1,'[{"id":43107,"value":"TBD"},{"id":51989,"value":"Wedding"},{"id":27913,"value":""},{"id":72188,"value":["I agree to <a href="https:\/\/www.mintroom.ca\/Terms_and_Conditions.pdf?v=11122018" target="_blank">Terms and Conditions<\/a>"]},{"id":85555,"value":["I agree there will be no more than 10 guests in the room per booking"]},{"id":27913,"value":" "},{"id":87958,"value":[]},{"id":45932,"value":[]}]','approved',null,null,null,null,null,null,null,null,null,null,null,'frontend','2019-06-11 10:59:32' );
INSERT INTO wp_bookly_appointments ( id,location_id,staff_id,staff_any,service_id,custom_service_name,custom_service_price,start_date,end_date,extras_duration,internal_note,google_event_id,google_event_etag,outlook_event_id,outlook_event_change_key,outlook_event_series_id,created_from,created )VALUES( 1039,null,9,0,4,null,null,'2019-07-13 09:00:00','2019-07-13 10:00:00',0,null,null,null,null,null,null,'bookly','2019-06-11 10:59:32' );
INSERT INTO wp_bookly_payments ( id,coupon_id,type,total,tax,paid,paid_type,gateway_price_correction,status,details,created )VALUES( 1039,50,'coupon',0,0,0,'in_full',0.00,'completed','{"items":[{"ca_id":1039,"appointment_date":"2019-07-13 09:00:00","service_name":"Ballroom","service_price":90,"service_tax":"11.70","wait_listed":false,"deposit_format":null,"number_of_persons":1,"units":"1","duration":"3600","staff_name":"Ballroom","extras":[]}],"coupon":{"code":"PT_HUGE","discount":100,"deduction":"0.00"},"subtotal":{"price":540,"deposit":0},"customer":"Monika Caryk","tax_in_price":"excluded","tax_paid":"0.00","extras_multiply_nop":1}','2019-06-11 10:59:32' );
INSERT INTO wp_bookly_customer_appointments ( id,series_id,package_id,customer_id,appointment_id,payment_id,number_of_persons,units,notes,extras,extras_multiply_nop,extras_consider_duration,custom_fields,status,status_changed_at,token,time_zone,time_zone_offset,rating,rating_comment,locale,collaborative_service_id,collaborative_token,compound_service_id,compound_token,created_from,created )VALUES( 1039,null,null,1038,1039,1039,1,1,'actual start time: 7am','[]',1,1,'[{"id":43107,"value":"TBD"},{"id":51989,"value":"Wedding"},{"id":27913,"value":""},{"id":72188,"value":["I agree to <a href="https:\/\/www.mintroom.ca\/Terms_and_Conditions.pdf?v=11122018" target="_blank">Terms and Conditions<\/a>"]},{"id":85555,"value":["I agree there will be no more than 10 guests in the room per booking"]},{"id":27913,"value":" "},{"id":87958,"value":[]},{"id":45932,"value":[]}]','approved',null,null,null,null,null,null,null,null,null,null,null,'frontend','2019-06-11 10:59:32' );
INSERT INTO wp_bookly_appointments ( id,location_id,staff_id,staff_any,service_id,custom_service_name,custom_service_price,start_date,end_date,extras_duration,internal_note,google_event_id,google_event_etag,outlook_event_id,outlook_event_change_key,outlook_event_series_id,created_from,created )VALUES( 1040,null,9,0,4,null,null,'2019-07-13 10:00:00','2019-07-13 11:00:00',0,null,null,null,null,null,null,'bookly','2019-06-11 10:59:32' );
INSERT INTO wp_bookly_payments ( id,coupon_id,type,total,tax,paid,paid_type,gateway_price_correction,status,details,created )VALUES( 1040,50,'coupon',0,0,0,'in_full',0.00,'completed','{"items":[{"ca_id":1040,"appointment_date":"2019-07-13 10:00:00","service_name":"Ballroom","service_price":90,"service_tax":"11.70","wait_listed":false,"deposit_format":null,"number_of_persons":1,"units":"1","duration":"3600","staff_name":"Ballroom","extras":[]}],"coupon":{"code":"PT_HUGE","discount":100,"deduction":"0.00"},"subtotal":{"price":540,"deposit":0},"customer":"Monika Caryk","tax_in_price":"excluded","tax_paid":"0.00","extras_multiply_nop":1}','2019-06-11 10:59:32' );
INSERT INTO wp_bookly_customer_appointments ( id,series_id,package_id,customer_id,appointment_id,payment_id,number_of_persons,units,notes,extras,extras_multiply_nop,extras_consider_duration,custom_fields,status,status_changed_at,token,time_zone,time_zone_offset,rating,rating_comment,locale,collaborative_service_id,collaborative_token,compound_service_id,compound_token,created_from,created )VALUES( 1040,null,null,1038,1040,1040,1,1,'actual start time: 7am','[]',1,1,'[{"id":43107,"value":"TBD"},{"id":51989,"value":"Wedding"},{"id":27913,"value":""},{"id":72188,"value":["I agree to <a href="https:\/\/www.mintroom.ca\/Terms_and_Conditions.pdf?v=11122018" target="_blank">Terms and Conditions<\/a>"]},{"id":85555,"value":["I agree there will be no more than 10 guests in the room per booking"]},{"id":27913,"value":" "},{"id":87958,"value":[]},{"id":45932,"value":[]}]','approved',null,null,null,null,null,null,null,null,null,null,null,'frontend','2019-06-11 10:59:32' );
INSERT INTO wp_bookly_appointments ( id,location_id,staff_id,staff_any,service_id,custom_service_name,custom_service_price,start_date,end_date,extras_duration,internal_note,google_event_id,google_event_etag,outlook_event_id,outlook_event_change_key,outlook_event_series_id,created_from,created )VALUES( 1041,null,9,0,4,null,null,'2019-07-13 11:00:00','2019-07-13 12:00:00',0,null,null,null,null,null,null,'bookly','2019-06-11 10:59:32' );
INSERT INTO wp_bookly_payments ( id,coupon_id,type,total,tax,paid,paid_type,gateway_price_correction,status,details,created )VALUES( 1041,50,'coupon',0,0,0,'in_full',0.00,'completed','{"items":[{"ca_id":1041,"appointment_date":"2019-07-13 11:00:00","service_name":"Ballroom","service_price":90,"service_tax":"11.70","wait_listed":false,"deposit_format":null,"number_of_persons":1,"units":"1","duration":"3600","staff_name":"Ballroom","extras":[]}],"coupon":{"code":"PT_HUGE","discount":100,"deduction":"0.00"},"subtotal":{"price":540,"deposit":0},"customer":"Monika Caryk","tax_in_price":"excluded","tax_paid":"0.00","extras_multiply_nop":1}','2019-06-11 10:59:32' );
INSERT INTO wp_bookly_customer_appointments ( id,series_id,package_id,customer_id,appointment_id,payment_id,number_of_persons,units,notes,extras,extras_multiply_nop,extras_consider_duration,custom_fields,status,status_changed_at,token,time_zone,time_zone_offset,rating,rating_comment,locale,collaborative_service_id,collaborative_token,compound_service_id,compound_token,created_from,created )VALUES( 1041,null,null,1038,1041,1041,1,1,'actual start time: 7am','[]',1,1,'[{"id":43107,"value":"TBD"},{"id":51989,"value":"Wedding"},{"id":27913,"value":""},{"id":72188,"value":["I agree to <a href="https:\/\/www.mintroom.ca\/Terms_and_Conditions.pdf?v=11122018" target="_blank">Terms and Conditions<\/a>"]},{"id":85555,"value":["I agree there will be no more than 10 guests in the room per booking"]},{"id":27913,"value":" "},{"id":87958,"value":[]},{"id":45932,"value":[]}]','approved',null,null,null,null,null,null,null,null,null,null,null,'frontend','2019-06-11 10:59:32' );
INSERT INTO wp_bookly_appointments ( id,location_id,staff_id,staff_any,service_id,custom_service_name,custom_service_price,start_date,end_date,extras_duration,internal_note,google_event_id,google_event_etag,outlook_event_id,outlook_event_change_key,outlook_event_series_id,created_from,created )VALUES( 1042,null,9,0,4,null,null,'2019-07-13 12:00:00','2019-07-13 13:00:00',0,null,null,null,null,null,null,'bookly','2019-06-11 10:59:32' );
INSERT INTO wp_bookly_payments ( id,coupon_id,type,total,tax,paid,paid_type,gateway_price_correction,status,details,created )VALUES( 1042,50,'coupon',0,0,0,'in_full',0.00,'completed','{"items":[{"ca_id":1042,"appointment_date":"2019-07-13 12:00:00","service_name":"Ballroom","service_price":90,"service_tax":"11.70","wait_listed":false,"deposit_format":null,"number_of_persons":1,"units":"1","duration":"3600","staff_name":"Ballroom","extras":[]}],"coupon":{"code":"PT_HUGE","discount":100,"deduction":"0.00"},"subtotal":{"price":540,"deposit":0},"customer":"Monika Caryk","tax_in_price":"excluded","tax_paid":"0.00","extras_multiply_nop":1}','2019-06-11 10:59:32' );
INSERT INTO wp_bookly_customer_appointments ( id,series_id,package_id,customer_id,appointment_id,payment_id,number_of_persons,units,notes,extras,extras_multiply_nop,extras_consider_duration,custom_fields,status,status_changed_at,token,time_zone,time_zone_offset,rating,rating_comment,locale,collaborative_service_id,collaborative_token,compound_service_id,compound_token,created_from,created )VALUES( 1042,null,null,1038,1042,1042,1,1,'actual start time: 7am','[]',1,1,'[{"id":43107,"value":"TBD"},{"id":51989,"value":"Wedding"},{"id":27913,"value":""},{"id":72188,"value":["I agree to <a href="https:\/\/www.mintroom.ca\/Terms_and_Conditions.pdf?v=11122018" target="_blank">Terms and Conditions<\/a>"]},{"id":85555,"value":["I agree there will be no more than 10 guests in the room per booking"]},{"id":27913,"value":" "},{"id":87958,"value":[]},{"id":45932,"value":[]}]','approved',null,null,null,null,null,null,null,null,null,null,null,'frontend','2019-06-11 10:59:32' );
INSERT INTO wp_bookly_appointments ( id,location_id,staff_id,staff_any,service_id,custom_service_name,custom_service_price,start_date,end_date,extras_duration,internal_note,google_event_id,google_event_etag,outlook_event_id,outlook_event_change_key,outlook_event_series_id,created_from,created )VALUES( 1043,null,9,0,4,null,null,'2019-07-13 13:00:00','2019-07-13 14:00:00',0,null,null,null,null,null,null,'bookly','2019-06-11 10:59:32' );
INSERT INTO wp_bookly_payments ( id,coupon_id,type,total,tax,paid,paid_type,gateway_price_correction,status,details,created )VALUES( 1043,50,'coupon',0,0,0,'in_full',0.00,'completed','{"items":[{"ca_id":1043,"appointment_date":"2019-07-13 13:00:00","service_name":"Ballroom","service_price":90,"service_tax":"11.70","wait_listed":false,"deposit_format":null,"number_of_persons":1,"units":"1","duration":"3600","staff_name":"Ballroom","extras":[]}],"coupon":{"code":"PT_HUGE","discount":100,"deduction":"0.00"},"subtotal":{"price":540,"deposit":0},"customer":"Monika Caryk","tax_in_price":"excluded","tax_paid":"0.00","extras_multiply_nop":1}','2019-06-11 10:59:32' );
INSERT INTO wp_bookly_customer_appointments ( id,series_id,package_id,customer_id,appointment_id,payment_id,number_of_persons,units,notes,extras,extras_multiply_nop,extras_consider_duration,custom_fields,status,status_changed_at,token,time_zone,time_zone_offset,rating,rating_comment,locale,collaborative_service_id,collaborative_token,compound_service_id,compound_token,created_from,created )VALUES( 1043,null,null,1038,1043,1043,1,1,'actual start time: 7am','[]',1,1,'[{"id":43107,"value":"TBD"},{"id":51989,"value":"Wedding"},{"id":27913,"value":""},{"id":72188,"value":["I agree to <a href="https:\/\/www.mintroom.ca\/Terms_and_Conditions.pdf?v=11122018" target="_blank">Terms and Conditions<\/a>"]},{"id":85555,"value":["I agree there will be no more than 10 guests in the room per booking"]},{"id":27913,"value":" "},{"id":87958,"value":[]},{"id":45932,"value":[]}]','approved',null,null,null,null,null,null,null,null,null,null,null,'frontend','2019-06-11 10:59:32' );
INSERT INTO wp_bookly_appointments ( id,location_id,staff_id,staff_any,service_id,custom_service_name,custom_service_price,start_date,end_date,extras_duration,internal_note,google_event_id,google_event_etag,outlook_event_id,outlook_event_change_key,outlook_event_series_id,created_from,created )VALUES( 1044,null,10,0,5,null,null,'2019-07-13 08:00:00','2019-07-13 09:00:00',0,null,null,null,null,null,null,'bookly','2019-06-11 10:59:32' );
INSERT INTO wp_bookly_payments ( id,coupon_id,type,total,tax,paid,paid_type,gateway_price_correction,status,details,created )VALUES( 1044,50,'coupon',0,0,0,'in_full',0.00,'completed','{"items":[{"ca_id":1044,"appointment_date":"2019-07-13 08:00:00","service_name":"Conservatory","service_price":90,"service_tax":"11.70","wait_listed":false,"deposit_format":null,"number_of_persons":1,"units":"1","duration":"3600","staff_name":"Conservatory","extras":[]}],"coupon":{"code":"PT_HUGE","discount":100,"deduction":"0.00"},"subtotal":{"price":630,"deposit":0},"customer":"Monika Caryk","tax_in_price":"excluded","tax_paid":"0.00","extras_multiply_nop":1}','2019-06-11 10:59:32' );
INSERT INTO wp_bookly_customer_appointments ( id,series_id,package_id,customer_id,appointment_id,payment_id,number_of_persons,units,notes,extras,extras_multiply_nop,extras_consider_duration,custom_fields,status,status_changed_at,token,time_zone,time_zone_offset,rating,rating_comment,locale,collaborative_service_id,collaborative_token,compound_service_id,compound_token,created_from,created )VALUES( 1044,null,null,1038,1044,1044,1,1,'start time: 7am','[]',1,1,'[{"id":43107,"value":"TBD"},{"id":51989,"value":"Wedding"},{"id":27913,"value":""},{"id":72188,"value":["I agree to <a href="https:\/\/www.mintroom.ca\/Terms_and_Conditions.pdf?v=11122018" target="_blank">Terms and Conditions<\/a>"]},{"id":85555,"value":["I agree there will be no more than 10 guests in the room per booking"]},{"id":27913,"value":" "},{"id":87958,"value":[]},{"id":45932,"value":[]}]','approved',null,null,null,null,null,null,null,null,null,null,null,'frontend','2019-06-11 10:59:32' );
INSERT INTO wp_bookly_appointments ( id,location_id,staff_id,staff_any,service_id,custom_service_name,custom_service_price,start_date,end_date,extras_duration,internal_note,google_event_id,google_event_etag,outlook_event_id,outlook_event_change_key,outlook_event_series_id,created_from,created )VALUES( 1045,null,10,0,5,null,null,'2019-07-13 09:00:00','2019-07-13 10:00:00',0,null,null,null,null,null,null,'bookly','2019-06-11 10:59:32' );
INSERT INTO wp_bookly_payments ( id,coupon_id,type,total,tax,paid,paid_type,gateway_price_correction,status,details,created )VALUES( 1045,50,'coupon',0,0,0,'in_full',0.00,'completed','{"items":[{"ca_id":1045,"appointment_date":"2019-07-13 09:00:00","service_name":"Conservatory","service_price":90,"service_tax":"11.70","wait_listed":false,"deposit_format":null,"number_of_persons":1,"units":"1","duration":"3600","staff_name":"Conservatory","extras":[]}],"coupon":{"code":"PT_HUGE","discount":100,"deduction":"0.00"},"subtotal":{"price":630,"deposit":0},"customer":"Monika Caryk","tax_in_price":"excluded","tax_paid":"0.00","extras_multiply_nop":1}','2019-06-11 10:59:32' );
INSERT INTO wp_bookly_customer_appointments ( id,series_id,package_id,customer_id,appointment_id,payment_id,number_of_persons,units,notes,extras,extras_multiply_nop,extras_consider_duration,custom_fields,status,status_changed_at,token,time_zone,time_zone_offset,rating,rating_comment,locale,collaborative_service_id,collaborative_token,compound_service_id,compound_token,created_from,created )VALUES( 1045,null,null,1038,1045,1045,1,1,'start time: 7am','[]',1,1,'[{"id":43107,"value":"TBD"},{"id":51989,"value":"Wedding"},{"id":27913,"value":""},{"id":72188,"value":["I agree to <a href="https:\/\/www.mintroom.ca\/Terms_and_Conditions.pdf?v=11122018" target="_blank">Terms and Conditions<\/a>"]},{"id":85555,"value":["I agree there will be no more than 10 guests in the room per booking"]},{"id":27913,"value":" "},{"id":87958,"value":[]},{"id":45932,"value":[]}]','approved',null,null,null,null,null,null,null,null,null,null,null,'frontend','2019-06-11 10:59:32' );
INSERT INTO wp_bookly_appointments ( id,location_id,staff_id,staff_any,service_id,custom_service_name,custom_service_price,start_date,end_date,extras_duration,internal_note,google_event_id,google_event_etag,outlook_event_id,outlook_event_change_key,outlook_event_series_id,created_from,created )VALUES( 1046,null,10,0,5,null,null,'2019-07-13 10:00:00','2019-07-13 11:00:00',0,null,null,null,null,null,null,'bookly','2019-06-11 10:59:32' );
INSERT INTO wp_bookly_payments ( id,coupon_id,type,total,tax,paid,paid_type,gateway_price_correction,status,details,created )VALUES( 1046,50,'coupon',0,0,0,'in_full',0.00,'completed','{"items":[{"ca_id":1046,"appointment_date":"2019-07-13 10:00:00","service_name":"Conservatory","service_price":90,"service_tax":"11.70","wait_listed":false,"deposit_format":null,"number_of_persons":1,"units":"1","duration":"3600","staff_name":"Conservatory","extras":[]}],"coupon":{"code":"PT_HUGE","discount":100,"deduction":"0.00"},"subtotal":{"price":630,"deposit":0},"customer":"Monika Caryk","tax_in_price":"excluded","tax_paid":"0.00","extras_multiply_nop":1}','2019-06-11 10:59:32' );
INSERT INTO wp_bookly_customer_appointments ( id,series_id,package_id,customer_id,appointment_id,payment_id,number_of_persons,units,notes,extras,extras_multiply_nop,extras_consider_duration,custom_fields,status,status_changed_at,token,time_zone,time_zone_offset,rating,rating_comment,locale,collaborative_service_id,collaborative_token,compound_service_id,compound_token,created_from,created )VALUES( 1046,null,null,1038,1046,1046,1,1,'start time: 7am','[]',1,1,'[{"id":43107,"value":"TBD"},{"id":51989,"value":"Wedding"},{"id":27913,"value":""},{"id":72188,"value":["I agree to <a href="https:\/\/www.mintroom.ca\/Terms_and_Conditions.pdf?v=11122018" target="_blank">Terms and Conditions<\/a>"]},{"id":85555,"value":["I agree there will be no more than 10 guests in the room per booking"]},{"id":27913,"value":" "},{"id":87958,"value":[]},{"id":45932,"value":[]}]','approved',null,null,null,null,null,null,null,null,null,null,null,'frontend','2019-06-11 10:59:32' );
INSERT INTO wp_bookly_appointments ( id,location_id,staff_id,staff_any,service_id,custom_service_name,custom_service_price,start_date,end_date,extras_duration,internal_note,google_event_id,google_event_etag,outlook_event_id,outlook_event_change_key,outlook_event_series_id,created_from,created )VALUES( 1047,null,10,0,5,null,null,'2019-07-13 11:00:00','2019-07-13 12:00:00',0,null,null,null,null,null,null,'bookly','2019-06-11 10:59:32' );
INSERT INTO wp_bookly_payments ( id,coupon_id,type,total,tax,paid,paid_type,gateway_price_correction,status,details,created )VALUES( 1047,50,'coupon',0,0,0,'in_full',0.00,'completed','{"items":[{"ca_id":1047,"appointment_date":"2019-07-13 11:00:00","service_name":"Conservatory","service_price":90,"service_tax":"11.70","wait_listed":false,"deposit_format":null,"number_of_persons":1,"units":"1","duration":"3600","staff_name":"Conservatory","extras":[]}],"coupon":{"code":"PT_HUGE","discount":100,"deduction":"0.00"},"subtotal":{"price":630,"deposit":0},"customer":"Monika Caryk","tax_in_price":"excluded","tax_paid":"0.00","extras_multiply_nop":1}','2019-06-11 10:59:32' );
INSERT INTO wp_bookly_customer_appointments ( id,series_id,package_id,customer_id,appointment_id,payment_id,number_of_persons,units,notes,extras,extras_multiply_nop,extras_consider_duration,custom_fields,status,status_changed_at,token,time_zone,time_zone_offset,rating,rating_comment,locale,collaborative_service_id,collaborative_token,compound_service_id,compound_token,created_from,created )VALUES( 1047,null,null,1038,1047,1047,1,1,'start time: 7am','[]',1,1,'[{"id":43107,"value":"TBD"},{"id":51989,"value":"Wedding"},{"id":27913,"value":""},{"id":72188,"value":["I agree to <a href="https:\/\/www.mintroom.ca\/Terms_and_Conditions.pdf?v=11122018" target="_blank">Terms and Conditions<\/a>"]},{"id":85555,"value":["I agree there will be no more than 10 guests in the room per booking"]},{"id":27913,"value":" "},{"id":87958,"value":[]},{"id":45932,"value":[]}]','approved',null,null,null,null,null,null,null,null,null,null,null,'frontend','2019-06-11 10:59:32' );
INSERT INTO wp_bookly_appointments ( id,location_id,staff_id,staff_any,service_id,custom_service_name,custom_service_price,start_date,end_date,extras_duration,internal_note,google_event_id,google_event_etag,outlook_event_id,outlook_event_change_key,outlook_event_series_id,created_from,created )VALUES( 1048,null,10,0,5,null,null,'2019-07-13 12:00:00','2019-07-13 13:00:00',0,null,null,null,null,null,null,'bookly','2019-06-11 10:59:32' );
INSERT INTO wp_bookly_payments ( id,coupon_id,type,total,tax,paid,paid_type,gateway_price_correction,status,details,created )VALUES( 1048,50,'coupon',0,0,0,'in_full',0.00,'completed','{"items":[{"ca_id":1048,"appointment_date":"2019-07-13 12:00:00","service_name":"Conservatory","service_price":90,"service_tax":"11.70","wait_listed":false,"deposit_format":null,"number_of_persons":1,"units":"1","duration":"3600","staff_name":"Conservatory","extras":[]}],"coupon":{"code":"PT_HUGE","discount":100,"deduction":"0.00"},"subtotal":{"price":630,"deposit":0},"customer":"Monika Caryk","tax_in_price":"excluded","tax_paid":"0.00","extras_multiply_nop":1}','2019-06-11 10:59:32' );
INSERT INTO wp_bookly_customer_appointments ( id,series_id,package_id,customer_id,appointment_id,payment_id,number_of_persons,units,notes,extras,extras_multiply_nop,extras_consider_duration,custom_fields,status,status_changed_at,token,time_zone,time_zone_offset,rating,rating_comment,locale,collaborative_service_id,collaborative_token,compound_service_id,compound_token,created_from,created )VALUES( 1048,null,null,1038,1048,1048,1,1,'start time: 7am','[]',1,1,'[{"id":43107,"value":"TBD"},{"id":51989,"value":"Wedding"},{"id":27913,"value":""},{"id":72188,"value":["I agree to <a href="https:\/\/www.mintroom.ca\/Terms_and_Conditions.pdf?v=11122018" target="_blank">Terms and Conditions<\/a>"]},{"id":85555,"value":["I agree there will be no more than 10 guests in the room per booking"]},{"id":27913,"value":" "},{"id":87958,"value":[]},{"id":45932,"value":[]}]','approved',null,null,null,null,null,null,null,null,null,null,null,'frontend','2019-06-11 10:59:32' );
INSERT INTO wp_bookly_appointments ( id,location_id,staff_id,staff_any,service_id,custom_service_name,custom_service_price,start_date,end_date,extras_duration,internal_note,google_event_id,google_event_etag,outlook_event_id,outlook_event_change_key,outlook_event_series_id,created_from,created )VALUES( 1049,null,10,0,5,null,null,'2019-07-13 13:00:00','2019-07-13 14:00:00',0,null,null,null,null,null,null,'bookly','2019-06-11 10:59:32' );
INSERT INTO wp_bookly_payments ( id,coupon_id,type,total,tax,paid,paid_type,gateway_price_correction,status,details,created )VALUES( 1049,50,'coupon',0,0,0,'in_full',0.00,'completed','{"items":[{"ca_id":1049,"appointment_date":"2019-07-13 13:00:00","service_name":"Conservatory","service_price":90,"service_tax":"11.70","wait_listed":false,"deposit_format":null,"number_of_persons":1,"units":"1","duration":"3600","staff_name":"Conservatory","extras":[]}],"coupon":{"code":"PT_HUGE","discount":100,"deduction":"0.00"},"subtotal":{"price":630,"deposit":0},"customer":"Monika Caryk","tax_in_price":"excluded","tax_paid":"0.00","extras_multiply_nop":1}','2019-06-11 10:59:32' );
INSERT INTO wp_bookly_customer_appointments ( id,series_id,package_id,customer_id,appointment_id,payment_id,number_of_persons,units,notes,extras,extras_multiply_nop,extras_consider_duration,custom_fields,status,status_changed_at,token,time_zone,time_zone_offset,rating,rating_comment,locale,collaborative_service_id,collaborative_token,compound_service_id,compound_token,created_from,created )VALUES( 1049,null,null,1038,1049,1049,1,1,'start time: 7am','[]',1,1,'[{"id":43107,"value":"TBD"},{"id":51989,"value":"Wedding"},{"id":27913,"value":""},{"id":72188,"value":["I agree to <a href="https:\/\/www.mintroom.ca\/Terms_and_Conditions.pdf?v=11122018" target="_blank">Terms and Conditions<\/a>"]},{"id":85555,"value":["I agree there will be no more than 10 guests in the room per booking"]},{"id":27913,"value":" "},{"id":87958,"value":[]},{"id":45932,"value":[]}]','approved',null,null,null,null,null,null,null,null,null,null,null,'frontend','2019-06-11 10:59:32' );
INSERT INTO wp_bookly_appointments ( id,location_id,staff_id,staff_any,service_id,custom_service_name,custom_service_price,start_date,end_date,extras_duration,internal_note,google_event_id,google_event_etag,outlook_event_id,outlook_event_change_key,outlook_event_series_id,created_from,created )VALUES( 1050,null,11,0,6,null,null,'2019-07-13 08:00:00','2019-07-13 09:00:00',0,null,null,null,null,null,null,'bookly','2019-06-11 10:59:32' );
INSERT INTO wp_bookly_payments ( id,coupon_id,type,total,tax,paid,paid_type,gateway_price_correction,status,details,created )VALUES( 1050,50,'coupon',0,0,0,'in_full',0.00,'completed','{"items":[{"ca_id":1050,"appointment_date":"2019-07-13 08:00:00","service_name":"Library","service_price":90,"service_tax":"11.70","wait_listed":false,"deposit_format":null,"number_of_persons":1,"units":"1","duration":"3600","staff_name":"Library","extras":[]}],"coupon":{"code":"PT_HUGE","discount":100,"deduction":"0.00"},"subtotal":{"price":540,"deposit":0},"customer":"Monika Caryk","tax_in_price":"excluded","tax_paid":"0.00","extras_multiply_nop":1}','2019-06-11 10:59:32' );
INSERT INTO wp_bookly_customer_appointments ( id,series_id,package_id,customer_id,appointment_id,payment_id,number_of_persons,units,notes,extras,extras_multiply_nop,extras_consider_duration,custom_fields,status,status_changed_at,token,time_zone,time_zone_offset,rating,rating_comment,locale,collaborative_service_id,collaborative_token,compound_service_id,compound_token,created_from,created )VALUES( 1050,null,null,1038,1050,1050,1,1,'start time: 7am','[]',1,1,'[{"id":43107,"value":"TBD"},{"id":51989,"value":"Wedding"},{"id":27913,"value":""},{"id":72188,"value":["I agree to <a href="https:\/\/www.mintroom.ca\/Terms_and_Conditions.pdf?v=11122018" target="_blank">Terms and Conditions<\/a>"]},{"id":85555,"value":["I agree there will be no more than 10 guests in the room per booking"]},{"id":27913,"value":" "},{"id":87958,"value":[]},{"id":45932,"value":[]}]','approved',null,null,null,null,null,null,null,null,null,null,null,'frontend','2019-06-11 10:59:32' );
INSERT INTO wp_bookly_appointments ( id,location_id,staff_id,staff_any,service_id,custom_service_name,custom_service_price,start_date,end_date,extras_duration,internal_note,google_event_id,google_event_etag,outlook_event_id,outlook_event_change_key,outlook_event_series_id,created_from,created )VALUES( 1051,null,11,0,6,null,null,'2019-07-13 09:00:00','2019-07-13 10:00:00',0,null,null,null,null,null,null,'bookly','2019-06-11 10:59:32' );
INSERT INTO wp_bookly_payments ( id,coupon_id,type,total,tax,paid,paid_type,gateway_price_correction,status,details,created )VALUES( 1051,50,'coupon',0,0,0,'in_full',0.00,'completed','{"items":[{"ca_id":1051,"appointment_date":"2019-07-13 09:00:00","service_name":"Library","service_price":90,"service_tax":"11.70","wait_listed":false,"deposit_format":null,"number_of_persons":1,"units":"1","duration":"3600","staff_name":"Library","extras":[]}],"coupon":{"code":"PT_HUGE","discount":100,"deduction":"0.00"},"subtotal":{"price":540,"deposit":0},"customer":"Monika Caryk","tax_in_price":"excluded","tax_paid":"0.00","extras_multiply_nop":1}','2019-06-11 10:59:32' );
INSERT INTO wp_bookly_customer_appointments ( id,series_id,package_id,customer_id,appointment_id,payment_id,number_of_persons,units,notes,extras,extras_multiply_nop,extras_consider_duration,custom_fields,status,status_changed_at,token,time_zone,time_zone_offset,rating,rating_comment,locale,collaborative_service_id,collaborative_token,compound_service_id,compound_token,created_from,created )VALUES( 1051,null,null,1038,1051,1051,1,1,'start time: 7am','[]',1,1,'[{"id":43107,"value":"TBD"},{"id":51989,"value":"Wedding"},{"id":27913,"value":""},{"id":72188,"value":["I agree to <a href="https:\/\/www.mintroom.ca\/Terms_and_Conditions.pdf?v=11122018" target="_blank">Terms and Conditions<\/a>"]},{"id":85555,"value":["I agree there will be no more than 10 guests in the room per booking"]},{"id":27913,"value":" "},{"id":87958,"value":[]},{"id":45932,"value":[]}]','approved',null,null,null,null,null,null,null,null,null,null,null,'frontend','2019-06-11 10:59:32' );
INSERT INTO wp_bookly_appointments ( id,location_id,staff_id,staff_any,service_id,custom_service_name,custom_service_price,start_date,end_date,extras_duration,internal_note,google_event_id,google_event_etag,outlook_event_id,outlook_event_change_key,outlook_event_series_id,created_from,created )VALUES( 1052,null,11,0,6,null,null,'2019-07-13 10:00:00','2019-07-13 11:00:00',0,null,null,null,null,null,null,'bookly','2019-06-11 10:59:32' );
INSERT INTO wp_bookly_payments ( id,coupon_id,type,total,tax,paid,paid_type,gateway_price_correction,status,details,created )VALUES( 1052,50,'coupon',0,0,0,'in_full',0.00,'completed','{"items":[{"ca_id":1052,"appointment_date":"2019-07-13 10:00:00","service_name":"Library","service_price":90,"service_tax":"11.70","wait_listed":false,"deposit_format":null,"number_of_persons":1,"units":"1","duration":"3600","staff_name":"Library","extras":[]}],"coupon":{"code":"PT_HUGE","discount":100,"deduction":"0.00"},"subtotal":{"price":540,"deposit":0},"customer":"Monika Caryk","tax_in_price":"excluded","tax_paid":"0.00","extras_multiply_nop":1}','2019-06-11 10:59:32' );
INSERT INTO wp_bookly_customer_appointments ( id,series_id,package_id,customer_id,appointment_id,payment_id,number_of_persons,units,notes,extras,extras_multiply_nop,extras_consider_duration,custom_fields,status,status_changed_at,token,time_zone,time_zone_offset,rating,rating_comment,locale,collaborative_service_id,collaborative_token,compound_service_id,compound_token,created_from,created )VALUES( 1052,null,null,1038,1052,1052,1,1,'start time: 7am','[]',1,1,'[{"id":43107,"value":"TBD"},{"id":51989,"value":"Wedding"},{"id":27913,"value":""},{"id":72188,"value":["I agree to <a href="https:\/\/www.mintroom.ca\/Terms_and_Conditions.pdf?v=11122018" target="_blank">Terms and Conditions<\/a>"]},{"id":85555,"value":["I agree there will be no more than 10 guests in the room per booking"]},{"id":27913,"value":" "},{"id":87958,"value":[]},{"id":45932,"value":[]}]','approved',null,null,null,null,null,null,null,null,null,null,null,'frontend','2019-06-11 10:59:32' );
INSERT INTO wp_bookly_appointments ( id,location_id,staff_id,staff_any,service_id,custom_service_name,custom_service_price,start_date,end_date,extras_duration,internal_note,google_event_id,google_event_etag,outlook_event_id,outlook_event_change_key,outlook_event_series_id,created_from,created )VALUES( 1053,null,11,0,6,null,null,'2019-07-13 11:00:00','2019-07-13 12:00:00',0,null,null,null,null,null,null,'bookly','2019-06-11 10:59:32' );
INSERT INTO wp_bookly_payments ( id,coupon_id,type,total,tax,paid,paid_type,gateway_price_correction,status,details,created )VALUES( 1053,50,'coupon',0,0,0,'in_full',0.00,'completed','{"items":[{"ca_id":1053,"appointment_date":"2019-07-13 11:00:00","service_name":"Library","service_price":90,"service_tax":"11.70","wait_listed":false,"deposit_format":null,"number_of_persons":1,"units":"1","duration":"3600","staff_name":"Library","extras":[]}],"coupon":{"code":"PT_HUGE","discount":100,"deduction":"0.00"},"subtotal":{"price":540,"deposit":0},"customer":"Monika Caryk","tax_in_price":"excluded","tax_paid":"0.00","extras_multiply_nop":1}','2019-06-11 10:59:32' );
INSERT INTO wp_bookly_customer_appointments ( id,series_id,package_id,customer_id,appointment_id,payment_id,number_of_persons,units,notes,extras,extras_multiply_nop,extras_consider_duration,custom_fields,status,status_changed_at,token,time_zone,time_zone_offset,rating,rating_comment,locale,collaborative_service_id,collaborative_token,compound_service_id,compound_token,created_from,created )VALUES( 1053,null,null,1038,1053,1053,1,1,'start time: 7am','[]',1,1,'[{"id":43107,"value":"TBD"},{"id":51989,"value":"Wedding"},{"id":27913,"value":""},{"id":72188,"value":["I agree to <a href="https:\/\/www.mintroom.ca\/Terms_and_Conditions.pdf?v=11122018" target="_blank">Terms and Conditions<\/a>"]},{"id":85555,"value":["I agree there will be no more than 10 guests in the room per booking"]},{"id":27913,"value":" "},{"id":87958,"value":[]},{"id":45932,"value":[]}]','approved',null,null,null,null,null,null,null,null,null,null,null,'frontend','2019-06-11 10:59:32' );
INSERT INTO wp_bookly_appointments ( id,location_id,staff_id,staff_any,service_id,custom_service_name,custom_service_price,start_date,end_date,extras_duration,internal_note,google_event_id,google_event_etag,outlook_event_id,outlook_event_change_key,outlook_event_series_id,created_from,created )VALUES( 1054,null,11,0,6,null,null,'2019-07-13 12:00:00','2019-07-13 13:00:00',0,null,null,null,null,null,null,'bookly','2019-06-11 10:59:32' );
INSERT INTO wp_bookly_payments ( id,coupon_id,type,total,tax,paid,paid_type,gateway_price_correction,status,details,created )VALUES( 1054,50,'coupon',0,0,0,'in_full',0.00,'completed','{"items":[{"ca_id":1054,"appointment_date":"2019-07-13 12:00:00","service_name":"Library","service_price":90,"service_tax":"11.70","wait_listed":false,"deposit_format":null,"number_of_persons":1,"units":"1","duration":"3600","staff_name":"Library","extras":[]}],"coupon":{"code":"PT_HUGE","discount":100,"deduction":"0.00"},"subtotal":{"price":540,"deposit":0},"customer":"Monika Caryk","tax_in_price":"excluded","tax_paid":"0.00","extras_multiply_nop":1}','2019-06-11 10:59:32' );
INSERT INTO wp_bookly_customer_appointments ( id,series_id,package_id,customer_id,appointment_id,payment_id,number_of_persons,units,notes,extras,extras_multiply_nop,extras_consider_duration,custom_fields,status,status_changed_at,token,time_zone,time_zone_offset,rating,rating_comment,locale,collaborative_service_id,collaborative_token,compound_service_id,compound_token,created_from,created )VALUES( 1054,null,null,1038,1054,1054,1,1,'start time: 7am','[]',1,1,'[{"id":43107,"value":"TBD"},{"id":51989,"value":"Wedding"},{"id":27913,"value":""},{"id":72188,"value":["I agree to <a href="https:\/\/www.mintroom.ca\/Terms_and_Conditions.pdf?v=11122018" target="_blank">Terms and Conditions<\/a>"]},{"id":85555,"value":["I agree there will be no more than 10 guests in the room per booking"]},{"id":27913,"value":" "},{"id":87958,"value":[]},{"id":45932,"value":[]}]','approved',null,null,null,null,null,null,null,null,null,null,null,'frontend','2019-06-11 10:59:32' );
INSERT INTO wp_bookly_appointments ( id,location_id,staff_id,staff_any,service_id,custom_service_name,custom_service_price,start_date,end_date,extras_duration,internal_note,google_event_id,google_event_etag,outlook_event_id,outlook_event_change_key,outlook_event_series_id,created_from,created )VALUES( 1055,null,11,0,6,null,null,'2019-07-13 13:00:00','2019-07-13 14:00:00',0,null,null,null,null,null,null,'bookly','2019-06-11 10:59:32' );
INSERT INTO wp_bookly_payments ( id,coupon_id,type,total,tax,paid,paid_type,gateway_price_correction,status,details,created )VALUES( 1055,50,'coupon',0,0,0,'in_full',0.00,'completed','{"items":[{"ca_id":1055,"appointment_date":"2019-07-13 13:00:00","service_name":"Library","service_price":90,"service_tax":"11.70","wait_listed":false,"deposit_format":null,"number_of_persons":1,"units":"1","duration":"3600","staff_name":"Library","extras":[]}],"coupon":{"code":"PT_HUGE","discount":100,"deduction":"0.00"},"subtotal":{"price":540,"deposit":0},"customer":"Monika Caryk","tax_in_price":"excluded","tax_paid":"0.00","extras_multiply_nop":1}','2019-06-11 10:59:32' );
INSERT INTO wp_bookly_customer_appointments ( id,series_id,package_id,customer_id,appointment_id,payment_id,number_of_persons,units,notes,extras,extras_multiply_nop,extras_consider_duration,custom_fields,status,status_changed_at,token,time_zone,time_zone_offset,rating,rating_comment,locale,collaborative_service_id,collaborative_token,compound_service_id,compound_token,created_from,created )VALUES( 1055,null,null,1038,1055,1055,1,1,'start time: 7am','[]',1,1,'[{"id":43107,"value":"TBD"},{"id":51989,"value":"Wedding"},{"id":27913,"value":""},{"id":72188,"value":["I agree to <a href="https:\/\/www.mintroom.ca\/Terms_and_Conditions.pdf?v=11122018" target="_blank">Terms and Conditions<\/a>"]},{"id":85555,"value":["I agree there will be no more than 10 guests in the room per booking"]},{"id":27913,"value":" "},{"id":87958,"value":[]},{"id":45932,"value":[]}]','approved',null,null,null,null,null,null,null,null,null,null,null,'frontend','2019-06-11 10:59:32' );
INSERT INTO wp_bookly_appointments ( id,location_id,staff_id,staff_any,service_id,custom_service_name,custom_service_price,start_date,end_date,extras_duration,internal_note,google_event_id,google_event_etag,outlook_event_id,outlook_event_change_key,outlook_event_series_id,created_from,created )VALUES( 1056,null,12,0,7,null,null,'2019-07-13 08:00:00','2019-07-13 09:00:00',0,null,null,null,null,null,null,'bookly','2019-06-11 10:59:32' );
INSERT INTO wp_bookly_payments ( id,coupon_id,type,total,tax,paid,paid_type,gateway_price_correction,status,details,created )VALUES( 1056,50,'coupon',0,0,0,'in_full',0.00,'completed','{"items":[{"ca_id":1056,"appointment_date":"2019-07-13 08:00:00","service_name":"Lounge","service_price":90,"service_tax":"11.70","wait_listed":false,"deposit_format":null,"number_of_persons":1,"units":"1","duration":"3600","staff_name":"Lounge","extras":[]}],"coupon":{"code":"PT_HUGE","discount":100,"deduction":"0.00"},"subtotal":{"price":540,"deposit":0},"customer":"Monika Caryk","tax_in_price":"excluded","tax_paid":"0.00","extras_multiply_nop":1}','2019-06-11 10:59:32' );
INSERT INTO wp_bookly_customer_appointments ( id,series_id,package_id,customer_id,appointment_id,payment_id,number_of_persons,units,notes,extras,extras_multiply_nop,extras_consider_duration,custom_fields,status,status_changed_at,token,time_zone,time_zone_offset,rating,rating_comment,locale,collaborative_service_id,collaborative_token,compound_service_id,compound_token,created_from,created )VALUES( 1056,null,null,1038,1056,1056,1,1,'start time: 7am','[]',1,1,'[{"id":43107,"value":"TBD"},{"id":51989,"value":"Wedding"},{"id":27913,"value":""},{"id":72188,"value":["I agree to <a href="https:\/\/www.mintroom.ca\/Terms_and_Conditions.pdf?v=11122018" target="_blank">Terms and Conditions<\/a>"]},{"id":85555,"value":["I agree there will be no more than 10 guests in the room per booking"]},{"id":27913,"value":" "},{"id":87958,"value":[]},{"id":45932,"value":[]}]','approved',null,null,null,null,null,null,null,null,null,null,null,'frontend','2019-06-11 10:59:32' );
INSERT INTO wp_bookly_appointments ( id,location_id,staff_id,staff_any,service_id,custom_service_name,custom_service_price,start_date,end_date,extras_duration,internal_note,google_event_id,google_event_etag,outlook_event_id,outlook_event_change_key,outlook_event_series_id,created_from,created )VALUES( 1057,null,12,0,7,null,null,'2019-07-13 09:00:00','2019-07-13 10:00:00',0,null,null,null,null,null,null,'bookly','2019-06-11 10:59:32' );
INSERT INTO wp_bookly_payments ( id,coupon_id,type,total,tax,paid,paid_type,gateway_price_correction,status,details,created )VALUES( 1057,50,'coupon',0,0,0,'in_full',0.00,'completed','{"items":[{"ca_id":1057,"appointment_date":"2019-07-13 09:00:00","service_name":"Lounge","service_price":90,"service_tax":"11.70","wait_listed":false,"deposit_format":null,"number_of_persons":1,"units":"1","duration":"3600","staff_name":"Lounge","extras":[]}],"coupon":{"code":"PT_HUGE","discount":100,"deduction":"0.00"},"subtotal":{"price":540,"deposit":0},"customer":"Monika Caryk","tax_in_price":"excluded","tax_paid":"0.00","extras_multiply_nop":1}','2019-06-11 10:59:32' );
INSERT INTO wp_bookly_customer_appointments ( id,series_id,package_id,customer_id,appointment_id,payment_id,number_of_persons,units,notes,extras,extras_multiply_nop,extras_consider_duration,custom_fields,status,status_changed_at,token,time_zone,time_zone_offset,rating,rating_comment,locale,collaborative_service_id,collaborative_token,compound_service_id,compound_token,created_from,created )VALUES( 1057,null,null,1038,1057,1057,1,1,'start time: 7am','[]',1,1,'[{"id":43107,"value":"TBD"},{"id":51989,"value":"Wedding"},{"id":27913,"value":""},{"id":72188,"value":["I agree to <a href="https:\/\/www.mintroom.ca\/Terms_and_Conditions.pdf?v=11122018" target="_blank">Terms and Conditions<\/a>"]},{"id":85555,"value":["I agree there will be no more than 10 guests in the room per booking"]},{"id":27913,"value":" "},{"id":87958,"value":[]},{"id":45932,"value":[]}]','approved',null,null,null,null,null,null,null,null,null,null,null,'frontend','2019-06-11 10:59:32' );
INSERT INTO wp_bookly_appointments ( id,location_id,staff_id,staff_any,service_id,custom_service_name,custom_service_price,start_date,end_date,extras_duration,internal_note,google_event_id,google_event_etag,outlook_event_id,outlook_event_change_key,outlook_event_series_id,created_from,created )VALUES( 1058,null,12,0,7,null,null,'2019-07-13 10:00:00','2019-07-13 11:00:00',0,null,null,null,null,null,null,'bookly','2019-06-11 10:59:32' );
INSERT INTO wp_bookly_payments ( id,coupon_id,type,total,tax,paid,paid_type,gateway_price_correction,status,details,created )VALUES( 1058,50,'coupon',0,0,0,'in_full',0.00,'completed','{"items":[{"ca_id":1058,"appointment_date":"2019-07-13 10:00:00","service_name":"Lounge","service_price":90,"service_tax":"11.70","wait_listed":false,"deposit_format":null,"number_of_persons":1,"units":"1","duration":"3600","staff_name":"Lounge","extras":[]}],"coupon":{"code":"PT_HUGE","discount":100,"deduction":"0.00"},"subtotal":{"price":540,"deposit":0},"customer":"Monika Caryk","tax_in_price":"excluded","tax_paid":"0.00","extras_multiply_nop":1}','2019-06-11 10:59:32' );
INSERT INTO wp_bookly_customer_appointments ( id,series_id,package_id,customer_id,appointment_id,payment_id,number_of_persons,units,notes,extras,extras_multiply_nop,extras_consider_duration,custom_fields,status,status_changed_at,token,time_zone,time_zone_offset,rating,rating_comment,locale,collaborative_service_id,collaborative_token,compound_service_id,compound_token,created_from,created )VALUES( 1058,null,null,1038,1058,1058,1,1,'start time: 7am','[]',1,1,'[{"id":43107,"value":"TBD"},{"id":51989,"value":"Wedding"},{"id":27913,"value":""},{"id":72188,"value":["I agree to <a href="https:\/\/www.mintroom.ca\/Terms_and_Conditions.pdf?v=11122018" target="_blank">Terms and Conditions<\/a>"]},{"id":85555,"value":["I agree there will be no more than 10 guests in the room per booking"]},{"id":27913,"value":" "},{"id":87958,"value":[]},{"id":45932,"value":[]}]','approved',null,null,null,null,null,null,null,null,null,null,null,'frontend','2019-06-11 10:59:32' );
INSERT INTO wp_bookly_appointments ( id,location_id,staff_id,staff_any,service_id,custom_service_name,custom_service_price,start_date,end_date,extras_duration,internal_note,google_event_id,google_event_etag,outlook_event_id,outlook_event_change_key,outlook_event_series_id,created_from,created )VALUES( 1059,null,12,0,7,null,null,'2019-07-13 11:00:00','2019-07-13 12:00:00',0,null,null,null,null,null,null,'bookly','2019-06-11 10:59:32' );
INSERT INTO wp_bookly_payments ( id,coupon_id,type,total,tax,paid,paid_type,gateway_price_correction,status,details,created )VALUES( 1059,50,'coupon',0,0,0,'in_full',0.00,'completed','{"items":[{"ca_id":1059,"appointment_date":"2019-07-13 11:00:00","service_name":"Lounge","service_price":90,"service_tax":"11.70","wait_listed":false,"deposit_format":null,"number_of_persons":1,"units":"1","duration":"3600","staff_name":"Lounge","extras":[]}],"coupon":{"code":"PT_HUGE","discount":100,"deduction":"0.00"},"subtotal":{"price":540,"deposit":0},"customer":"Monika Caryk","tax_in_price":"excluded","tax_paid":"0.00","extras_multiply_nop":1}','2019-06-11 10:59:32' );
INSERT INTO wp_bookly_customer_appointments ( id,series_id,package_id,customer_id,appointment_id,payment_id,number_of_persons,units,notes,extras,extras_multiply_nop,extras_consider_duration,custom_fields,status,status_changed_at,token,time_zone,time_zone_offset,rating,rating_comment,locale,collaborative_service_id,collaborative_token,compound_service_id,compound_token,created_from,created )VALUES( 1059,null,null,1038,1059,1059,1,1,'start time: 7am','[]',1,1,'[{"id":43107,"value":"TBD"},{"id":51989,"value":"Wedding"},{"id":27913,"value":""},{"id":72188,"value":["I agree to <a href="https:\/\/www.mintroom.ca\/Terms_and_Conditions.pdf?v=11122018" target="_blank">Terms and Conditions<\/a>"]},{"id":85555,"value":["I agree there will be no more than 10 guests in the room per booking"]},{"id":27913,"value":" "},{"id":87958,"value":[]},{"id":45932,"value":[]}]','approved',null,null,null,null,null,null,null,null,null,null,null,'frontend','2019-06-11 10:59:32' );
INSERT INTO wp_bookly_appointments ( id,location_id,staff_id,staff_any,service_id,custom_service_name,custom_service_price,start_date,end_date,extras_duration,internal_note,google_event_id,google_event_etag,outlook_event_id,outlook_event_change_key,outlook_event_series_id,created_from,created )VALUES( 1060,null,12,0,7,null,null,'2019-07-13 12:00:00','2019-07-13 13:00:00',0,null,null,null,null,null,null,'bookly','2019-06-11 10:59:32' );
INSERT INTO wp_bookly_payments ( id,coupon_id,type,total,tax,paid,paid_type,gateway_price_correction,status,details,created )VALUES( 1060,50,'coupon',0,0,0,'in_full',0.00,'completed','{"items":[{"ca_id":1060,"appointment_date":"2019-07-13 12:00:00","service_name":"Lounge","service_price":90,"service_tax":"11.70","wait_listed":false,"deposit_format":null,"number_of_persons":1,"units":"1","duration":"3600","staff_name":"Lounge","extras":[]}],"coupon":{"code":"PT_HUGE","discount":100,"deduction":"0.00"},"subtotal":{"price":540,"deposit":0},"customer":"Monika Caryk","tax_in_price":"excluded","tax_paid":"0.00","extras_multiply_nop":1}','2019-06-11 10:59:32' );
INSERT INTO wp_bookly_customer_appointments ( id,series_id,package_id,customer_id,appointment_id,payment_id,number_of_persons,units,notes,extras,extras_multiply_nop,extras_consider_duration,custom_fields,status,status_changed_at,token,time_zone,time_zone_offset,rating,rating_comment,locale,collaborative_service_id,collaborative_token,compound_service_id,compound_token,created_from,created )VALUES( 1060,null,null,1038,1060,1060,1,1,'start time: 7am','[]',1,1,'[{"id":43107,"value":"TBD"},{"id":51989,"value":"Wedding"},{"id":27913,"value":""},{"id":72188,"value":["I agree to <a href="https:\/\/www.mintroom.ca\/Terms_and_Conditions.pdf?v=11122018" target="_blank">Terms and Conditions<\/a>"]},{"id":85555,"value":["I agree there will be no more than 10 guests in the room per booking"]},{"id":27913,"value":" "},{"id":87958,"value":[]},{"id":45932,"value":[]}]','approved',null,null,null,null,null,null,null,null,null,null,null,'frontend','2019-06-11 10:59:32' );
INSERT INTO wp_bookly_appointments ( id,location_id,staff_id,staff_any,service_id,custom_service_name,custom_service_price,start_date,end_date,extras_duration,internal_note,google_event_id,google_event_etag,outlook_event_id,outlook_event_change_key,outlook_event_series_id,created_from,created )VALUES( 1061,null,12,0,7,null,null,'2019-07-13 13:00:00','2019-07-13 14:00:00',0,null,null,null,null,null,null,'bookly','2019-06-11 10:59:32' );
INSERT INTO wp_bookly_payments ( id,coupon_id,type,total,tax,paid,paid_type,gateway_price_correction,status,details,created )VALUES( 1061,50,'coupon',0,0,0,'in_full',0.00,'completed','{"items":[{"ca_id":1061,"appointment_date":"2019-07-13 13:00:00","service_name":"Lounge","service_price":90,"service_tax":"11.70","wait_listed":false,"deposit_format":null,"number_of_persons":1,"units":"1","duration":"3600","staff_name":"Lounge","extras":[]}],"coupon":{"code":"PT_HUGE","discount":100,"deduction":"0.00"},"subtotal":{"price":540,"deposit":0},"customer":"Monika Caryk","tax_in_price":"excluded","tax_paid":"0.00","extras_multiply_nop":1}','2019-06-11 10:59:32' );
INSERT INTO wp_bookly_customer_appointments ( id,series_id,package_id,customer_id,appointment_id,payment_id,number_of_persons,units,notes,extras,extras_multiply_nop,extras_consider_duration,custom_fields,status,status_changed_at,token,time_zone,time_zone_offset,rating,rating_comment,locale,collaborative_service_id,collaborative_token,compound_service_id,compound_token,created_from,created )VALUES( 1061,null,null,1038,1061,1061,1,1,'start time: 7am','[]',1,1,'[{"id":43107,"value":"TBD"},{"id":51989,"value":"Wedding"},{"id":27913,"value":""},{"id":72188,"value":["I agree to <a href="https:\/\/www.mintroom.ca\/Terms_and_Conditions.pdf?v=11122018" target="_blank">Terms and Conditions<\/a>"]},{"id":85555,"value":["I agree there will be no more than 10 guests in the room per booking"]},{"id":27913,"value":" "},{"id":87958,"value":[]},{"id":45932,"value":[]}]','approved',null,null,null,null,null,null,null,null,null,null,null,'frontend','2019-06-11 10:59:32' );
INSERT INTO wp_bookly_appointments ( id,location_id,staff_id,staff_any,service_id,custom_service_name,custom_service_price,start_date,end_date,extras_duration,internal_note,google_event_id,google_event_etag,outlook_event_id,outlook_event_change_key,outlook_event_series_id,created_from,created )VALUES( 1062,null,9,0,4,null,null,'2019-09-06 16:00:00','2019-09-06 17:00:00',0,null,null,null,null,null,null,'bookly','2019-06-11 10:59:32' );
INSERT INTO wp_bookly_customers ( id,wp_user_id,facebook_id,group_id,full_name,first_name,last_name,phone,email,birthday,country,state,postcode,city,street,street_number,additional_address,notes,info_fields,credit,created )VALUES( 1062,null,null,null,'Christine Simons','Christine Simons','','647-384-7673','christineasimons@gmail.com*',null,'','','','','','','','',null,0,'2019-06-11 10:59:32' );
INSERT INTO wp_bookly_payments ( id,coupon_id,type,total,tax,paid,paid_type,gateway_price_correction,status,details,created )VALUES( 1062,null,'stripe',101.7,11.7,101.7,'in_full',0.00,'completed','{"items":[{"ca_id":1062,"appointment_date":"2019-09-06 16:00:00","service_name":"Ballroom","service_price":90,"service_tax":"11.70","wait_listed":false,"deposit_format":null,"number_of_persons":1,"units":"1","duration":"3600","staff_name":"Ballroom","extras":[]}],"coupon":null,"subtotal":{"price":90,"deposit":0},"customer":"Christine Simons","tax_in_price":"excluded","tax_paid":"11.70","extras_multiply_nop":1}','2019-06-11 10:59:32' );
INSERT INTO wp_bookly_customer_appointments ( id,series_id,package_id,customer_id,appointment_id,payment_id,number_of_persons,units,notes,extras,extras_multiply_nop,extras_consider_duration,custom_fields,status,status_changed_at,token,time_zone,time_zone_offset,rating,rating_comment,locale,collaborative_service_id,collaborative_token,compound_service_id,compound_token,created_from,created )VALUES( 1062,null,null,1062,1062,1062,1,1,'','[]',1,1,'[{"id":43107,"value":"Gamada Ali"},{"id":51989,"value":"Wedding"},{"id":27913,"value":""},{"id":72188,"value":["I agree to <a href="https:\/\/www.mintroom.ca\/Terms_and_Conditions.pdf?v=11122018" target="_blank">Terms and Conditions<\/a>"]},{"id":85555,"value":["I agree there will be no more than 10 guests in the room per booking"]},{"id":27913,"value":" "},{"id":87958,"value":[]},{"id":45932,"value":[]}]','approved',null,null,null,null,null,null,null,null,null,null,null,'frontend','2019-06-11 10:59:32' );
INSERT INTO wp_bookly_appointments ( id,location_id,staff_id,staff_any,service_id,custom_service_name,custom_service_price,start_date,end_date,extras_duration,internal_note,google_event_id,google_event_etag,outlook_event_id,outlook_event_change_key,outlook_event_series_id,created_from,created )VALUES( 1063,null,10,0,5,null,null,'2019-09-06 16:00:00','2019-09-06 17:00:00',0,null,null,null,null,null,null,'bookly','2019-06-11 10:59:32' );
INSERT INTO wp_bookly_payments ( id,coupon_id,type,total,tax,paid,paid_type,gateway_price_correction,status,details,created )VALUES( 1063,null,'stripe',101.7,11.7,101.7,'in_full',0.00,'completed','{"items":[{"ca_id":1063,"appointment_date":"2019-09-06 16:00:00","service_name":"Conservatory","service_price":90,"service_tax":"11.70","wait_listed":false,"deposit_format":null,"number_of_persons":1,"units":"1","duration":"3600","staff_name":"Conservatory","extras":[]}],"coupon":null,"subtotal":{"price":90,"deposit":0},"customer":"Christine Simons","tax_in_price":"excluded","tax_paid":"11.70","extras_multiply_nop":1}','2019-06-11 10:59:32' );
INSERT INTO wp_bookly_customer_appointments ( id,series_id,package_id,customer_id,appointment_id,payment_id,number_of_persons,units,notes,extras,extras_multiply_nop,extras_consider_duration,custom_fields,status,status_changed_at,token,time_zone,time_zone_offset,rating,rating_comment,locale,collaborative_service_id,collaborative_token,compound_service_id,compound_token,created_from,created )VALUES( 1063,null,null,1062,1063,1063,1,1,'Will have over 10 people, however booked both ballroom and this room. ','[]',1,1,'[{"id":43107,"value":"Gamada Ali"},{"id":51989,"value":"Wedding"},{"id":27913,"value":""},{"id":72188,"value":["I agree to <a href="https:\/\/www.mintroom.ca\/Terms_and_Conditions.pdf?v=11122018" target="_blank">Terms and Conditions<\/a>"]},{"id":85555,"value":["I agree there will be no more than 10 guests in the room per booking"]},{"id":27913,"value":" "},{"id":87958,"value":[]},{"id":45932,"value":[]}]','approved',null,null,null,null,null,null,null,null,null,null,null,'frontend','2019-06-11 10:59:32' );
INSERT INTO wp_bookly_appointments ( id,location_id,staff_id,staff_any,service_id,custom_service_name,custom_service_price,start_date,end_date,extras_duration,internal_note,google_event_id,google_event_etag,outlook_event_id,outlook_event_change_key,outlook_event_series_id,created_from,created )VALUES( 1064,null,9,0,4,null,null,'2019-10-19 15:00:00','2019-10-19 16:00:00',0,null,null,null,null,null,null,'bookly','2019-06-11 10:59:32' );
INSERT INTO wp_bookly_customers ( id,wp_user_id,facebook_id,group_id,full_name,first_name,last_name,phone,email,birthday,country,state,postcode,city,street,street_number,additional_address,notes,info_fields,credit,created )VALUES( 1064,null,null,null,'anna maria katsiaris','anna maria katsiaris','','6479076992','a.katsiaris1@gmail.com*',null,'','','','','','','','',null,0,'2019-06-11 10:59:32' );
INSERT INTO wp_bookly_payments ( id,coupon_id,type,total,tax,paid,paid_type,gateway_price_correction,status,details,created )VALUES( 1064,null,'stripe',101.7,11.7,101.7,'in_full',0.00,'completed','{"items":[{"ca_id":1064,"appointment_date":"2019-10-19 15:00:00","service_name":"Ballroom","service_price":90,"service_tax":"11.70","wait_listed":false,"deposit_format":null,"number_of_persons":1,"units":"1","duration":"3600","staff_name":"Ballroom","extras":[]}],"coupon":null,"subtotal":{"price":90,"deposit":0},"customer":"anna maria katsiaris","tax_in_price":"excluded","tax_paid":"11.70","extras_multiply_nop":1}','2019-06-11 10:59:32' );
INSERT INTO wp_bookly_customer_appointments ( id,series_id,package_id,customer_id,appointment_id,payment_id,number_of_persons,units,notes,extras,extras_multiply_nop,extras_consider_duration,custom_fields,status,status_changed_at,token,time_zone,time_zone_offset,rating,rating_comment,locale,collaborative_service_id,collaborative_token,compound_service_id,compound_token,created_from,created )VALUES( 1064,null,null,1064,1064,1064,1,1,'I AM BOOKING 3 ROOMS FOR MY WEDDING TOTAL OF 24 PEOPLE','[]',1,1,'[{"id":43107,"value":"aia photography"},{"id":51989,"value":"Wedding"},{"id":27913,"value":""},{"id":72188,"value":["I agree to <a href="https:\/\/www.mintroom.ca\/Terms_and_Conditions.pdf?v=11122018" target="_blank">Terms and Conditions<\/a>"]},{"id":85555,"value":["I agree there will be no more than 10 guests in the room per booking"]},{"id":27913,"value":" "},{"id":87958,"value":[]},{"id":45932,"value":[]}]','approved',null,null,null,null,null,null,null,null,null,null,null,'frontend','2019-06-11 10:59:32' );
INSERT INTO wp_bookly_appointments ( id,location_id,staff_id,staff_any,service_id,custom_service_name,custom_service_price,start_date,end_date,extras_duration,internal_note,google_event_id,google_event_etag,outlook_event_id,outlook_event_change_key,outlook_event_series_id,created_from,created )VALUES( 1065,null,10,0,5,null,null,'2019-10-19 15:00:00','2019-10-19 16:00:00',0,null,null,null,null,null,null,'bookly','2019-06-11 10:59:32' );
INSERT INTO wp_bookly_payments ( id,coupon_id,type,total,tax,paid,paid_type,gateway_price_correction,status,details,created )VALUES( 1065,null,'stripe',101.7,11.7,101.7,'in_full',0.00,'completed','{"items":[{"ca_id":1065,"appointment_date":"2019-10-19 15:00:00","service_name":"Conservatory","service_price":90,"service_tax":"11.70","wait_listed":false,"deposit_format":null,"number_of_persons":1,"units":"1","duration":"3600","staff_name":"Conservatory","extras":[]}],"coupon":null,"subtotal":{"price":90,"deposit":0},"customer":"Anna maria katsiaris","tax_in_price":"excluded","tax_paid":"11.70","extras_multiply_nop":1}','2019-06-11 10:59:32' );
INSERT INTO wp_bookly_customer_appointments ( id,series_id,package_id,customer_id,appointment_id,payment_id,number_of_persons,units,notes,extras,extras_multiply_nop,extras_consider_duration,custom_fields,status,status_changed_at,token,time_zone,time_zone_offset,rating,rating_comment,locale,collaborative_service_id,collaborative_token,compound_service_id,compound_token,created_from,created )VALUES( 1065,null,null,1064,1065,1065,1,1,'I AM BOOKING 3 ROOMS FOR MY WEDDING TOTAL OF 24 PEOPLE','[]',1,1,'[{"id":43107,"value":"aia photography"},{"id":51989,"value":"Wedding"},{"id":27913,"value":""},{"id":72188,"value":["I agree to <a href="https:\/\/www.mintroom.ca\/Terms_and_Conditions.pdf?v=11122018" target="_blank">Terms and Conditions<\/a>"]},{"id":85555,"value":["I agree there will be no more than 10 guests in the room per booking"]},{"id":27913,"value":" "},{"id":87958,"value":[]},{"id":45932,"value":[]}]','approved',null,null,null,null,null,null,null,null,null,null,null,'frontend','2019-06-11 10:59:32' );
INSERT INTO wp_bookly_appointments ( id,location_id,staff_id,staff_any,service_id,custom_service_name,custom_service_price,start_date,end_date,extras_duration,internal_note,google_event_id,google_event_etag,outlook_event_id,outlook_event_change_key,outlook_event_series_id,created_from,created )VALUES( 1066,null,11,0,6,null,null,'2019-10-19 15:00:00','2019-10-19 16:00:00',0,null,null,null,null,null,null,'bookly','2019-06-11 10:59:32' );
INSERT INTO wp_bookly_payments ( id,coupon_id,type,total,tax,paid,paid_type,gateway_price_correction,status,details,created )VALUES( 1066,null,'stripe',101.7,11.7,101.7,'in_full',0.00,'completed','{"items":[{"ca_id":1066,"appointment_date":"2019-10-19 15:00:00","service_name":"Library","service_price":90,"service_tax":"11.70","wait_listed":false,"deposit_format":null,"number_of_persons":1,"units":"1","duration":"3600","staff_name":"Library","extras":[]}],"coupon":null,"subtotal":{"price":90,"deposit":0},"customer":"anna maria katsiaris","tax_in_price":"excluded","tax_paid":"11.70","extras_multiply_nop":1}','2019-06-11 10:59:32' );
INSERT INTO wp_bookly_customer_appointments ( id,series_id,package_id,customer_id,appointment_id,payment_id,number_of_persons,units,notes,extras,extras_multiply_nop,extras_consider_duration,custom_fields,status,status_changed_at,token,time_zone,time_zone_offset,rating,rating_comment,locale,collaborative_service_id,collaborative_token,compound_service_id,compound_token,created_from,created )VALUES( 1066,null,null,1064,1066,1066,1,1,'I AM BOOKING 3 ROOMS FOR MY WEDDING TOTAL OF 24 PEOPLE','[]',1,1,'[{"id":43107,"value":"aia photography"},{"id":51989,"value":"Wedding"},{"id":27913,"value":""},{"id":72188,"value":["I agree to <a href="https:\/\/www.mintroom.ca\/Terms_and_Conditions.pdf?v=11122018" target="_blank">Terms and Conditions<\/a>"]},{"id":85555,"value":["I agree there will be no more than 10 guests in the room per booking"]},{"id":27913,"value":" "},{"id":87958,"value":[]},{"id":45932,"value":[]}]','approved',null,null,null,null,null,null,null,null,null,null,null,'frontend','2019-06-11 10:59:32' );
INSERT INTO wp_bookly_appointments ( id,location_id,staff_id,staff_any,service_id,custom_service_name,custom_service_price,start_date,end_date,extras_duration,internal_note,google_event_id,google_event_etag,outlook_event_id,outlook_event_change_key,outlook_event_series_id,created_from,created )VALUES( 1067,null,12,0,7,null,null,'2019-11-09 15:00:00','2019-11-09 16:00:00',0,null,null,null,null,null,null,'bookly','2019-06-11 10:59:32' );
INSERT INTO wp_bookly_payments ( id,coupon_id,type,total,tax,paid,paid_type,gateway_price_correction,status,details,created )VALUES( 1067,50,'coupon',0,0,0,'in_full',0.00,'completed','{"items":[{"ca_id":1067,"appointment_date":"2019-11-09 15:00:00","service_name":"Lounge","service_price":90,"service_tax":"11.70","wait_listed":false,"deposit_format":null,"number_of_persons":1,"units":"1","duration":"3600","staff_name":"Lounge","extras":[]}],"coupon":{"code":"PT_HUGE","discount":100,"deduction":"0.00"},"subtotal":{"price":90,"deposit":0},"customer":"Samantha Moreira","tax_in_price":"excluded","tax_paid":"0.00","extras_multiply_nop":1}','2019-06-11 10:59:32' );
INSERT INTO wp_bookly_customer_appointments ( id,series_id,package_id,customer_id,appointment_id,payment_id,number_of_persons,units,notes,extras,extras_multiply_nop,extras_consider_duration,custom_fields,status,status_changed_at,token,time_zone,time_zone_offset,rating,rating_comment,locale,collaborative_service_id,collaborative_token,compound_service_id,compound_token,created_from,created )VALUES( 1067,null,null,1017,1067,1067,1,1,'','[]',1,1,'[{"id":43107,"value":"Michael Fantauzzi"},{"id":51989,"value":"Wedding"},{"id":27913,"value":""},{"id":72188,"value":["I agree to <a href="https:\/\/www.mintroom.ca\/Terms_and_Conditions.pdf?v=11122018" target="_blank">Terms and Conditions<\/a>"]},{"id":85555,"value":["I agree there will be no more than 10 guests in the room per booking"]},{"id":27913,"value":" "},{"id":87958,"value":[]},{"id":45932,"value":[]}]','approved',null,null,null,null,null,null,null,null,null,null,null,'frontend','2019-06-11 10:59:32' );
INSERT INTO wp_bookly_appointments ( id,location_id,staff_id,staff_any,service_id,custom_service_name,custom_service_price,start_date,end_date,extras_duration,internal_note,google_event_id,google_event_etag,outlook_event_id,outlook_event_change_key,outlook_event_series_id,created_from,created )VALUES( 1068,null,10,0,5,null,null,'2019-07-20 15:00:00','2019-07-20 16:00:00',0,null,null,null,null,null,null,'bookly','2019-06-11 10:59:32' );
INSERT INTO wp_bookly_customers ( id,wp_user_id,facebook_id,group_id,full_name,first_name,last_name,phone,email,birthday,country,state,postcode,city,street,street_number,additional_address,notes,info_fields,credit,created )VALUES( 1068,null,null,null,'Daniella Macchiusi','Daniella Macchiusi','','6478935578','daniella.macchiusi@gmail.com*',null,'','','','','','','','',null,0,'2019-06-11 10:59:32' );
INSERT INTO wp_bookly_payments ( id,coupon_id,type,total,tax,paid,paid_type,gateway_price_correction,status,details,created )VALUES( 1068,null,'stripe',101.7,11.7,101.7,'in_full',0.00,'completed','{"items":[{"ca_id":1068,"appointment_date":"2019-07-20 15:00:00","service_name":"Conservatory","service_price":90,"service_tax":"11.70","wait_listed":false,"deposit_format":null,"number_of_persons":1,"units":"1","duration":"3600","staff_name":"Conservatory","extras":[]}],"coupon":null,"subtotal":{"price":90,"deposit":0},"customer":"Daniella Macchiusi","tax_in_price":"excluded","tax_paid":"11.70","extras_multiply_nop":1}','2019-06-11 10:59:32' );
INSERT INTO wp_bookly_customer_appointments ( id,series_id,package_id,customer_id,appointment_id,payment_id,number_of_persons,units,notes,extras,extras_multiply_nop,extras_consider_duration,custom_fields,status,status_changed_at,token,time_zone,time_zone_offset,rating,rating_comment,locale,collaborative_service_id,collaborative_token,compound_service_id,compound_token,created_from,created )VALUES( 1068,null,null,1068,1068,1068,1,1,'Hello, I called and spoke to a representative. My desired time of 2pm-4pm is taken so I am moving to 3pm-5pm. My bridal party including bride and groom is 13 people but all other rooms are taken from the 3pm-4pm time slot. Please call if there is an issue regarding bringing my bridal party in that day. ','[]',1,1,'[{"id":43107,"value":"Silvana Marshall"},{"id":51989,"value":"Wedding"},{"id":27913,"value":""},{"id":72188,"value":["I agree to <a href="https:\/\/www.mintroom.ca\/Terms_and_Conditions.pdf?v=11122018" target="_blank">Terms and Conditions<\/a>"]},{"id":85555,"value":["I agree there will be no more than 10 guests in the room per booking"]},{"id":27913,"value":" "},{"id":87958,"value":[]},{"id":45932,"value":[]}]','approved',null,null,null,null,null,null,null,null,null,null,null,'frontend','2019-06-11 10:59:32' );
INSERT INTO wp_bookly_appointments ( id,location_id,staff_id,staff_any,service_id,custom_service_name,custom_service_price,start_date,end_date,extras_duration,internal_note,google_event_id,google_event_etag,outlook_event_id,outlook_event_change_key,outlook_event_series_id,created_from,created )VALUES( 1069,null,11,0,6,null,null,'2019-07-20 16:00:00','2019-07-20 17:00:00',0,null,null,null,null,null,null,'bookly','2019-06-11 10:59:32' );
INSERT INTO wp_bookly_payments ( id,coupon_id,type,total,tax,paid,paid_type,gateway_price_correction,status,details,created )VALUES( 1069,null,'stripe',101.7,11.7,101.7,'in_full',0.00,'completed','{"items":[{"ca_id":1069,"appointment_date":"2019-07-20 16:00:00","service_name":"Library","service_price":90,"service_tax":"11.70","wait_listed":false,"deposit_format":null,"number_of_persons":1,"units":"1","duration":"3600","staff_name":"Library","extras":[]}],"coupon":null,"subtotal":{"price":90,"deposit":0},"customer":"Daniella Macchiusi","tax_in_price":"excluded","tax_paid":"11.70","extras_multiply_nop":1}','2019-06-11 10:59:32' );
INSERT INTO wp_bookly_customer_appointments ( id,series_id,package_id,customer_id,appointment_id,payment_id,number_of_persons,units,notes,extras,extras_multiply_nop,extras_consider_duration,custom_fields,status,status_changed_at,token,time_zone,time_zone_offset,rating,rating_comment,locale,collaborative_service_id,collaborative_token,compound_service_id,compound_token,created_from,created )VALUES( 1069,null,null,1068,1069,1069,1,1,'','[]',1,1,'[{"id":43107,"value":"Silvana Marshall"},{"id":51989,"value":"Wedding"},{"id":27913,"value":""},{"id":72188,"value":["I agree to <a href="https:\/\/www.mintroom.ca\/Terms_and_Conditions.pdf?v=11122018" target="_blank">Terms and Conditions<\/a>"]},{"id":85555,"value":["I agree there will be no more than 10 guests in the room per booking"]},{"id":27913,"value":" "},{"id":87958,"value":[]},{"id":45932,"value":[]}]','approved',null,null,null,null,null,null,null,null,null,null,null,'frontend','2019-06-11 10:59:32' );
INSERT INTO wp_bookly_appointments ( id,location_id,staff_id,staff_any,service_id,custom_service_name,custom_service_price,start_date,end_date,extras_duration,internal_note,google_event_id,google_event_etag,outlook_event_id,outlook_event_change_key,outlook_event_series_id,created_from,created )VALUES( 1070,null,9,0,4,null,null,'2019-07-20 16:00:00','2019-07-20 17:00:00',0,null,null,null,null,null,null,'bookly','2019-06-11 10:59:32' );
INSERT INTO wp_bookly_payments ( id,coupon_id,type,total,tax,paid,paid_type,gateway_price_correction,status,details,created )VALUES( 1070,null,'stripe',101.7,11.7,101.7,'in_full',0.00,'completed','{"items":[{"ca_id":1070,"appointment_date":"2019-07-20 16:00:00","service_name":"Ballroom","service_price":90,"service_tax":"11.70","wait_listed":false,"deposit_format":null,"number_of_persons":1,"units":"1","duration":"3600","staff_name":"Ballroom","extras":[]}],"coupon":null,"subtotal":{"price":90,"deposit":0},"customer":"Daniella Macchiusi","tax_in_price":"excluded","tax_paid":"11.70","extras_multiply_nop":1}','2019-06-11 10:59:32' );
INSERT INTO wp_bookly_customer_appointments ( id,series_id,package_id,customer_id,appointment_id,payment_id,number_of_persons,units,notes,extras,extras_multiply_nop,extras_consider_duration,custom_fields,status,status_changed_at,token,time_zone,time_zone_offset,rating,rating_comment,locale,collaborative_service_id,collaborative_token,compound_service_id,compound_token,created_from,created )VALUES( 1070,null,null,1068,1070,1070,1,1,'','[]',1,1,'[{"id":43107,"value":"Silvana Marshall"},{"id":51989,"value":"Wedding"},{"id":27913,"value":""},{"id":72188,"value":["I agree to <a href="https:\/\/www.mintroom.ca\/Terms_and_Conditions.pdf?v=11122018" target="_blank">Terms and Conditions<\/a>"]},{"id":85555,"value":["I agree there will be no more than 10 guests in the room per booking"]},{"id":27913,"value":" "},{"id":87958,"value":[]},{"id":45932,"value":[]}]','approved',null,null,null,null,null,null,null,null,null,null,null,'frontend','2019-06-11 10:59:32' );
INSERT INTO wp_bookly_appointments ( id,location_id,staff_id,staff_any,service_id,custom_service_name,custom_service_price,start_date,end_date,extras_duration,internal_note,google_event_id,google_event_etag,outlook_event_id,outlook_event_change_key,outlook_event_series_id,created_from,created )VALUES( 1071,null,2,0,1,null,null,'2019-07-20 15:00:00','2019-07-20 16:00:00',0,null,null,null,null,null,null,'bookly','2019-06-11 10:59:32' );
INSERT INTO wp_bookly_customers ( id,wp_user_id,facebook_id,group_id,full_name,first_name,last_name,phone,email,birthday,country,state,postcode,city,street,street_number,additional_address,notes,info_fields,credit,created )VALUES( 1071,null,null,null,'Serene Hanoun','Serene Hanoun','','9057171974','serene.h@hotmail.com*',null,'','','','','','','','',null,0,'2019-06-11 10:59:32' );
INSERT INTO wp_bookly_payments ( id,coupon_id,type,total,tax,paid,paid_type,gateway_price_correction,status,details,created )VALUES( 1071,null,'stripe',107.35,12.35,107.35,'in_full',0.00,'completed','{"items":[{"ca_id":1071,"appointment_date":"2019-07-20 15:00:00","service_name":"White Loft","service_price":95,"service_tax":"12.35","wait_listed":false,"deposit_format":null,"number_of_persons":1,"units":"1","duration":"3600","staff_name":"White Loft","extras":[]}],"coupon":null,"subtotal":{"price":95,"deposit":0},"customer":"Serene Hanoun","tax_in_price":"excluded","tax_paid":"12.35","extras_multiply_nop":1}','2019-06-11 10:59:32' );
INSERT INTO wp_bookly_customer_appointments ( id,series_id,package_id,customer_id,appointment_id,payment_id,number_of_persons,units,notes,extras,extras_multiply_nop,extras_consider_duration,custom_fields,status,status_changed_at,token,time_zone,time_zone_offset,rating,rating_comment,locale,collaborative_service_id,collaborative_token,compound_service_id,compound_token,created_from,created )VALUES( 1071,null,null,1071,1071,1071,1,1,'','[]',1,1,'[{"id":43107,"value":"Mango Studios"},{"id":51989,"value":"Wedding"},{"id":27913,"value":""},{"id":72188,"value":["I agree to <a href="https:\/\/www.mintroom.ca\/Terms_and_Conditions.pdf?v=11122018" target="_blank">Terms and Conditions<\/a>"]},{"id":85555,"value":["I agree there will be no more than 10 guests in the room per booking"]},{"id":27913,"value":" "},{"id":87958,"value":[]},{"id":45932,"value":[]}]','approved',null,null,null,null,null,null,null,null,null,null,null,'frontend','2019-06-11 10:59:32' );
INSERT INTO wp_bookly_appointments ( id,location_id,staff_id,staff_any,service_id,custom_service_name,custom_service_price,start_date,end_date,extras_duration,internal_note,google_event_id,google_event_etag,outlook_event_id,outlook_event_change_key,outlook_event_series_id,created_from,created )VALUES( 1072,null,12,0,7,null,null,'2019-06-30 13:00:00','2019-06-30 14:00:00',0,null,null,null,null,null,null,'bookly','2019-06-11 10:59:32' );
INSERT INTO wp_bookly_payments ( id,coupon_id,type,total,tax,paid,paid_type,gateway_price_correction,status,details,created )VALUES( 1072,null,'stripe',101.7,11.7,101.7,'in_full',0.00,'completed','{"items":[{"ca_id":1072,"appointment_date":"2019-06-30 13:00:00","service_name":"Lounge","service_price":90,"service_tax":"11.70","wait_listed":false,"deposit_format":null,"number_of_persons":1,"units":"1","duration":"3600","staff_name":"Lounge","extras":[]}],"coupon":null,"subtotal":{"price":90,"deposit":0},"customer":"anna maria katsiaris","tax_in_price":"excluded","tax_paid":"11.70","extras_multiply_nop":1}','2019-06-11 10:59:32' );
INSERT INTO wp_bookly_customer_appointments ( id,series_id,package_id,customer_id,appointment_id,payment_id,number_of_persons,units,notes,extras,extras_multiply_nop,extras_consider_duration,custom_fields,status,status_changed_at,token,time_zone,time_zone_offset,rating,rating_comment,locale,collaborative_service_id,collaborative_token,compound_service_id,compound_token,created_from,created )VALUES( 1072,null,null,1064,1072,1072,1,1,'','[]',1,1,'[{"id":43107,"value":"aia photography"},{"id":51989,"value":"engagement "},{"id":27913,"value":""},{"id":72188,"value":["I agree to <a href="https:\/\/www.mintroom.ca\/Terms_and_Conditions.pdf?v=11122018" target="_blank">Terms and Conditions<\/a>"]},{"id":85555,"value":["I agree there will be no more than 10 guests in the room per booking"]},{"id":27913,"value":" "},{"id":87958,"value":[]},{"id":45932,"value":[]}]','approved',null,null,null,null,null,null,null,null,null,null,null,'frontend','2019-06-11 10:59:32' );
INSERT INTO wp_bookly_appointments ( id,location_id,staff_id,staff_any,service_id,custom_service_name,custom_service_price,start_date,end_date,extras_duration,internal_note,google_event_id,google_event_etag,outlook_event_id,outlook_event_change_key,outlook_event_series_id,created_from,created )VALUES( 1073,null,9,0,4,null,null,'2019-09-01 13:00:00','2019-09-01 14:00:00',0,null,null,null,null,null,null,'bookly','2019-06-11 10:59:32' );
INSERT INTO wp_bookly_customers ( id,wp_user_id,facebook_id,group_id,full_name,first_name,last_name,phone,email,birthday,country,state,postcode,city,street,street_number,additional_address,notes,info_fields,credit,created )VALUES( 1073,null,null,null,'Jaclyn Talevski','Jaclyn Talevski','','4','jaclyntalevski@gmail.com*',null,'','','','','','','','',null,0,'2019-06-11 10:59:32' );
INSERT INTO wp_bookly_payments ( id,coupon_id,type,total,tax,paid,paid_type,gateway_price_correction,status,details,created )VALUES( 1073,50,'coupon',0,0,0,'in_full',0.00,'completed','{"items":[{"ca_id":1073,"appointment_date":"2019-09-01 13:00:00","service_name":"Ballroom","service_price":90,"service_tax":"11.70","wait_listed":false,"deposit_format":null,"number_of_persons":1,"units":"1","duration":"3600","staff_name":"Ballroom","extras":[]}],"coupon":{"code":"PT_HUGE","discount":100,"deduction":"0.00"},"subtotal":{"price":270,"deposit":0},"customer":"Jaclyn Talevski","tax_in_price":"excluded","tax_paid":"0.00","extras_multiply_nop":1}','2019-06-11 10:59:32' );
INSERT INTO wp_bookly_customer_appointments ( id,series_id,package_id,customer_id,appointment_id,payment_id,number_of_persons,units,notes,extras,extras_multiply_nop,extras_consider_duration,custom_fields,status,status_changed_at,token,time_zone,time_zone_offset,rating,rating_comment,locale,collaborative_service_id,collaborative_token,compound_service_id,compound_token,created_from,created )VALUES( 1073,null,null,1073,1073,1073,1,1,'','[]',1,1,'[{"id":43107,"value":"Derrick, Purple Tree"},{"id":51989,"value":"Wedding"},{"id":27913,"value":""},{"id":72188,"value":["I agree to <a href="https:\/\/www.mintroom.ca\/Terms_and_Conditions.pdf?v=11122018" target="_blank">Terms and Conditions<\/a>"]},{"id":85555,"value":["I agree there will be no more than 10 guests in the room per booking"]},{"id":27913,"value":" "},{"id":87958,"value":[]},{"id":45932,"value":[]}]','approved',null,null,null,null,null,null,null,null,null,null,null,'frontend','2019-06-11 10:59:32' );
INSERT INTO wp_bookly_appointments ( id,location_id,staff_id,staff_any,service_id,custom_service_name,custom_service_price,start_date,end_date,extras_duration,internal_note,google_event_id,google_event_etag,outlook_event_id,outlook_event_change_key,outlook_event_series_id,created_from,created )VALUES( 1074,null,9,0,4,null,null,'2019-09-01 14:00:00','2019-09-01 15:00:00',0,null,null,null,null,null,null,'bookly','2019-06-11 10:59:32' );
INSERT INTO wp_bookly_payments ( id,coupon_id,type,total,tax,paid,paid_type,gateway_price_correction,status,details,created )VALUES( 1074,50,'coupon',0,0,0,'in_full',0.00,'completed','{"items":[{"ca_id":1074,"appointment_date":"2019-09-01 14:00:00","service_name":"Ballroom","service_price":90,"service_tax":"11.70","wait_listed":false,"deposit_format":null,"number_of_persons":1,"units":"1","duration":"3600","staff_name":"Ballroom","extras":[]}],"coupon":{"code":"PT_HUGE","discount":100,"deduction":"0.00"},"subtotal":{"price":270,"deposit":0},"customer":"Jaclyn Talevski","tax_in_price":"excluded","tax_paid":"0.00","extras_multiply_nop":1}','2019-06-11 10:59:32' );
INSERT INTO wp_bookly_customer_appointments ( id,series_id,package_id,customer_id,appointment_id,payment_id,number_of_persons,units,notes,extras,extras_multiply_nop,extras_consider_duration,custom_fields,status,status_changed_at,token,time_zone,time_zone_offset,rating,rating_comment,locale,collaborative_service_id,collaborative_token,compound_service_id,compound_token,created_from,created )VALUES( 1074,null,null,1073,1074,1074,1,1,'','[]',1,1,'[{"id":43107,"value":"Derrick, Purple Tree"},{"id":51989,"value":"Wedding"},{"id":27913,"value":""},{"id":72188,"value":["I agree to <a href="https:\/\/www.mintroom.ca\/Terms_and_Conditions.pdf?v=11122018" target="_blank">Terms and Conditions<\/a>"]},{"id":85555,"value":["I agree there will be no more than 10 guests in the room per booking"]},{"id":27913,"value":" "},{"id":87958,"value":[]},{"id":45932,"value":[]}]','approved',null,null,null,null,null,null,null,null,null,null,null,'frontend','2019-06-11 10:59:32' );
INSERT INTO wp_bookly_appointments ( id,location_id,staff_id,staff_any,service_id,custom_service_name,custom_service_price,start_date,end_date,extras_duration,internal_note,google_event_id,google_event_etag,outlook_event_id,outlook_event_change_key,outlook_event_series_id,created_from,created )VALUES( 1075,null,9,0,4,null,null,'2019-09-01 15:00:00','2019-09-01 16:00:00',0,null,null,null,null,null,null,'bookly','2019-06-11 10:59:32' );
INSERT INTO wp_bookly_payments ( id,coupon_id,type,total,tax,paid,paid_type,gateway_price_correction,status,details,created )VALUES( 1075,50,'coupon',0,0,0,'in_full',0.00,'completed','{"items":[{"ca_id":1075,"appointment_date":"2019-09-01 15:00:00","service_name":"Ballroom","service_price":90,"service_tax":"11.70","wait_listed":false,"deposit_format":null,"number_of_persons":1,"units":"1","duration":"3600","staff_name":"Ballroom","extras":[]}],"coupon":{"code":"PT_HUGE","discount":100,"deduction":"0.00"},"subtotal":{"price":270,"deposit":0},"customer":"Jaclyn Talevski","tax_in_price":"excluded","tax_paid":"0.00","extras_multiply_nop":1}','2019-06-11 10:59:32' );
INSERT INTO wp_bookly_customer_appointments ( id,series_id,package_id,customer_id,appointment_id,payment_id,number_of_persons,units,notes,extras,extras_multiply_nop,extras_consider_duration,custom_fields,status,status_changed_at,token,time_zone,time_zone_offset,rating,rating_comment,locale,collaborative_service_id,collaborative_token,compound_service_id,compound_token,created_from,created )VALUES( 1075,null,null,1073,1075,1075,1,1,'','[]',1,1,'[{"id":43107,"value":"Derrick, Purple Tree"},{"id":51989,"value":"Wedding"},{"id":27913,"value":""},{"id":72188,"value":["I agree to <a href="https:\/\/www.mintroom.ca\/Terms_and_Conditions.pdf?v=11122018" target="_blank">Terms and Conditions<\/a>"]},{"id":85555,"value":["I agree there will be no more than 10 guests in the room per booking"]},{"id":27913,"value":" "},{"id":87958,"value":[]},{"id":45932,"value":[]}]','approved',null,null,null,null,null,null,null,null,null,null,null,'frontend','2019-06-11 10:59:32' );
INSERT INTO wp_bookly_appointments ( id,location_id,staff_id,staff_any,service_id,custom_service_name,custom_service_price,start_date,end_date,extras_duration,internal_note,google_event_id,google_event_etag,outlook_event_id,outlook_event_change_key,outlook_event_series_id,created_from,created )VALUES( 1076,null,11,0,6,null,null,'2019-09-01 13:00:00','2019-09-01 14:00:00',0,null,null,null,null,null,null,'bookly','2019-06-11 10:59:32' );
INSERT INTO wp_bookly_payments ( id,coupon_id,type,total,tax,paid,paid_type,gateway_price_correction,status,details,created )VALUES( 1076,50,'coupon',0,0,0,'in_full',0.00,'completed','{"items":[{"ca_id":1076,"appointment_date":"2019-09-01 13:00:00","service_name":"Library","service_price":90,"service_tax":"11.70","wait_listed":false,"deposit_format":null,"number_of_persons":1,"units":"1","duration":"3600","staff_name":"Library","extras":[]}],"coupon":{"code":"PT_HUGE","discount":100,"deduction":"0.00"},"subtotal":{"price":270,"deposit":0},"customer":"Jaclyn Talevski","tax_in_price":"excluded","tax_paid":"0.00","extras_multiply_nop":1}','2019-06-11 10:59:32' );
INSERT INTO wp_bookly_customer_appointments ( id,series_id,package_id,customer_id,appointment_id,payment_id,number_of_persons,units,notes,extras,extras_multiply_nop,extras_consider_duration,custom_fields,status,status_changed_at,token,time_zone,time_zone_offset,rating,rating_comment,locale,collaborative_service_id,collaborative_token,compound_service_id,compound_token,created_from,created )VALUES( 1076,null,null,1073,1076,1076,1,1,'','[]',1,1,'[{"id":43107,"value":"Derrick, Purple Tree"},{"id":51989,"value":"Wedding"},{"id":27913,"value":""},{"id":72188,"value":["I agree to <a href="https:\/\/www.mintroom.ca\/Terms_and_Conditions.pdf?v=11122018" target="_blank">Terms and Conditions<\/a>"]},{"id":85555,"value":["I agree there will be no more than 10 guests in the room per booking"]},{"id":27913,"value":" "},{"id":87958,"value":[]},{"id":45932,"value":[]}]','approved',null,null,null,null,null,null,null,null,null,null,null,'frontend','2019-06-11 10:59:32' );
INSERT INTO wp_bookly_appointments ( id,location_id,staff_id,staff_any,service_id,custom_service_name,custom_service_price,start_date,end_date,extras_duration,internal_note,google_event_id,google_event_etag,outlook_event_id,outlook_event_change_key,outlook_event_series_id,created_from,created )VALUES( 1077,null,11,0,6,null,null,'2019-09-01 14:00:00','2019-09-01 15:00:00',0,null,null,null,null,null,null,'bookly','2019-06-11 10:59:32' );
INSERT INTO wp_bookly_payments ( id,coupon_id,type,total,tax,paid,paid_type,gateway_price_correction,status,details,created )VALUES( 1077,50,'coupon',0,0,0,'in_full',0.00,'completed','{"items":[{"ca_id":1077,"appointment_date":"2019-09-01 14:00:00","service_name":"Library","service_price":90,"service_tax":"11.70","wait_listed":false,"deposit_format":null,"number_of_persons":1,"units":"1","duration":"3600","staff_name":"Library","extras":[]}],"coupon":{"code":"PT_HUGE","discount":100,"deduction":"0.00"},"subtotal":{"price":270,"deposit":0},"customer":"Jaclyn Talevski","tax_in_price":"excluded","tax_paid":"0.00","extras_multiply_nop":1}','2019-06-11 10:59:32' );
INSERT INTO wp_bookly_customer_appointments ( id,series_id,package_id,customer_id,appointment_id,payment_id,number_of_persons,units,notes,extras,extras_multiply_nop,extras_consider_duration,custom_fields,status,status_changed_at,token,time_zone,time_zone_offset,rating,rating_comment,locale,collaborative_service_id,collaborative_token,compound_service_id,compound_token,created_from,created )VALUES( 1077,null,null,1073,1077,1077,1,1,'','[]',1,1,'[{"id":43107,"value":"Derrick, Purple Tree"},{"id":51989,"value":"Wedding"},{"id":27913,"value":""},{"id":72188,"value":["I agree to <a href="https:\/\/www.mintroom.ca\/Terms_and_Conditions.pdf?v=11122018" target="_blank">Terms and Conditions<\/a>"]},{"id":85555,"value":["I agree there will be no more than 10 guests in the room per booking"]},{"id":27913,"value":" "},{"id":87958,"value":[]},{"id":45932,"value":[]}]','approved',null,null,null,null,null,null,null,null,null,null,null,'frontend','2019-06-11 10:59:32' );
INSERT INTO wp_bookly_appointments ( id,location_id,staff_id,staff_any,service_id,custom_service_name,custom_service_price,start_date,end_date,extras_duration,internal_note,google_event_id,google_event_etag,outlook_event_id,outlook_event_change_key,outlook_event_series_id,created_from,created )VALUES( 1078,null,11,0,6,null,null,'2019-09-01 15:00:00','2019-09-01 16:00:00',0,null,null,null,null,null,null,'bookly','2019-06-11 10:59:32' );
INSERT INTO wp_bookly_payments ( id,coupon_id,type,total,tax,paid,paid_type,gateway_price_correction,status,details,created )VALUES( 1078,50,'coupon',0,0,0,'in_full',0.00,'completed','{"items":[{"ca_id":1078,"appointment_date":"2019-09-01 15:00:00","service_name":"Library","service_price":90,"service_tax":"11.70","wait_listed":false,"deposit_format":null,"number_of_persons":1,"units":"1","duration":"3600","staff_name":"Library","extras":[]}],"coupon":{"code":"PT_HUGE","discount":100,"deduction":"0.00"},"subtotal":{"price":270,"deposit":0},"customer":"Jaclyn Talevski","tax_in_price":"excluded","tax_paid":"0.00","extras_multiply_nop":1}','2019-06-11 10:59:32' );
INSERT INTO wp_bookly_customer_appointments ( id,series_id,package_id,customer_id,appointment_id,payment_id,number_of_persons,units,notes,extras,extras_multiply_nop,extras_consider_duration,custom_fields,status,status_changed_at,token,time_zone,time_zone_offset,rating,rating_comment,locale,collaborative_service_id,collaborative_token,compound_service_id,compound_token,created_from,created )VALUES( 1078,null,null,1073,1078,1078,1,1,'','[]',1,1,'[{"id":43107,"value":"Derrick, Purple Tree"},{"id":51989,"value":"Wedding"},{"id":27913,"value":""},{"id":72188,"value":["I agree to <a href="https:\/\/www.mintroom.ca\/Terms_and_Conditions.pdf?v=11122018" target="_blank">Terms and Conditions<\/a>"]},{"id":85555,"value":["I agree there will be no more than 10 guests in the room per booking"]},{"id":27913,"value":" "},{"id":87958,"value":[]},{"id":45932,"value":[]}]','approved',null,null,null,null,null,null,null,null,null,null,null,'frontend','2019-06-11 10:59:32' );
INSERT INTO wp_bookly_appointments ( id,location_id,staff_id,staff_any,service_id,custom_service_name,custom_service_price,start_date,end_date,extras_duration,internal_note,google_event_id,google_event_etag,outlook_event_id,outlook_event_change_key,outlook_event_series_id,created_from,created )VALUES( 1079,null,9,0,4,null,null,'2019-08-10 14:00:00','2019-08-10 15:00:00',0,null,null,null,null,null,null,'bookly','2019-06-11 10:59:32' );
INSERT INTO wp_bookly_customers ( id,wp_user_id,facebook_id,group_id,full_name,first_name,last_name,phone,email,birthday,country,state,postcode,city,street,street_number,additional_address,notes,info_fields,credit,created )VALUES( 1079,null,null,null,'Daniela Correale','Daniela Correale','','4168436986','danielacorreale@icloud.com*',null,'','','','','','','','',null,0,'2019-06-11 10:59:32' );
INSERT INTO wp_bookly_payments ( id,coupon_id,type,total,tax,paid,paid_type,gateway_price_correction,status,details,created )VALUES( 1079,null,'stripe',101.7,11.7,101.7,'in_full',0.00,'completed','{"items":[{"ca_id":1079,"appointment_date":"2019-08-10 14:00:00","service_name":"Ballroom","service_price":90,"service_tax":"11.70","wait_listed":false,"deposit_format":null,"number_of_persons":1,"units":"1","duration":"3600","staff_name":"Ballroom","extras":[]}],"coupon":null,"subtotal":{"price":90,"deposit":0},"customer":"Daniela Correale","tax_in_price":"excluded","tax_paid":"11.70","extras_multiply_nop":1}','2019-06-11 10:59:32' );
INSERT INTO wp_bookly_customer_appointments ( id,series_id,package_id,customer_id,appointment_id,payment_id,number_of_persons,units,notes,extras,extras_multiply_nop,extras_consider_duration,custom_fields,status,status_changed_at,token,time_zone,time_zone_offset,rating,rating_comment,locale,collaborative_service_id,collaborative_token,compound_service_id,compound_token,created_from,created )VALUES( 1079,null,null,1079,1079,1079,1,1,'We have ten people for our Bridal party however with the photographers It makes us over 1o. I have called and the man that i spoke to said it would be fine.','[]',1,1,'[{"id":43107,"value":"Bianco Nero"},{"id":51989,"value":"Wedding"},{"id":27913,"value":""},{"id":72188,"value":["I agree to <a href="https:\/\/www.mintroom.ca\/Terms_and_Conditions.pdf?v=11122018" target="_blank">Terms and Conditions<\/a>"]},{"id":85555,"value":["I agree there will be no more than 10 guests in the room per booking"]},{"id":27913,"value":" "},{"id":87958,"value":[]},{"id":45932,"value":[]}]','approved',null,null,null,null,null,null,null,null,null,null,null,'frontend','2019-06-11 10:59:32' );
INSERT INTO wp_bookly_appointments ( id,location_id,staff_id,staff_any,service_id,custom_service_name,custom_service_price,start_date,end_date,extras_duration,internal_note,google_event_id,google_event_etag,outlook_event_id,outlook_event_change_key,outlook_event_series_id,created_from,created )VALUES( 1080,null,11,0,6,null,null,'2019-08-10 14:00:00','2019-08-10 15:00:00',0,null,null,null,null,null,null,'bookly','2019-06-11 10:59:32' );
INSERT INTO wp_bookly_payments ( id,coupon_id,type,total,tax,paid,paid_type,gateway_price_correction,status,details,created )VALUES( 1080,null,'stripe',101.7,11.7,101.7,'in_full',0.00,'completed','{"items":[{"ca_id":1080,"appointment_date":"2019-08-10 14:00:00","service_name":"Library","service_price":90,"service_tax":"11.70","wait_listed":false,"deposit_format":null,"number_of_persons":1,"units":"1","duration":"3600","staff_name":"Library","extras":[]}],"coupon":null,"subtotal":{"price":90,"deposit":0},"customer":"Daniela Correale","tax_in_price":"excluded","tax_paid":"11.70","extras_multiply_nop":1}','2019-06-11 10:59:32' );
INSERT INTO wp_bookly_customer_appointments ( id,series_id,package_id,customer_id,appointment_id,payment_id,number_of_persons,units,notes,extras,extras_multiply_nop,extras_consider_duration,custom_fields,status,status_changed_at,token,time_zone,time_zone_offset,rating,rating_comment,locale,collaborative_service_id,collaborative_token,compound_service_id,compound_token,created_from,created )VALUES( 1080,null,null,1079,1080,1080,1,1,'We have over 8 people with the photographers, the man i spoke to on the phone said it would be ok, we also booked the ballroom at the same time.','[]',1,1,'[{"id":43107,"value":"Bianco Nero"},{"id":51989,"value":"Wedding"},{"id":27913,"value":""},{"id":72188,"value":["I agree to <a href="https:\/\/www.mintroom.ca\/Terms_and_Conditions.pdf?v=11122018" target="_blank">Terms and Conditions<\/a>"]},{"id":85555,"value":["I agree there will be no more than 10 guests in the room per booking"]},{"id":27913,"value":" "},{"id":87958,"value":[]},{"id":45932,"value":[]}]','approved',null,null,null,null,null,null,null,null,null,null,null,'frontend','2019-06-11 10:59:32' );
INSERT INTO wp_bookly_appointments ( id,location_id,staff_id,staff_any,service_id,custom_service_name,custom_service_price,start_date,end_date,extras_duration,internal_note,google_event_id,google_event_etag,outlook_event_id,outlook_event_change_key,outlook_event_series_id,created_from,created )VALUES( 1081,null,10,0,5,null,null,'2019-07-20 14:00:00','2019-07-20 15:00:00',0,null,null,null,null,null,null,'bookly','2019-06-11 10:59:32' );
INSERT INTO wp_bookly_customers ( id,wp_user_id,facebook_id,group_id,full_name,first_name,last_name,phone,email,birthday,country,state,postcode,city,street,street_number,additional_address,notes,info_fields,credit,created )VALUES( 1081,null,null,null,'Daniella MacchiusI','Daniella MacchiusI','','6478935578','Daniella.macchiusi@gmail.com*',null,'','','','','','','','',null,0,'2019-06-11 10:59:32' );
INSERT INTO wp_bookly_payments ( id,coupon_id,type,total,tax,paid,paid_type,gateway_price_correction,status,details,created )VALUES( 1081,null,'stripe',101.7,11.7,101.7,'in_full',0.00,'completed','{"items":[{"ca_id":1081,"appointment_date":"2019-07-20 14:00:00","service_name":"Conservatory","service_price":90,"service_tax":"11.70","wait_listed":false,"deposit_format":null,"number_of_persons":1,"units":"1","duration":"3600","staff_name":"Conservatory","extras":[]}],"coupon":null,"subtotal":{"price":90,"deposit":0},"customer":"Daniella MacchiusI","tax_in_price":"excluded","tax_paid":"11.70","extras_multiply_nop":1}','2019-06-11 10:59:32' );
INSERT INTO wp_bookly_customer_appointments ( id,series_id,package_id,customer_id,appointment_id,payment_id,number_of_persons,units,notes,extras,extras_multiply_nop,extras_consider_duration,custom_fields,status,status_changed_at,token,time_zone,time_zone_offset,rating,rating_comment,locale,collaborative_service_id,collaborative_token,compound_service_id,compound_token,created_from,created )VALUES( 1081,null,null,1081,1081,1081,1,1,'I have booked this room from 3pm-4pm as well. I am adding additional hour for my decorator Eddie Corner to set up for the photos :)','[]',1,1,'[{"id":43107,"value":"Silvana Marshall "},{"id":51989,"value":"Wedding"},{"id":27913,"value":""},{"id":72188,"value":["I agree to <a href="https:\/\/www.mintroom.ca\/Terms_and_Conditions.pdf?v=11122018" target="_blank">Terms and Conditions<\/a>"]},{"id":85555,"value":["I agree there will be no more than 10 guests in the room per booking"]},{"id":27913,"value":" "},{"id":87958,"value":[]},{"id":45932,"value":[]}]','approved',null,null,null,null,null,null,null,null,null,null,null,'frontend','2019-06-11 10:59:32' );
INSERT INTO wp_bookly_appointments ( id,location_id,staff_id,staff_any,service_id,custom_service_name,custom_service_price,start_date,end_date,extras_duration,internal_note,google_event_id,google_event_etag,outlook_event_id,outlook_event_change_key,outlook_event_series_id,created_from,created )VALUES( 1082,null,9,0,4,null,null,'2019-06-22 16:00:00','2019-06-22 17:00:00',0,null,null,null,null,null,null,'bookly','2019-06-11 10:59:32' );
INSERT INTO wp_bookly_appointments ( id,location_id,staff_id,staff_any,service_id,custom_service_name,custom_service_price,start_date,end_date,extras_duration,internal_note,google_event_id,google_event_etag,outlook_event_id,outlook_event_change_key,outlook_event_series_id,created_from,created )VALUES( 3082,null,13,0,8,null,null,'2019-06-22 16:00:00','2019-06-22 17:00:00',0,null,null,null,null,null,null,'bookly','2019-06-11 10:59:32' );
INSERT INTO wp_bookly_appointments ( id,location_id,staff_id,staff_any,service_id,custom_service_name,custom_service_price,start_date,end_date,extras_duration,internal_note,google_event_id,google_event_etag,outlook_event_id,outlook_event_change_key,outlook_event_series_id,created_from,created )VALUES( 4082,null,14,0,9,null,null,'2019-06-22 16:00:00','2019-06-22 17:00:00',0,null,null,null,null,null,null,'bookly','2019-06-11 10:59:32' );
INSERT INTO wp_bookly_customers ( id,wp_user_id,facebook_id,group_id,full_name,first_name,last_name,phone,email,birthday,country,state,postcode,city,street,street_number,additional_address,notes,info_fields,credit,created )VALUES( 1082,null,null,null,'Georgina Vretos','Georgina Vretos','','4169306224','georgina.vretos@gmail.com*',null,'','','','','','','','',null,0,'2019-06-11 10:59:32' );
INSERT INTO wp_bookly_customer_appointments ( id,series_id,package_id,customer_id,appointment_id,payment_id,number_of_persons,units,notes,extras,extras_multiply_nop,extras_consider_duration,custom_fields,status,status_changed_at,token,time_zone,time_zone_offset,rating,rating_comment,locale,collaborative_service_id,collaborative_token,compound_service_id,compound_token,created_from,created )VALUES( 1082,null,null,1082,1082,1082,1,1,'','[]',1,1,'[{"id":43107,"value":"Purple Tree Photography"},{"id":51989,"value":"Wedding"},{"id":27913,"value":""},{"id":72188,"value":["I agree to <a href="https:\/\/www.mintroom.ca\/Terms_and_Conditions.pdf?v=11122018" target="_blank">Terms and Conditions<\/a>"]},{"id":85555,"value":["I agree there will be no more than 10 guests in the room per booking"]},{"id":27913,"value":" "},{"id":87958,"value":[]},{"id":45932,"value":[]}]','approved',null,null,null,null,null,null,null,null,null,null,null,'frontend','2019-06-11 10:59:32' );
INSERT INTO wp_bookly_appointments ( id,location_id,staff_id,staff_any,service_id,custom_service_name,custom_service_price,start_date,end_date,extras_duration,internal_note,google_event_id,google_event_etag,outlook_event_id,outlook_event_change_key,outlook_event_series_id,created_from,created )VALUES( 1083,null,9,0,4,null,null,'2019-06-22 17:00:00','2019-06-22 18:00:00',0,null,null,null,null,null,null,'bookly','2019-06-11 10:59:32' );
INSERT INTO wp_bookly_appointments ( id,location_id,staff_id,staff_any,service_id,custom_service_name,custom_service_price,start_date,end_date,extras_duration,internal_note,google_event_id,google_event_etag,outlook_event_id,outlook_event_change_key,outlook_event_series_id,created_from,created )VALUES( 3083,null,13,0,8,null,null,'2019-06-22 17:00:00','2019-06-22 18:00:00',0,null,null,null,null,null,null,'bookly','2019-06-11 10:59:32' );
INSERT INTO wp_bookly_appointments ( id,location_id,staff_id,staff_any,service_id,custom_service_name,custom_service_price,start_date,end_date,extras_duration,internal_note,google_event_id,google_event_etag,outlook_event_id,outlook_event_change_key,outlook_event_series_id,created_from,created )VALUES( 4083,null,14,0,9,null,null,'2019-06-22 17:00:00','2019-06-22 18:00:00',0,null,null,null,null,null,null,'bookly','2019-06-11 10:59:32' );
INSERT INTO wp_bookly_customer_appointments ( id,series_id,package_id,customer_id,appointment_id,payment_id,number_of_persons,units,notes,extras,extras_multiply_nop,extras_consider_duration,custom_fields,status,status_changed_at,token,time_zone,time_zone_offset,rating,rating_comment,locale,collaborative_service_id,collaborative_token,compound_service_id,compound_token,created_from,created )VALUES( 1083,null,null,1082,1083,1083,1,1,'','[]',1,1,'[{"id":43107,"value":"Purple Tree Photography"},{"id":51989,"value":"Wedding"},{"id":27913,"value":""},{"id":72188,"value":["I agree to <a href="https:\/\/www.mintroom.ca\/Terms_and_Conditions.pdf?v=11122018" target="_blank">Terms and Conditions<\/a>"]},{"id":85555,"value":["I agree there will be no more than 10 guests in the room per booking"]},{"id":27913,"value":" "},{"id":87958,"value":[]},{"id":45932,"value":[]}]','approved',null,null,null,null,null,null,null,null,null,null,null,'frontend','2019-06-11 10:59:32' );
INSERT INTO wp_bookly_appointments ( id,location_id,staff_id,staff_any,service_id,custom_service_name,custom_service_price,start_date,end_date,extras_duration,internal_note,google_event_id,google_event_etag,outlook_event_id,outlook_event_change_key,outlook_event_series_id,created_from,created )VALUES( 1084,null,11,0,6,null,null,'2019-06-22 16:00:00','2019-06-22 17:00:00',0,null,null,null,null,null,null,'bookly','2019-06-11 10:59:32' );
INSERT INTO wp_bookly_payments ( id,coupon_id,type,total,tax,paid,paid_type,gateway_price_correction,status,details,created )VALUES( 1084,null,'stripe',203.4,23.4,203.4,'in_full',0.00,'completed','{"items":[{"ca_id":1084,"appointment_date":"2019-06-22 16:00:00","service_name":"Library","service_price":90,"service_tax":"11.70","wait_listed":false,"deposit_format":null,"number_of_persons":1,"units":"1","duration":"3600","staff_name":"Library","extras":[]}],"coupon":null,"subtotal":{"price":180,"deposit":0},"customer":"Georgina Vretos","tax_in_price":"excluded","tax_paid":"23.40","extras_multiply_nop":1}','2019-06-11 10:59:32' );
INSERT INTO wp_bookly_customer_appointments ( id,series_id,package_id,customer_id,appointment_id,payment_id,number_of_persons,units,notes,extras,extras_multiply_nop,extras_consider_duration,custom_fields,status,status_changed_at,token,time_zone,time_zone_offset,rating,rating_comment,locale,collaborative_service_id,collaborative_token,compound_service_id,compound_token,created_from,created )VALUES( 1084,null,null,1082,1084,1084,1,1,'','[]',1,1,'[{"id":43107,"value":"Purple Tree Photography"},{"id":51989,"value":"Wedding"},{"id":27913,"value":""},{"id":72188,"value":["I agree to <a href="https:\/\/www.mintroom.ca\/Terms_and_Conditions.pdf?v=11122018" target="_blank">Terms and Conditions<\/a>"]},{"id":85555,"value":["I agree there will be no more than 10 guests in the room per booking"]},{"id":27913,"value":" "},{"id":87958,"value":[]},{"id":45932,"value":[]}]','approved',null,null,null,null,null,null,null,null,null,null,null,'frontend','2019-06-11 10:59:32' );
INSERT INTO wp_bookly_appointments ( id,location_id,staff_id,staff_any,service_id,custom_service_name,custom_service_price,start_date,end_date,extras_duration,internal_note,google_event_id,google_event_etag,outlook_event_id,outlook_event_change_key,outlook_event_series_id,created_from,created )VALUES( 1085,null,11,0,6,null,null,'2019-06-22 17:00:00','2019-06-22 18:00:00',0,null,null,null,null,null,null,'bookly','2019-06-11 10:59:32' );
INSERT INTO wp_bookly_payments ( id,coupon_id,type,total,tax,paid,paid_type,gateway_price_correction,status,details,created )VALUES( 1085,null,'stripe',203.4,23.4,203.4,'in_full',0.00,'completed','{"items":[{"ca_id":1085,"appointment_date":"2019-06-22 17:00:00","service_name":"Library","service_price":90,"service_tax":"11.70","wait_listed":false,"deposit_format":null,"number_of_persons":1,"units":"1","duration":"3600","staff_name":"Library","extras":[]}],"coupon":null,"subtotal":{"price":180,"deposit":0},"customer":"Georgina Vretos","tax_in_price":"excluded","tax_paid":"23.40","extras_multiply_nop":1}','2019-06-11 10:59:32' );
INSERT INTO wp_bookly_customer_appointments ( id,series_id,package_id,customer_id,appointment_id,payment_id,number_of_persons,units,notes,extras,extras_multiply_nop,extras_consider_duration,custom_fields,status,status_changed_at,token,time_zone,time_zone_offset,rating,rating_comment,locale,collaborative_service_id,collaborative_token,compound_service_id,compound_token,created_from,created )VALUES( 1085,null,null,1082,1085,1085,1,1,'','[]',1,1,'[{"id":43107,"value":"Purple Tree Photography"},{"id":51989,"value":"Wedding"},{"id":27913,"value":""},{"id":72188,"value":["I agree to <a href="https:\/\/www.mintroom.ca\/Terms_and_Conditions.pdf?v=11122018" target="_blank">Terms and Conditions<\/a>"]},{"id":85555,"value":["I agree there will be no more than 10 guests in the room per booking"]},{"id":27913,"value":" "},{"id":87958,"value":[]},{"id":45932,"value":[]}]','approved',null,null,null,null,null,null,null,null,null,null,null,'frontend','2019-06-11 10:59:32' );
INSERT INTO wp_bookly_appointments ( id,location_id,staff_id,staff_any,service_id,custom_service_name,custom_service_price,start_date,end_date,extras_duration,internal_note,google_event_id,google_event_etag,outlook_event_id,outlook_event_change_key,outlook_event_series_id,created_from,created )VALUES( 1086,null,12,0,7,null,null,'2019-06-22 16:00:00','2019-06-22 17:00:00',0,null,null,null,null,null,null,'bookly','2019-06-11 10:59:32' );
INSERT INTO wp_bookly_payments ( id,coupon_id,type,total,tax,paid,paid_type,gateway_price_correction,status,details,created )VALUES( 1086,null,'stripe',124.3,14.3,124.3,'in_full',0.00,'completed','{"items":[{"ca_id":1086,"appointment_date":"2019-06-22 16:00:00","service_name":"Lounge","service_price":55,"service_tax":"7.15","wait_listed":false,"deposit_format":null,"number_of_persons":1,"units":"1","duration":"3600","staff_name":"Lounge","extras":[]}],"coupon":null,"subtotal":{"price":110,"deposit":0},"customer":"Georgina Vretos","tax_in_price":"excluded","tax_paid":"14.30","extras_multiply_nop":1}','2019-06-11 10:59:32' );
INSERT INTO wp_bookly_customer_appointments ( id,series_id,package_id,customer_id,appointment_id,payment_id,number_of_persons,units,notes,extras,extras_multiply_nop,extras_consider_duration,custom_fields,status,status_changed_at,token,time_zone,time_zone_offset,rating,rating_comment,locale,collaborative_service_id,collaborative_token,compound_service_id,compound_token,created_from,created )VALUES( 1086,null,null,1082,1086,1086,1,1,'','[]',1,1,'[{"id":43107,"value":"Purple Tree Photography"},{"id":51989,"value":"Wedding"},{"id":27913,"value":""},{"id":72188,"value":["I agree to <a href="https:\/\/www.mintroom.ca\/Terms_and_Conditions.pdf?v=11122018" target="_blank">Terms and Conditions<\/a>"]},{"id":85555,"value":["I agree there will be no more than 10 guests in the room per booking"]},{"id":27913,"value":" "},{"id":87958,"value":[]},{"id":45932,"value":[]}]','approved',null,null,null,null,null,null,null,null,null,null,null,'frontend','2019-06-11 10:59:32' );
INSERT INTO wp_bookly_appointments ( id,location_id,staff_id,staff_any,service_id,custom_service_name,custom_service_price,start_date,end_date,extras_duration,internal_note,google_event_id,google_event_etag,outlook_event_id,outlook_event_change_key,outlook_event_series_id,created_from,created )VALUES( 1087,null,12,0,7,null,null,'2019-06-22 17:00:00','2019-06-22 18:00:00',0,null,null,null,null,null,null,'bookly','2019-06-11 10:59:32' );
INSERT INTO wp_bookly_payments ( id,coupon_id,type,total,tax,paid,paid_type,gateway_price_correction,status,details,created )VALUES( 1087,null,'stripe',124.3,14.3,124.3,'in_full',0.00,'completed','{"items":[{"ca_id":1087,"appointment_date":"2019-06-22 17:00:00","service_name":"Lounge","service_price":55,"service_tax":"7.15","wait_listed":false,"deposit_format":null,"number_of_persons":1,"units":"1","duration":"3600","staff_name":"Lounge","extras":[]}],"coupon":null,"subtotal":{"price":110,"deposit":0},"customer":"Georgina Vretos","tax_in_price":"excluded","tax_paid":"14.30","extras_multiply_nop":1}','2019-06-11 10:59:32' );
INSERT INTO wp_bookly_customer_appointments ( id,series_id,package_id,customer_id,appointment_id,payment_id,number_of_persons,units,notes,extras,extras_multiply_nop,extras_consider_duration,custom_fields,status,status_changed_at,token,time_zone,time_zone_offset,rating,rating_comment,locale,collaborative_service_id,collaborative_token,compound_service_id,compound_token,created_from,created )VALUES( 1087,null,null,1082,1087,1087,1,1,'','[]',1,1,'[{"id":43107,"value":"Purple Tree Photography"},{"id":51989,"value":"Wedding"},{"id":27913,"value":""},{"id":72188,"value":["I agree to <a href="https:\/\/www.mintroom.ca\/Terms_and_Conditions.pdf?v=11122018" target="_blank">Terms and Conditions<\/a>"]},{"id":85555,"value":["I agree there will be no more than 10 guests in the room per booking"]},{"id":27913,"value":" "},{"id":87958,"value":[]},{"id":45932,"value":[]}]','approved',null,null,null,null,null,null,null,null,null,null,null,'frontend','2019-06-11 10:59:32' );
INSERT INTO wp_bookly_appointments ( id,location_id,staff_id,staff_any,service_id,custom_service_name,custom_service_price,start_date,end_date,extras_duration,internal_note,google_event_id,google_event_etag,outlook_event_id,outlook_event_change_key,outlook_event_series_id,created_from,created )VALUES( 1088,null,9,0,4,null,null,'2019-07-13 15:00:00','2019-07-13 16:00:00',0,null,null,null,null,null,null,'bookly','2019-06-11 10:59:32' );
INSERT INTO wp_bookly_customers ( id,wp_user_id,facebook_id,group_id,full_name,first_name,last_name,phone,email,birthday,country,state,postcode,city,street,street_number,additional_address,notes,info_fields,credit,created )VALUES( 1088,null,null,null,'Leanna Calcaterra','Leanna Calcaterra','','416-779-1195','leannacalcaterra@hotmail.com*',null,'','','','','','','','',null,0,'2019-06-11 10:59:32' );
INSERT INTO wp_bookly_payments ( id,coupon_id,type,total,tax,paid,paid_type,gateway_price_correction,status,details,created )VALUES( 1088,null,'stripe',101.7,11.7,101.7,'in_full',0.00,'completed','{"items":[{"ca_id":1088,"appointment_date":"2019-07-13 15:00:00","service_name":"Ballroom","service_price":90,"service_tax":"11.70","wait_listed":false,"deposit_format":null,"number_of_persons":1,"units":"1","duration":"3600","staff_name":"Ballroom","extras":[]}],"coupon":null,"subtotal":{"price":90,"deposit":0},"customer":"Leanna Calcaterra","tax_in_price":"excluded","tax_paid":"11.70","extras_multiply_nop":1}','2019-06-11 10:59:32' );
INSERT INTO wp_bookly_customer_appointments ( id,series_id,package_id,customer_id,appointment_id,payment_id,number_of_persons,units,notes,extras,extras_multiply_nop,extras_consider_duration,custom_fields,status,status_changed_at,token,time_zone,time_zone_offset,rating,rating_comment,locale,collaborative_service_id,collaborative_token,compound_service_id,compound_token,created_from,created )VALUES( 1088,null,null,1088,1088,1088,1,1,'I have 15 people total in wedding party. I have also booked the library and white loft at same hour.','[]',1,1,'[{"id":43107,"value":"Dave Abreau"},{"id":51989,"value":"Wedding"},{"id":27913,"value":""},{"id":72188,"value":["I agree to <a href="https:\/\/www.mintroom.ca\/Terms_and_Conditions.pdf?v=11122018" target="_blank">Terms and Conditions<\/a>"]},{"id":85555,"value":["I agree there will be no more than 10 guests in the room per booking"]},{"id":27913,"value":" "},{"id":87958,"value":[]},{"id":45932,"value":[]}]','approved',null,null,null,null,null,null,null,null,null,null,null,'frontend','2019-06-11 10:59:32' );
INSERT INTO wp_bookly_appointments ( id,location_id,staff_id,staff_any,service_id,custom_service_name,custom_service_price,start_date,end_date,extras_duration,internal_note,google_event_id,google_event_etag,outlook_event_id,outlook_event_change_key,outlook_event_series_id,created_from,created )VALUES( 1089,null,11,0,6,null,null,'2019-07-13 15:00:00','2019-07-13 16:00:00',0,null,null,null,null,null,null,'bookly','2019-06-11 10:59:32' );
INSERT INTO wp_bookly_payments ( id,coupon_id,type,total,tax,paid,paid_type,gateway_price_correction,status,details,created )VALUES( 1089,null,'stripe',101.7,11.7,101.7,'in_full',0.00,'completed','{"items":[{"ca_id":1089,"appointment_date":"2019-07-13 15:00:00","service_name":"Library","service_price":90,"service_tax":"11.70","wait_listed":false,"deposit_format":null,"number_of_persons":1,"units":"1","duration":"3600","staff_name":"Library","extras":[]}],"coupon":null,"subtotal":{"price":90,"deposit":0},"customer":"Leanna Calcaterra","tax_in_price":"excluded","tax_paid":"11.70","extras_multiply_nop":1}','2019-06-11 10:59:32' );
INSERT INTO wp_bookly_customer_appointments ( id,series_id,package_id,customer_id,appointment_id,payment_id,number_of_persons,units,notes,extras,extras_multiply_nop,extras_consider_duration,custom_fields,status,status_changed_at,token,time_zone,time_zone_offset,rating,rating_comment,locale,collaborative_service_id,collaborative_token,compound_service_id,compound_token,created_from,created )VALUES( 1089,null,null,1088,1089,1089,1,1,'','[]',1,1,'[{"id":43107,"value":"Dave Abreau"},{"id":51989,"value":"Wedding"},{"id":27913,"value":""},{"id":72188,"value":["I agree to <a href="https:\/\/www.mintroom.ca\/Terms_and_Conditions.pdf?v=11122018" target="_blank">Terms and Conditions<\/a>"]},{"id":85555,"value":["I agree there will be no more than 10 guests in the room per booking"]},{"id":27913,"value":" "},{"id":87958,"value":[]},{"id":45932,"value":[]}]','approved',null,null,null,null,null,null,null,null,null,null,null,'frontend','2019-06-11 10:59:32' );
INSERT INTO wp_bookly_appointments ( id,location_id,staff_id,staff_any,service_id,custom_service_name,custom_service_price,start_date,end_date,extras_duration,internal_note,google_event_id,google_event_etag,outlook_event_id,outlook_event_change_key,outlook_event_series_id,created_from,created )VALUES( 1090,null,12,0,7,null,null,'2019-07-19 15:00:00','2019-07-19 16:00:00',0,null,null,null,null,null,null,'bookly','2019-06-11 10:59:32' );
INSERT INTO wp_bookly_customers ( id,wp_user_id,facebook_id,group_id,full_name,first_name,last_name,phone,email,birthday,country,state,postcode,city,street,street_number,additional_address,notes,info_fields,credit,created )VALUES( 1090,null,null,null,'Kristy Le','Kristy Le','','4163129140','t.kristyle@gmail.com*',null,'','','','','','','','',null,0,'2019-06-11 10:59:32' );
INSERT INTO wp_bookly_payments ( id,coupon_id,type,total,tax,paid,paid_type,gateway_price_correction,status,details,created )VALUES( 1090,null,'stripe',62.15,7.15,62.15,'in_full',0.00,'completed','{"items":[{"ca_id":1090,"appointment_date":"2019-07-19 15:00:00","service_name":"Lounge","service_price":55,"service_tax":"7.15","wait_listed":false,"deposit_format":null,"number_of_persons":1,"units":"1","duration":"3600","staff_name":"Lounge","extras":[]}],"coupon":null,"subtotal":{"price":55,"deposit":0},"customer":"Kristy Le","tax_in_price":"excluded","tax_paid":"7.15","extras_multiply_nop":1}','2019-06-11 10:59:32' );
INSERT INTO wp_bookly_customer_appointments ( id,series_id,package_id,customer_id,appointment_id,payment_id,number_of_persons,units,notes,extras,extras_multiply_nop,extras_consider_duration,custom_fields,status,status_changed_at,token,time_zone,time_zone_offset,rating,rating_comment,locale,collaborative_service_id,collaborative_token,compound_service_id,compound_token,created_from,created )VALUES( 1090,null,null,1090,1090,1090,1,1,'','[]',1,1,'[{"id":43107,"value":"Kristy Le"},{"id":51989,"value":"Wedding"},{"id":27913,"value":""},{"id":72188,"value":["I agree to <a href="https:\/\/www.mintroom.ca\/Terms_and_Conditions.pdf?v=11122018" target="_blank">Terms and Conditions<\/a>"]},{"id":85555,"value":["I agree there will be no more than 10 guests in the room per booking"]},{"id":27913,"value":" "},{"id":87958,"value":[]},{"id":45932,"value":[]}]','approved',null,null,null,null,null,null,null,null,null,null,null,'frontend','2019-06-11 10:59:32' );
INSERT INTO wp_bookly_appointments ( id,location_id,staff_id,staff_any,service_id,custom_service_name,custom_service_price,start_date,end_date,extras_duration,internal_note,google_event_id,google_event_etag,outlook_event_id,outlook_event_change_key,outlook_event_series_id,created_from,created )VALUES( 1091,null,9,0,4,null,null,'2019-07-19 15:00:00','2019-07-19 16:00:00',0,null,null,null,null,null,null,'bookly','2019-06-11 10:59:32' );
INSERT INTO wp_bookly_payments ( id,coupon_id,type,total,tax,paid,paid_type,gateway_price_correction,status,details,created )VALUES( 1091,null,'stripe',101.7,11.7,101.7,'in_full',0.00,'completed','{"items":[{"ca_id":1091,"appointment_date":"2019-07-19 15:00:00","service_name":"Ballroom","service_price":90,"service_tax":"11.70","wait_listed":false,"deposit_format":null,"number_of_persons":1,"units":"1","duration":"3600","staff_name":"Ballroom","extras":[]}],"coupon":null,"subtotal":{"price":90,"deposit":0},"customer":"Kristy Le","tax_in_price":"excluded","tax_paid":"11.70","extras_multiply_nop":1}','2019-06-11 10:59:32' );
INSERT INTO wp_bookly_customer_appointments ( id,series_id,package_id,customer_id,appointment_id,payment_id,number_of_persons,units,notes,extras,extras_multiply_nop,extras_consider_duration,custom_fields,status,status_changed_at,token,time_zone,time_zone_offset,rating,rating_comment,locale,collaborative_service_id,collaborative_token,compound_service_id,compound_token,created_from,created )VALUES( 1091,null,null,1090,1091,1091,1,1,'','[]',1,1,'[{"id":43107,"value":"Kristy Le"},{"id":51989,"value":"Wedding"},{"id":27913,"value":""},{"id":72188,"value":["I agree to <a href="https:\/\/www.mintroom.ca\/Terms_and_Conditions.pdf?v=11122018" target="_blank">Terms and Conditions<\/a>"]},{"id":85555,"value":["I agree there will be no more than 10 guests in the room per booking"]},{"id":27913,"value":" "},{"id":87958,"value":[]},{"id":45932,"value":[]}]','approved',null,null,null,null,null,null,null,null,null,null,null,'frontend','2019-06-11 10:59:32' );
INSERT INTO wp_bookly_appointments ( id,location_id,staff_id,staff_any,service_id,custom_service_name,custom_service_price,start_date,end_date,extras_duration,internal_note,google_event_id,google_event_etag,outlook_event_id,outlook_event_change_key,outlook_event_series_id,created_from,created )VALUES( 1092,null,12,0,7,null,null,'2019-07-19 16:00:00','2019-07-19 17:00:00',0,null,null,null,null,null,null,'bookly','2019-06-11 10:59:32' );
INSERT INTO wp_bookly_payments ( id,coupon_id,type,total,tax,paid,paid_type,gateway_price_correction,status,details,created )VALUES( 1092,null,'stripe',62.15,7.15,62.15,'in_full',0.00,'completed','{"items":[{"ca_id":1092,"appointment_date":"2019-07-19 16:00:00","service_name":"Lounge","service_price":55,"service_tax":"7.15","wait_listed":false,"deposit_format":null,"number_of_persons":1,"units":"1","duration":"3600","staff_name":"Lounge","extras":[]}],"coupon":null,"subtotal":{"price":55,"deposit":0},"customer":"Kristy Le","tax_in_price":"excluded","tax_paid":"7.15","extras_multiply_nop":1}','2019-06-11 10:59:32' );
INSERT INTO wp_bookly_customer_appointments ( id,series_id,package_id,customer_id,appointment_id,payment_id,number_of_persons,units,notes,extras,extras_multiply_nop,extras_consider_duration,custom_fields,status,status_changed_at,token,time_zone,time_zone_offset,rating,rating_comment,locale,collaborative_service_id,collaborative_token,compound_service_id,compound_token,created_from,created )VALUES( 1092,null,null,1090,1092,1092,1,1,'','[]',1,1,'[{"id":43107,"value":"Kristy Le"},{"id":51989,"value":"Wedding"},{"id":27913,"value":""},{"id":72188,"value":["I agree to <a href="https:\/\/www.mintroom.ca\/Terms_and_Conditions.pdf?v=11122018" target="_blank">Terms and Conditions<\/a>"]},{"id":85555,"value":["I agree there will be no more than 10 guests in the room per booking"]},{"id":27913,"value":" "},{"id":87958,"value":[]},{"id":45932,"value":[]}]','approved',null,null,null,null,null,null,null,null,null,null,null,'frontend','2019-06-11 10:59:32' );
INSERT INTO wp_bookly_appointments ( id,location_id,staff_id,staff_any,service_id,custom_service_name,custom_service_price,start_date,end_date,extras_duration,internal_note,google_event_id,google_event_etag,outlook_event_id,outlook_event_change_key,outlook_event_series_id,created_from,created )VALUES( 1093,null,9,0,4,null,null,'2019-12-14 14:00:00','2019-12-14 15:00:00',0,null,null,null,null,null,null,'bookly','2019-06-11 10:59:32' );
INSERT INTO wp_bookly_customers ( id,wp_user_id,facebook_id,group_id,full_name,first_name,last_name,phone,email,birthday,country,state,postcode,city,street,street_number,additional_address,notes,info_fields,credit,created )VALUES( 1093,null,null,null,'Alyssa Queiroga','Alyssa Queiroga','','6472364224','Alyssa_queiroga@hotmail.com*',null,'','','','','','','','',null,0,'2019-06-11 10:59:32' );
INSERT INTO wp_bookly_payments ( id,coupon_id,type,total,tax,paid,paid_type,gateway_price_correction,status,details,created )VALUES( 1093,null,'stripe',101.7,11.7,101.7,'in_full',0.00,'completed','{"items":[{"ca_id":1093,"appointment_date":"2019-12-14 14:00:00","service_name":"Ballroom","service_price":90,"service_tax":"11.70","wait_listed":false,"deposit_format":null,"number_of_persons":1,"units":"1","duration":"3600","staff_name":"Ballroom","extras":[]}],"coupon":null,"subtotal":{"price":90,"deposit":0},"customer":"Alyssa Queiroga","tax_in_price":"excluded","tax_paid":"11.70","extras_multiply_nop":1}','2019-06-11 10:59:32' );
INSERT INTO wp_bookly_customer_appointments ( id,series_id,package_id,customer_id,appointment_id,payment_id,number_of_persons,units,notes,extras,extras_multiply_nop,extras_consider_duration,custom_fields,status,status_changed_at,token,time_zone,time_zone_offset,rating,rating_comment,locale,collaborative_service_id,collaborative_token,compound_service_id,compound_token,created_from,created )VALUES( 1093,null,null,1093,1093,1093,1,1,'','[]',1,1,'[{"id":43107,"value":"Carlo Gallucci"},{"id":51989,"value":"Wedding"},{"id":27913,"value":""},{"id":72188,"value":["I agree to <a href="https:\/\/www.mintroom.ca\/Terms_and_Conditions.pdf?v=11122018" target="_blank">Terms and Conditions<\/a>"]},{"id":85555,"value":["I agree there will be no more than 10 guests in the room per booking"]},{"id":27913,"value":" "},{"id":87958,"value":[]},{"id":45932,"value":[]}]','approved',null,null,null,null,null,null,null,null,null,null,null,'frontend','2019-06-11 10:59:32' );
INSERT INTO wp_bookly_appointments ( id,location_id,staff_id,staff_any,service_id,custom_service_name,custom_service_price,start_date,end_date,extras_duration,internal_note,google_event_id,google_event_etag,outlook_event_id,outlook_event_change_key,outlook_event_series_id,created_from,created )VALUES( 1094,null,11,0,6,null,null,'2019-12-14 14:00:00','2019-12-14 15:00:00',0,null,null,null,null,null,null,'bookly','2019-06-11 10:59:32' );
INSERT INTO wp_bookly_payments ( id,coupon_id,type,total,tax,paid,paid_type,gateway_price_correction,status,details,created )VALUES( 1094,null,'stripe',101.7,11.7,101.7,'in_full',0.00,'completed','{"items":[{"ca_id":1094,"appointment_date":"2019-12-14 14:00:00","service_name":"Library","service_price":90,"service_tax":"11.70","wait_listed":false,"deposit_format":null,"number_of_persons":1,"units":"1","duration":"3600","staff_name":"Library","extras":[]}],"coupon":null,"subtotal":{"price":90,"deposit":0},"customer":"Alyssa Queiroga","tax_in_price":"excluded","tax_paid":"11.70","extras_multiply_nop":1}','2019-06-11 10:59:32' );
INSERT INTO wp_bookly_customer_appointments ( id,series_id,package_id,customer_id,appointment_id,payment_id,number_of_persons,units,notes,extras,extras_multiply_nop,extras_consider_duration,custom_fields,status,status_changed_at,token,time_zone,time_zone_offset,rating,rating_comment,locale,collaborative_service_id,collaborative_token,compound_service_id,compound_token,created_from,created )VALUES( 1094,null,null,1093,1094,1094,1,1,'','[]',1,1,'[{"id":43107,"value":"Carlo Gallucci"},{"id":51989,"value":"Wedding"},{"id":27913,"value":""},{"id":72188,"value":["I agree to <a href="https:\/\/www.mintroom.ca\/Terms_and_Conditions.pdf?v=11122018" target="_blank">Terms and Conditions<\/a>"]},{"id":85555,"value":["I agree there will be no more than 10 guests in the room per booking"]},{"id":27913,"value":" "},{"id":87958,"value":[]},{"id":45932,"value":[]}]','approved',null,null,null,null,null,null,null,null,null,null,null,'frontend','2019-06-11 10:59:32' );
INSERT INTO wp_bookly_appointments ( id,location_id,staff_id,staff_any,service_id,custom_service_name,custom_service_price,start_date,end_date,extras_duration,internal_note,google_event_id,google_event_etag,outlook_event_id,outlook_event_change_key,outlook_event_series_id,created_from,created )VALUES( 1095,null,12,0,7,null,null,'2019-12-14 15:00:00','2019-12-14 16:00:00',0,null,null,null,null,null,null,'bookly','2019-06-11 10:59:32' );
INSERT INTO wp_bookly_payments ( id,coupon_id,type,total,tax,paid,paid_type,gateway_price_correction,status,details,created )VALUES( 1095,null,'stripe',62.15,7.15,62.15,'in_full',0.00,'completed','{"items":[{"ca_id":1095,"appointment_date":"2019-12-14 15:00:00","service_name":"Lounge","service_price":55,"service_tax":"7.15","wait_listed":false,"deposit_format":null,"number_of_persons":1,"units":"1","duration":"3600","staff_name":"Lounge","extras":[]}],"coupon":null,"subtotal":{"price":55,"deposit":0},"customer":"Alyssa Queiroga","tax_in_price":"excluded","tax_paid":"7.15","extras_multiply_nop":1}','2019-06-11 10:59:32' );
INSERT INTO wp_bookly_customer_appointments ( id,series_id,package_id,customer_id,appointment_id,payment_id,number_of_persons,units,notes,extras,extras_multiply_nop,extras_consider_duration,custom_fields,status,status_changed_at,token,time_zone,time_zone_offset,rating,rating_comment,locale,collaborative_service_id,collaborative_token,compound_service_id,compound_token,created_from,created )VALUES( 1095,null,null,1093,1095,1095,1,1,'','[]',1,1,'[{"id":43107,"value":"Carlo Gallucci"},{"id":51989,"value":"Wedding"},{"id":27913,"value":""},{"id":72188,"value":["I agree to <a href="https:\/\/www.mintroom.ca\/Terms_and_Conditions.pdf?v=11122018" target="_blank">Terms and Conditions<\/a>"]},{"id":85555,"value":["I agree there will be no more than 10 guests in the room per booking"]},{"id":27913,"value":" "},{"id":87958,"value":[]},{"id":45932,"value":[]}]','approved',null,null,null,null,null,null,null,null,null,null,null,'frontend','2019-06-11 10:59:32' );
INSERT INTO wp_bookly_appointments ( id,location_id,staff_id,staff_any,service_id,custom_service_name,custom_service_price,start_date,end_date,extras_duration,internal_note,google_event_id,google_event_etag,outlook_event_id,outlook_event_change_key,outlook_event_series_id,created_from,created )VALUES( 1096,null,10,0,5,null,null,'2019-12-14 15:00:00','2019-12-14 16:00:00',0,null,null,null,null,null,null,'bookly','2019-06-11 10:59:32' );
INSERT INTO wp_bookly_payments ( id,coupon_id,type,total,tax,paid,paid_type,gateway_price_correction,status,details,created )VALUES( 1096,null,'stripe',101.7,11.7,101.7,'in_full',0.00,'completed','{"items":[{"ca_id":1096,"appointment_date":"2019-12-14 15:00:00","service_name":"Conservatory","service_price":90,"service_tax":"11.70","wait_listed":false,"deposit_format":null,"number_of_persons":1,"units":"1","duration":"3600","staff_name":"Conservatory","extras":[]}],"coupon":null,"subtotal":{"price":90,"deposit":0},"customer":"Alyssa Queiroga","tax_in_price":"excluded","tax_paid":"11.70","extras_multiply_nop":1}','2019-06-11 10:59:32' );
INSERT INTO wp_bookly_customer_appointments ( id,series_id,package_id,customer_id,appointment_id,payment_id,number_of_persons,units,notes,extras,extras_multiply_nop,extras_consider_duration,custom_fields,status,status_changed_at,token,time_zone,time_zone_offset,rating,rating_comment,locale,collaborative_service_id,collaborative_token,compound_service_id,compound_token,created_from,created )VALUES( 1096,null,null,1093,1096,1096,1,1,'','[]',1,1,'[{"id":43107,"value":"Carlo Gallucci "},{"id":51989,"value":"Wedding"},{"id":27913,"value":""},{"id":72188,"value":["I agree to <a href="https:\/\/www.mintroom.ca\/Terms_and_Conditions.pdf?v=11122018" target="_blank">Terms and Conditions<\/a>"]},{"id":85555,"value":["I agree there will be no more than 10 guests in the room per booking"]},{"id":27913,"value":" "},{"id":87958,"value":[]},{"id":45932,"value":[]}]','approved',null,null,null,null,null,null,null,null,null,null,null,'frontend','2019-06-11 10:59:32' );
INSERT INTO wp_bookly_appointments ( id,location_id,staff_id,staff_any,service_id,custom_service_name,custom_service_price,start_date,end_date,extras_duration,internal_note,google_event_id,google_event_etag,outlook_event_id,outlook_event_change_key,outlook_event_series_id,created_from,created )VALUES( 1097,null,11,0,6,null,null,'2019-10-26 14:00:00','2019-10-26 15:00:00',0,null,null,null,null,null,null,'bookly','2019-06-11 10:59:32' );
INSERT INTO wp_bookly_customers ( id,wp_user_id,facebook_id,group_id,full_name,first_name,last_name,phone,email,birthday,country,state,postcode,city,street,street_number,additional_address,notes,info_fields,credit,created )VALUES( 1097,null,null,null,'Pasquale Maiolo','Pasquale Maiolo','','4165252046','Pmaiolo@slspc.ca*',null,'','','','','','','','',null,0,'2019-06-11 10:59:32' );
INSERT INTO wp_bookly_payments ( id,coupon_id,type,total,tax,paid,paid_type,gateway_price_correction,status,details,created )VALUES( 1097,null,'stripe',101.7,11.7,101.7,'in_full',0.00,'completed','{"items":[{"ca_id":1097,"appointment_date":"2019-10-26 14:00:00","service_name":"Library","service_price":90,"service_tax":"11.70","wait_listed":false,"deposit_format":null,"number_of_persons":1,"units":"1","duration":"3600","staff_name":"Library","extras":[]}],"coupon":null,"subtotal":{"price":90,"deposit":0},"customer":"Pasquale Maiolo","tax_in_price":"excluded","tax_paid":"11.70","extras_multiply_nop":1}','2019-06-11 10:59:32' );
INSERT INTO wp_bookly_customer_appointments ( id,series_id,package_id,customer_id,appointment_id,payment_id,number_of_persons,units,notes,extras,extras_multiply_nop,extras_consider_duration,custom_fields,status,status_changed_at,token,time_zone,time_zone_offset,rating,rating_comment,locale,collaborative_service_id,collaborative_token,compound_service_id,compound_token,created_from,created )VALUES( 1097,null,null,1097,1097,1097,1,1,'','[]',1,1,'[{"id":43107,"value":"Pasquale Maiolo"},{"id":51989,"value":"Wedding"},{"id":27913,"value":""},{"id":72188,"value":["I agree to <a href="https:\/\/www.mintroom.ca\/Terms_and_Conditions.pdf?v=11122018" target="_blank">Terms and Conditions<\/a>"]},{"id":85555,"value":["I agree there will be no more than 10 guests in the room per booking"]},{"id":27913,"value":" "},{"id":87958,"value":[]},{"id":45932,"value":[]}]','approved',null,null,null,null,null,null,null,null,null,null,null,'frontend','2019-06-11 10:59:32' );
INSERT INTO wp_bookly_appointments ( id,location_id,staff_id,staff_any,service_id,custom_service_name,custom_service_price,start_date,end_date,extras_duration,internal_note,google_event_id,google_event_etag,outlook_event_id,outlook_event_change_key,outlook_event_series_id,created_from,created )VALUES( 1098,null,11,0,6,null,null,'2019-07-13 14:00:00','2019-07-13 15:00:00',0,null,null,null,null,null,null,'bookly','2019-06-11 10:59:32' );
INSERT INTO wp_bookly_customers ( id,wp_user_id,facebook_id,group_id,full_name,first_name,last_name,phone,email,birthday,country,state,postcode,city,street,street_number,additional_address,notes,info_fields,credit,created )VALUES( 1098,null,null,null,'Diana Di Mito','Diana Di Mito','','4167229810','ddimito@rogers.com*',null,'','','','','','','','',null,0,'2019-06-11 10:59:32' );
INSERT INTO wp_bookly_payments ( id,coupon_id,type,total,tax,paid,paid_type,gateway_price_correction,status,details,created )VALUES( 1098,null,'stripe',101.7,11.7,101.7,'in_full',0.00,'completed','{"items":[{"ca_id":1098,"appointment_date":"2019-07-13 14:00:00","service_name":"Library","service_price":90,"service_tax":"11.70","wait_listed":false,"deposit_format":null,"number_of_persons":1,"units":"1","duration":"3600","staff_name":"Library","extras":[]}],"coupon":null,"subtotal":{"price":90,"deposit":0},"customer":"Diana Di Mito","tax_in_price":"excluded","tax_paid":"11.70","extras_multiply_nop":1}','2019-06-11 10:59:32' );
INSERT INTO wp_bookly_customer_appointments ( id,series_id,package_id,customer_id,appointment_id,payment_id,number_of_persons,units,notes,extras,extras_multiply_nop,extras_consider_duration,custom_fields,status,status_changed_at,token,time_zone,time_zone_offset,rating,rating_comment,locale,collaborative_service_id,collaborative_token,compound_service_id,compound_token,created_from,created )VALUES( 1098,null,null,1098,1098,1098,1,1,'','[]',1,1,'[{"id":43107,"value":"Everlasting Moments"},{"id":51989,"value":"Wedding"},{"id":27913,"value":""},{"id":72188,"value":["I agree to <a href="https:\/\/www.mintroom.ca\/Terms_and_Conditions.pdf?v=11122018" target="_blank">Terms and Conditions<\/a>"]},{"id":85555,"value":["I agree there will be no more than 10 guests in the room per booking"]},{"id":27913,"value":" "},{"id":87958,"value":[]},{"id":45932,"value":[]}]','approved',null,null,null,null,null,null,null,null,null,null,null,'frontend','2019-06-11 10:59:32' );
INSERT INTO wp_bookly_appointments ( id,location_id,staff_id,staff_any,service_id,custom_service_name,custom_service_price,start_date,end_date,extras_duration,internal_note,google_event_id,google_event_etag,outlook_event_id,outlook_event_change_key,outlook_event_series_id,created_from,created )VALUES( 1099,null,11,0,6,null,null,'2019-07-28 14:00:00','2019-07-28 15:00:00',0,null,null,null,null,null,null,'bookly','2019-06-11 10:59:32' );
INSERT INTO wp_bookly_customers ( id,wp_user_id,facebook_id,group_id,full_name,first_name,last_name,phone,email,birthday,country,state,postcode,city,street,street_number,additional_address,notes,info_fields,credit,created )VALUES( 1099,null,null,null,'Stephanie Belmore','Stephanie Belmore','','4164640653','Belmore.stephanie@gmail.com*',null,'','','','','','','','',null,0,'2019-06-11 10:59:32' );
INSERT INTO wp_bookly_payments ( id,coupon_id,type,total,tax,paid,paid_type,gateway_price_correction,status,details,created )VALUES( 1099,null,'stripe',101.7,11.7,101.7,'in_full',0.00,'completed','{"items":[{"ca_id":1099,"appointment_date":"2019-07-28 14:00:00","service_name":"Library","service_price":90,"service_tax":"11.70","wait_listed":false,"deposit_format":null,"number_of_persons":1,"units":"1","duration":"3600","staff_name":"Library","extras":[]}],"coupon":null,"subtotal":{"price":90,"deposit":0},"customer":"Stephanie Belmore","tax_in_price":"excluded","tax_paid":"11.70","extras_multiply_nop":1}','2019-06-11 10:59:32' );
INSERT INTO wp_bookly_customer_appointments ( id,series_id,package_id,customer_id,appointment_id,payment_id,number_of_persons,units,notes,extras,extras_multiply_nop,extras_consider_duration,custom_fields,status,status_changed_at,token,time_zone,time_zone_offset,rating,rating_comment,locale,collaborative_service_id,collaborative_token,compound_service_id,compound_token,created_from,created )VALUES( 1099,null,null,1099,1099,1099,1,1,'','[]',1,1,'[{"id":43107,"value":"Amanda Shear"},{"id":51989,"value":"Engagement "},{"id":27913,"value":""},{"id":72188,"value":["I agree to <a href="https:\/\/www.mintroom.ca\/Terms_and_Conditions.pdf?v=11122018" target="_blank">Terms and Conditions<\/a>"]},{"id":85555,"value":["I agree there will be no more than 10 guests in the room per booking"]},{"id":27913,"value":" "},{"id":87958,"value":[]},{"id":45932,"value":[]}]','approved',null,null,null,null,null,null,null,null,null,null,null,'frontend','2019-06-11 10:59:32' );
INSERT INTO wp_bookly_appointments ( id,location_id,staff_id,staff_any,service_id,custom_service_name,custom_service_price,start_date,end_date,extras_duration,internal_note,google_event_id,google_event_etag,outlook_event_id,outlook_event_change_key,outlook_event_series_id,created_from,created )VALUES( 1100,null,9,0,4,null,null,'2019-06-22 15:00:00','2019-06-22 16:00:00',0,null,null,null,null,null,null,'bookly','2019-06-11 10:59:32' );
INSERT INTO wp_bookly_customers ( id,wp_user_id,facebook_id,group_id,full_name,first_name,last_name,phone,email,birthday,country,state,postcode,city,street,street_number,additional_address,notes,info_fields,credit,created )VALUES( 1100,null,null,null,'Andrea Arruda','Andrea Arruda','','4168013575','aarruda16@gmail.com*',null,'','','','','','','','',null,0,'2019-06-11 10:59:32' );
INSERT INTO wp_bookly_payments ( id,coupon_id,type,total,tax,paid,paid_type,gateway_price_correction,status,details,created )VALUES( 1100,null,'stripe',101.7,11.7,101.7,'in_full',0.00,'completed','{"items":[{"ca_id":1100,"appointment_date":"2019-06-22 15:00:00","service_name":"Ballroom","service_price":90,"service_tax":"11.70","wait_listed":false,"deposit_format":null,"number_of_persons":1,"units":"1","duration":"3600","staff_name":"Ballroom","extras":[]}],"coupon":null,"subtotal":{"price":90,"deposit":0},"customer":"Andrea Arruda","tax_in_price":"excluded","tax_paid":"11.70","extras_multiply_nop":1}','2019-06-11 10:59:32' );
INSERT INTO wp_bookly_customer_appointments ( id,series_id,package_id,customer_id,appointment_id,payment_id,number_of_persons,units,notes,extras,extras_multiply_nop,extras_consider_duration,custom_fields,status,status_changed_at,token,time_zone,time_zone_offset,rating,rating_comment,locale,collaborative_service_id,collaborative_token,compound_service_id,compound_token,created_from,created )VALUES( 1100,null,null,1100,1100,1100,1,1,'','[]',1,1,'[{"id":43107,"value":"Lauren May "},{"id":51989,"value":"Wedding"},{"id":27913,"value":""},{"id":72188,"value":["I agree to <a href="https:\/\/www.mintroom.ca\/Terms_and_Conditions.pdf?v=11122018" target="_blank">Terms and Conditions<\/a>"]},{"id":85555,"value":["I agree there will be no more than 10 guests in the room per booking"]},{"id":27913,"value":" "},{"id":87958,"value":[]},{"id":45932,"value":[]}]','approved',null,null,null,null,null,null,null,null,null,null,null,'frontend','2019-06-11 10:59:32' );
INSERT INTO wp_bookly_appointments ( id,location_id,staff_id,staff_any,service_id,custom_service_name,custom_service_price,start_date,end_date,extras_duration,internal_note,google_event_id,google_event_etag,outlook_event_id,outlook_event_change_key,outlook_event_series_id,created_from,created )VALUES( 1101,null,10,0,5,null,null,'2019-06-22 15:00:00','2019-06-22 16:00:00',0,null,null,null,null,null,null,'bookly','2019-06-11 10:59:32' );
INSERT INTO wp_bookly_payments ( id,coupon_id,type,total,tax,paid,paid_type,gateway_price_correction,status,details,created )VALUES( 1101,null,'stripe',203.4,23.4,203.4,'in_full',0.00,'completed','{"items":[{"ca_id":1101,"appointment_date":"2019-06-22 15:00:00","service_name":"Conservatory","service_price":90,"service_tax":"11.70","wait_listed":false,"deposit_format":null,"number_of_persons":1,"units":"1","duration":"3600","staff_name":"Conservatory","extras":[]}],"coupon":null,"subtotal":{"price":180,"deposit":0},"customer":"Andrea Arruda","tax_in_price":"excluded","tax_paid":"23.40","extras_multiply_nop":1}','2019-06-11 10:59:32' );
INSERT INTO wp_bookly_customer_appointments ( id,series_id,package_id,customer_id,appointment_id,payment_id,number_of_persons,units,notes,extras,extras_multiply_nop,extras_consider_duration,custom_fields,status,status_changed_at,token,time_zone,time_zone_offset,rating,rating_comment,locale,collaborative_service_id,collaborative_token,compound_service_id,compound_token,created_from,created )VALUES( 1101,null,null,1100,1101,1101,1,1,'','[]',1,1,'[{"id":43107,"value":"Lauren May "},{"id":51989,"value":"Wedding"},{"id":27913,"value":""},{"id":72188,"value":["I agree to <a href="https:\/\/www.mintroom.ca\/Terms_and_Conditions.pdf?v=11122018" target="_blank">Terms and Conditions<\/a>"]},{"id":85555,"value":["I agree there will be no more than 10 guests in the room per booking"]},{"id":27913,"value":" "},{"id":87958,"value":[]},{"id":45932,"value":[]}]','approved',null,null,null,null,null,null,null,null,null,null,null,'frontend','2019-06-11 10:59:32' );
INSERT INTO wp_bookly_appointments ( id,location_id,staff_id,staff_any,service_id,custom_service_name,custom_service_price,start_date,end_date,extras_duration,internal_note,google_event_id,google_event_etag,outlook_event_id,outlook_event_change_key,outlook_event_series_id,created_from,created )VALUES( 1102,null,10,0,5,null,null,'2019-06-22 16:00:00','2019-06-22 17:00:00',0,null,null,null,null,null,null,'bookly','2019-06-11 10:59:32' );
INSERT INTO wp_bookly_payments ( id,coupon_id,type,total,tax,paid,paid_type,gateway_price_correction,status,details,created )VALUES( 1102,null,'stripe',203.4,23.4,203.4,'in_full',0.00,'completed','{"items":[{"ca_id":1102,"appointment_date":"2019-06-22 16:00:00","service_name":"Conservatory","service_price":90,"service_tax":"11.70","wait_listed":false,"deposit_format":null,"number_of_persons":1,"units":"1","duration":"3600","staff_name":"Conservatory","extras":[]}],"coupon":null,"subtotal":{"price":180,"deposit":0},"customer":"Andrea Arruda","tax_in_price":"excluded","tax_paid":"23.40","extras_multiply_nop":1}','2019-06-11 10:59:32' );
INSERT INTO wp_bookly_customer_appointments ( id,series_id,package_id,customer_id,appointment_id,payment_id,number_of_persons,units,notes,extras,extras_multiply_nop,extras_consider_duration,custom_fields,status,status_changed_at,token,time_zone,time_zone_offset,rating,rating_comment,locale,collaborative_service_id,collaborative_token,compound_service_id,compound_token,created_from,created )VALUES( 1102,null,null,1100,1102,1102,1,1,'','[]',1,1,'[{"id":43107,"value":"Lauren May "},{"id":51989,"value":"Wedding"},{"id":27913,"value":""},{"id":72188,"value":["I agree to <a href="https:\/\/www.mintroom.ca\/Terms_and_Conditions.pdf?v=11122018" target="_blank">Terms and Conditions<\/a>"]},{"id":85555,"value":["I agree there will be no more than 10 guests in the room per booking"]},{"id":27913,"value":" "},{"id":87958,"value":[]},{"id":45932,"value":[]}]','approved',null,null,null,null,null,null,null,null,null,null,null,'frontend','2019-06-11 10:59:32' );
INSERT INTO wp_bookly_appointments ( id,location_id,staff_id,staff_any,service_id,custom_service_name,custom_service_price,start_date,end_date,extras_duration,internal_note,google_event_id,google_event_etag,outlook_event_id,outlook_event_change_key,outlook_event_series_id,created_from,created )VALUES( 1103,null,9,0,4,null,null,'2019-12-14 16:00:00','2019-12-14 17:00:00',0,null,null,null,null,null,null,'bookly','2019-06-11 10:59:32' );
INSERT INTO wp_bookly_customers ( id,wp_user_id,facebook_id,group_id,full_name,first_name,last_name,phone,email,birthday,country,state,postcode,city,street,street_number,additional_address,notes,info_fields,credit,created )VALUES( 1103,null,null,null,'Daniel Sepe','Daniel Sepe','','4','daniel.sepe@icloud.com*',null,'','','','','','','','',null,0,'2019-06-11 10:59:32' );
INSERT INTO wp_bookly_payments ( id,coupon_id,type,total,tax,paid,paid_type,gateway_price_correction,status,details,created )VALUES( 1103,50,'coupon',0,0,0,'in_full',0.00,'completed','{"items":[{"ca_id":1103,"appointment_date":"2019-12-14 16:00:00","service_name":"Ballroom","service_price":90,"service_tax":"11.70","wait_listed":false,"deposit_format":null,"number_of_persons":1,"units":"1","duration":"3600","staff_name":"Ballroom","extras":[]}],"coupon":{"code":"PT_HUGE","discount":100,"deduction":"0.00"},"subtotal":{"price":90,"deposit":0},"customer":"Daniel Sepe","tax_in_price":"excluded","tax_paid":"0.00","extras_multiply_nop":1}','2019-06-11 10:59:32' );
INSERT INTO wp_bookly_customer_appointments ( id,series_id,package_id,customer_id,appointment_id,payment_id,number_of_persons,units,notes,extras,extras_multiply_nop,extras_consider_duration,custom_fields,status,status_changed_at,token,time_zone,time_zone_offset,rating,rating_comment,locale,collaborative_service_id,collaborative_token,compound_service_id,compound_token,created_from,created )VALUES( 1103,null,null,1103,1103,1103,1,1,'','[]',1,1,'[{"id":43107,"value":"Purple Tree - Evgueni"},{"id":51989,"value":"Wedding"},{"id":27913,"value":""},{"id":72188,"value":["I agree to <a href="https:\/\/www.mintroom.ca\/Terms_and_Conditions.pdf?v=11122018" target="_blank">Terms and Conditions<\/a>"]},{"id":85555,"value":["I agree there will be no more than 10 guests in the room per booking"]},{"id":27913,"value":" "},{"id":87958,"value":[]},{"id":45932,"value":[]}]','approved',null,null,null,null,null,null,null,null,null,null,null,'frontend','2019-06-11 10:59:32' );
INSERT INTO wp_bookly_appointments ( id,location_id,staff_id,staff_any,service_id,custom_service_name,custom_service_price,start_date,end_date,extras_duration,internal_note,google_event_id,google_event_etag,outlook_event_id,outlook_event_change_key,outlook_event_series_id,created_from,created )VALUES( 1104,null,11,0,6,null,null,'2019-12-14 17:00:00','2019-12-14 18:00:00',0,null,null,null,null,null,null,'bookly','2019-06-11 10:59:32' );
INSERT INTO wp_bookly_payments ( id,coupon_id,type,total,tax,paid,paid_type,gateway_price_correction,status,details,created )VALUES( 1104,50,'coupon',0,0,0,'in_full',0.00,'completed','{"items":[{"ca_id":1104,"appointment_date":"2019-12-14 17:00:00","service_name":"Library","service_price":90,"service_tax":"11.70","wait_listed":false,"deposit_format":null,"number_of_persons":1,"units":"1","duration":"3600","staff_name":"Library","extras":[]}],"coupon":{"code":"PT_HUGE","discount":100,"deduction":"0.00"},"subtotal":{"price":90,"deposit":0},"customer":"Daniel Sepe","tax_in_price":"excluded","tax_paid":"0.00","extras_multiply_nop":1}','2019-06-11 10:59:32' );
INSERT INTO wp_bookly_customer_appointments ( id,series_id,package_id,customer_id,appointment_id,payment_id,number_of_persons,units,notes,extras,extras_multiply_nop,extras_consider_duration,custom_fields,status,status_changed_at,token,time_zone,time_zone_offset,rating,rating_comment,locale,collaborative_service_id,collaborative_token,compound_service_id,compound_token,created_from,created )VALUES( 1104,null,null,1103,1104,1104,1,1,'','[]',1,1,'[{"id":43107,"value":"Purple Tree - Evgueni"},{"id":51989,"value":"Wedding"},{"id":27913,"value":""},{"id":72188,"value":["I agree to <a href="https:\/\/www.mintroom.ca\/Terms_and_Conditions.pdf?v=11122018" target="_blank">Terms and Conditions<\/a>"]},{"id":85555,"value":["I agree there will be no more than 10 guests in the room per booking"]},{"id":27913,"value":" "},{"id":87958,"value":[]},{"id":45932,"value":[]}]','approved',null,null,null,null,null,null,null,null,null,null,null,'frontend','2019-06-11 10:59:32' );
INSERT INTO wp_bookly_appointments ( id,location_id,staff_id,staff_any,service_id,custom_service_name,custom_service_price,start_date,end_date,extras_duration,internal_note,google_event_id,google_event_etag,outlook_event_id,outlook_event_change_key,outlook_event_series_id,created_from,created )VALUES( 1105,null,12,0,7,null,null,'2019-12-14 17:00:00','2019-12-14 18:00:00',0,null,null,null,null,null,null,'bookly','2019-06-11 10:59:32' );
INSERT INTO wp_bookly_payments ( id,coupon_id,type,total,tax,paid,paid_type,gateway_price_correction,status,details,created )VALUES( 1105,50,'coupon',0,0,0,'in_full',0.00,'completed','{"items":[{"ca_id":1105,"appointment_date":"2019-12-14 17:00:00","service_name":"Lounge","service_price":55,"service_tax":"7.15","wait_listed":false,"deposit_format":null,"number_of_persons":1,"units":"1","duration":"3600","staff_name":"Lounge","extras":[]}],"coupon":{"code":"PT_HUGE","discount":100,"deduction":"0.00"},"subtotal":{"price":55,"deposit":0},"customer":"Daniel Sepe","tax_in_price":"excluded","tax_paid":"0.00","extras_multiply_nop":1}','2019-06-11 10:59:32' );
INSERT INTO wp_bookly_customer_appointments ( id,series_id,package_id,customer_id,appointment_id,payment_id,number_of_persons,units,notes,extras,extras_multiply_nop,extras_consider_duration,custom_fields,status,status_changed_at,token,time_zone,time_zone_offset,rating,rating_comment,locale,collaborative_service_id,collaborative_token,compound_service_id,compound_token,created_from,created )VALUES( 1105,null,null,1103,1105,1105,1,1,'','[]',1,1,'[{"id":43107,"value":"Purple Tree - Evgueni"},{"id":51989,"value":"Wedding"},{"id":27913,"value":""},{"id":72188,"value":["I agree to <a href="https:\/\/www.mintroom.ca\/Terms_and_Conditions.pdf?v=11122018" target="_blank">Terms and Conditions<\/a>"]},{"id":85555,"value":["I agree there will be no more than 10 guests in the room per booking"]},{"id":27913,"value":" "},{"id":87958,"value":[]},{"id":45932,"value":[]}]','approved',null,null,null,null,null,null,null,null,null,null,null,'frontend','2019-06-11 10:59:32' );
INSERT INTO wp_bookly_appointments ( id,location_id,staff_id,staff_any,service_id,custom_service_name,custom_service_price,start_date,end_date,extras_duration,internal_note,google_event_id,google_event_etag,outlook_event_id,outlook_event_change_key,outlook_event_series_id,created_from,created )VALUES( 1106,null,11,0,6,null,null,'2019-08-03 15:00:00','2019-08-03 16:00:00',0,null,null,null,null,null,null,'bookly','2019-06-11 10:59:32' );
INSERT INTO wp_bookly_customers ( id,wp_user_id,facebook_id,group_id,full_name,first_name,last_name,phone,email,birthday,country,state,postcode,city,street,street_number,additional_address,notes,info_fields,credit,created )VALUES( 1106,null,null,null,'Amanda Belvedere','Amanda Belvedere','','416-219-9481','belvedere89.a@gmail.com*',null,'','','','','','','','',null,0,'2019-06-11 10:59:32' );
INSERT INTO wp_bookly_payments ( id,coupon_id,type,total,tax,paid,paid_type,gateway_price_correction,status,details,created )VALUES( 1106,null,'stripe',101.7,11.7,101.7,'in_full',0.00,'completed','{"items":[{"ca_id":1106,"appointment_date":"2019-08-03 15:00:00","service_name":"Library","service_price":90,"service_tax":"11.70","wait_listed":false,"deposit_format":null,"number_of_persons":1,"units":"1","duration":"3600","staff_name":"Library","extras":[]}],"coupon":null,"subtotal":{"price":90,"deposit":0},"customer":"Amanda Belvedere","tax_in_price":"excluded","tax_paid":"11.70","extras_multiply_nop":1}','2019-06-11 10:59:32' );
INSERT INTO wp_bookly_customer_appointments ( id,series_id,package_id,customer_id,appointment_id,payment_id,number_of_persons,units,notes,extras,extras_multiply_nop,extras_consider_duration,custom_fields,status,status_changed_at,token,time_zone,time_zone_offset,rating,rating_comment,locale,collaborative_service_id,collaborative_token,compound_service_id,compound_token,created_from,created )VALUES( 1106,null,null,1106,1106,1106,1,1,'','[]',1,1,'[{"id":43107,"value":"Butterfly Kiss"},{"id":51989,"value":"Wedding"},{"id":27913,"value":""},{"id":72188,"value":["I agree to <a href="https:\/\/www.mintroom.ca\/Terms_and_Conditions.pdf?v=11122018" target="_blank">Terms and Conditions<\/a>"]},{"id":85555,"value":["I agree there will be no more than 10 guests in the room per booking"]},{"id":27913,"value":" "},{"id":87958,"value":[]},{"id":45932,"value":[]}]','approved',null,null,null,null,null,null,null,null,null,null,null,'frontend','2019-06-11 10:59:32' );
INSERT INTO wp_bookly_appointments ( id,location_id,staff_id,staff_any,service_id,custom_service_name,custom_service_price,start_date,end_date,extras_duration,internal_note,google_event_id,google_event_etag,outlook_event_id,outlook_event_change_key,outlook_event_series_id,created_from,created )VALUES( 1107,null,11,0,6,null,null,'2019-08-24 13:00:00','2019-08-24 14:00:00',0,null,null,null,null,null,null,'bookly','2019-06-11 10:59:32' );
INSERT INTO wp_bookly_customers ( id,wp_user_id,facebook_id,group_id,full_name,first_name,last_name,phone,email,birthday,country,state,postcode,city,street,street_number,additional_address,notes,info_fields,credit,created )VALUES( 1107,null,null,null,'Ryan Quinlan','Ryan Quinlan','','(416) 554-2854','Ryan_quin@hotmail.com*',null,'','','','','','','','',null,0,'2019-06-11 10:59:32' );
INSERT INTO wp_bookly_payments ( id,coupon_id,type,total,tax,paid,paid_type,gateway_price_correction,status,details,created )VALUES( 1107,null,'stripe',101.7,11.7,101.7,'in_full',0.00,'completed','{"items":[{"ca_id":1107,"appointment_date":"2019-08-24 13:00:00","service_name":"Library","service_price":90,"service_tax":"11.70","wait_listed":false,"deposit_format":null,"number_of_persons":1,"units":"1","duration":"3600","staff_name":"Library","extras":[]}],"coupon":null,"subtotal":{"price":90,"deposit":0},"customer":"Ryan Quinlan","tax_in_price":"excluded","tax_paid":"11.70","extras_multiply_nop":1}','2019-06-11 10:59:32' );
INSERT INTO wp_bookly_customer_appointments ( id,series_id,package_id,customer_id,appointment_id,payment_id,number_of_persons,units,notes,extras,extras_multiply_nop,extras_consider_duration,custom_fields,status,status_changed_at,token,time_zone,time_zone_offset,rating,rating_comment,locale,collaborative_service_id,collaborative_token,compound_service_id,compound_token,created_from,created )VALUES( 1107,null,null,1107,1107,1107,1,1,'Booking both Library and Lounge to accommodate 14 people as per email correspondence with Sasha. ','[]',1,1,'[{"id":43107,"value":"Robin Sassi"},{"id":51989,"value":"Wedding"},{"id":27913,"value":""},{"id":72188,"value":["I agree to <a href="https:\/\/www.mintroom.ca\/Terms_and_Conditions.pdf?v=11122018" target="_blank">Terms and Conditions<\/a>"]},{"id":85555,"value":["I agree there will be no more than 10 guests in the room per booking"]},{"id":27913,"value":" "},{"id":87958,"value":[]},{"id":45932,"value":[]}]','approved',null,null,null,null,null,null,null,null,null,null,null,'frontend','2019-06-11 10:59:32' );
INSERT INTO wp_bookly_appointments ( id,location_id,staff_id,staff_any,service_id,custom_service_name,custom_service_price,start_date,end_date,extras_duration,internal_note,google_event_id,google_event_etag,outlook_event_id,outlook_event_change_key,outlook_event_series_id,created_from,created )VALUES( 1108,null,12,0,7,null,null,'2019-08-24 13:00:00','2019-08-24 14:00:00',0,null,null,null,null,null,null,'bookly','2019-06-11 10:59:32' );
INSERT INTO wp_bookly_payments ( id,coupon_id,type,total,tax,paid,paid_type,gateway_price_correction,status,details,created )VALUES( 1108,null,'stripe',62.15,7.15,62.15,'in_full',0.00,'completed','{"items":[{"ca_id":1108,"appointment_date":"2019-08-24 13:00:00","service_name":"Lounge","service_price":55,"service_tax":"7.15","wait_listed":false,"deposit_format":null,"number_of_persons":1,"units":"1","duration":"3600","staff_name":"Lounge","extras":[]}],"coupon":null,"subtotal":{"price":55,"deposit":0},"customer":"Ryan Quinlan","tax_in_price":"excluded","tax_paid":"7.15","extras_multiply_nop":1}','2019-06-11 10:59:32' );
INSERT INTO wp_bookly_customer_appointments ( id,series_id,package_id,customer_id,appointment_id,payment_id,number_of_persons,units,notes,extras,extras_multiply_nop,extras_consider_duration,custom_fields,status,status_changed_at,token,time_zone,time_zone_offset,rating,rating_comment,locale,collaborative_service_id,collaborative_token,compound_service_id,compound_token,created_from,created )VALUES( 1108,null,null,1107,1108,1108,1,1,'Booking both Library and Lounge to accommodate 14 people as per email correspondence with Sasha. ','[]',1,1,'[{"id":43107,"value":"Robin Sassi"},{"id":51989,"value":"Wedding"},{"id":27913,"value":""},{"id":72188,"value":["I agree to <a href="https:\/\/www.mintroom.ca\/Terms_and_Conditions.pdf?v=11122018" target="_blank">Terms and Conditions<\/a>"]},{"id":85555,"value":["I agree there will be no more than 10 guests in the room per booking"]},{"id":27913,"value":" "},{"id":87958,"value":[]},{"id":45932,"value":[]}]','approved',null,null,null,null,null,null,null,null,null,null,null,'frontend','2019-06-11 10:59:32' );
INSERT INTO wp_bookly_appointments ( id,location_id,staff_id,staff_any,service_id,custom_service_name,custom_service_price,start_date,end_date,extras_duration,internal_note,google_event_id,google_event_etag,outlook_event_id,outlook_event_change_key,outlook_event_series_id,created_from,created )VALUES( 1109,null,9,0,4,null,null,'2019-07-20 12:00:00','2019-07-20 13:00:00',0,null,null,null,null,null,null,'bookly','2019-06-11 10:59:32' );
INSERT INTO wp_bookly_customers ( id,wp_user_id,facebook_id,group_id,full_name,first_name,last_name,phone,email,birthday,country,state,postcode,city,street,street_number,additional_address,notes,info_fields,credit,created )VALUES( 1109,null,null,null,'Missy Geiger','Missy Geiger','','6478185922','hello@squishandsprout.com*',null,'','','','','','','','',null,0,'2019-06-11 10:59:32' );
INSERT INTO wp_bookly_payments ( id,coupon_id,type,total,tax,paid,paid_type,gateway_price_correction,status,details,created )VALUES( 1109,null,'stripe',101.7,11.7,101.7,'in_full',0.00,'completed','{"items":[{"ca_id":1109,"appointment_date":"2019-07-20 12:00:00","service_name":"Ballroom","service_price":90,"service_tax":"11.70","wait_listed":false,"deposit_format":null,"number_of_persons":1,"units":"1","duration":"3600","staff_name":"Ballroom","extras":[]}],"coupon":null,"subtotal":{"price":90,"deposit":0},"customer":"Missy Geiger","tax_in_price":"excluded","tax_paid":"11.70","extras_multiply_nop":1}','2019-06-11 10:59:32' );
INSERT INTO wp_bookly_customer_appointments ( id,series_id,package_id,customer_id,appointment_id,payment_id,number_of_persons,units,notes,extras,extras_multiply_nop,extras_consider_duration,custom_fields,status,status_changed_at,token,time_zone,time_zone_offset,rating,rating_comment,locale,collaborative_service_id,collaborative_token,compound_service_id,compound_token,created_from,created )VALUES( 1109,null,null,1109,1109,1109,1,1,'','[]',1,1,'[{"id":43107,"value":"Missy Geiger"},{"id":51989,"value":"Portrait"},{"id":27913,"value":""},{"id":72188,"value":["I agree to <a href="https:\/\/www.mintroom.ca\/Terms_and_Conditions.pdf?v=11122018" target="_blank">Terms and Conditions<\/a>"]},{"id":85555,"value":["I agree there will be no more than 10 guests in the room per booking"]},{"id":27913,"value":" "},{"id":87958,"value":[]},{"id":45932,"value":[]}]','approved',null,null,null,null,null,null,null,null,null,null,null,'frontend','2019-06-11 10:59:32' );
INSERT INTO wp_bookly_appointments ( id,location_id,staff_id,staff_any,service_id,custom_service_name,custom_service_price,start_date,end_date,extras_duration,internal_note,google_event_id,google_event_etag,outlook_event_id,outlook_event_change_key,outlook_event_series_id,created_from,created )VALUES( 1110,null,9,0,4,null,null,'2019-07-20 11:00:00','2019-07-20 12:00:00',0,null,null,null,null,null,null,'bookly','2019-06-11 10:59:32' );
INSERT INTO wp_bookly_payments ( id,coupon_id,type,total,tax,paid,paid_type,gateway_price_correction,status,details,created )VALUES( 1110,null,'stripe',101.7,11.7,101.7,'in_full',0.00,'completed','{"items":[{"ca_id":1110,"appointment_date":"2019-07-20 11:00:00","service_name":"Ballroom","service_price":90,"service_tax":"11.70","wait_listed":false,"deposit_format":null,"number_of_persons":1,"units":"1","duration":"3600","staff_name":"Ballroom","extras":[]}],"coupon":null,"subtotal":{"price":90,"deposit":0},"customer":"Missy Geiger","tax_in_price":"excluded","tax_paid":"11.70","extras_multiply_nop":1}','2019-06-11 10:59:32' );
INSERT INTO wp_bookly_customer_appointments ( id,series_id,package_id,customer_id,appointment_id,payment_id,number_of_persons,units,notes,extras,extras_multiply_nop,extras_consider_duration,custom_fields,status,status_changed_at,token,time_zone,time_zone_offset,rating,rating_comment,locale,collaborative_service_id,collaborative_token,compound_service_id,compound_token,created_from,created )VALUES( 1110,null,null,1109,1110,1110,1,1,'','[]',1,1,'[{"id":43107,"value":"Missy Geiger"},{"id":51989,"value":"Family"},{"id":27913,"value":""},{"id":72188,"value":["I agree to <a href="https:\/\/www.mintroom.ca\/Terms_and_Conditions.pdf?v=11122018" target="_blank">Terms and Conditions<\/a>"]},{"id":85555,"value":["I agree there will be no more than 10 guests in the room per booking"]},{"id":27913,"value":" "},{"id":87958,"value":[]},{"id":45932,"value":[]}]','approved',null,null,null,null,null,null,null,null,null,null,null,'frontend','2019-06-11 10:59:32' );
INSERT INTO wp_bookly_appointments ( id,location_id,staff_id,staff_any,service_id,custom_service_name,custom_service_price,start_date,end_date,extras_duration,internal_note,google_event_id,google_event_etag,outlook_event_id,outlook_event_change_key,outlook_event_series_id,created_from,created )VALUES( 1111,null,10,0,5,null,null,'2019-09-13 18:00:00','2019-09-13 19:00:00',0,null,null,null,null,null,null,'bookly','2019-06-11 10:59:32' );
INSERT INTO wp_bookly_appointments ( id,location_id,staff_id,staff_any,service_id,custom_service_name,custom_service_price,start_date,end_date,extras_duration,internal_note,google_event_id,google_event_etag,outlook_event_id,outlook_event_change_key,outlook_event_series_id,created_from,created )VALUES( 3111,null,13,0,8,null,null,'2019-09-13 18:00:00','2019-09-13 19:00:00',0,null,null,null,null,null,null,'bookly','2019-06-11 10:59:32' );
INSERT INTO wp_bookly_customers ( id,wp_user_id,facebook_id,group_id,full_name,first_name,last_name,phone,email,birthday,country,state,postcode,city,street,street_number,additional_address,notes,info_fields,credit,created )VALUES( 1111,null,null,null,'Priscilla Anane','Priscilla Anane','','4167279424','Priaoansah@gmail.com*',null,'','','','','','','','',null,0,'2019-06-11 10:59:32' );
INSERT INTO wp_bookly_customer_appointments ( id,series_id,package_id,customer_id,appointment_id,payment_id,number_of_persons,units,notes,extras,extras_multiply_nop,extras_consider_duration,custom_fields,status,status_changed_at,token,time_zone,time_zone_offset,rating,rating_comment,locale,collaborative_service_id,collaborative_token,compound_service_id,compound_token,created_from,created )VALUES( 1111,null,null,1111,1111,1111,1,1,'Wedding anniversary and family photos','[]',1,1,'[{"id":43107,"value":"Gamada Ali"},{"id":51989,"value":"Family"},{"id":27913,"value":""},{"id":72188,"value":["I agree to <a href="https:\/\/www.mintroom.ca\/Terms_and_Conditions.pdf?v=11122018" target="_blank">Terms and Conditions<\/a>"]},{"id":85555,"value":["I agree there will be no more than 10 guests in the room per booking"]},{"id":27913,"value":" "},{"id":87958,"value":[]},{"id":45932,"value":[]}]','approved',null,null,null,null,null,null,null,null,null,null,null,'frontend','2019-06-11 10:59:32' );
INSERT INTO wp_bookly_appointments ( id,location_id,staff_id,staff_any,service_id,custom_service_name,custom_service_price,start_date,end_date,extras_duration,internal_note,google_event_id,google_event_etag,outlook_event_id,outlook_event_change_key,outlook_event_series_id,created_from,created )VALUES( 1112,null,10,0,5,null,null,'2019-09-13 19:00:00','2019-09-13 20:00:00',0,null,null,null,null,null,null,'bookly','2019-06-11 10:59:32' );
INSERT INTO wp_bookly_appointments ( id,location_id,staff_id,staff_any,service_id,custom_service_name,custom_service_price,start_date,end_date,extras_duration,internal_note,google_event_id,google_event_etag,outlook_event_id,outlook_event_change_key,outlook_event_series_id,created_from,created )VALUES( 3112,null,13,0,8,null,null,'2019-09-13 19:00:00','2019-09-13 20:00:00',0,null,null,null,null,null,null,'bookly','2019-06-11 10:59:32' );
INSERT INTO wp_bookly_customer_appointments ( id,series_id,package_id,customer_id,appointment_id,payment_id,number_of_persons,units,notes,extras,extras_multiply_nop,extras_consider_duration,custom_fields,status,status_changed_at,token,time_zone,time_zone_offset,rating,rating_comment,locale,collaborative_service_id,collaborative_token,compound_service_id,compound_token,created_from,created )VALUES( 1112,null,null,1111,1112,1112,1,1,'Wedding anniversary and family photos','[]',1,1,'[{"id":43107,"value":"Gamada Ali"},{"id":51989,"value":"Family"},{"id":27913,"value":""},{"id":72188,"value":["I agree to <a href="https:\/\/www.mintroom.ca\/Terms_and_Conditions.pdf?v=11122018" target="_blank">Terms and Conditions<\/a>"]},{"id":85555,"value":["I agree there will be no more than 10 guests in the room per booking"]},{"id":27913,"value":" "},{"id":87958,"value":[]},{"id":45932,"value":[]}]','approved',null,null,null,null,null,null,null,null,null,null,null,'frontend','2019-06-11 10:59:32' );
INSERT INTO wp_bookly_appointments ( id,location_id,staff_id,staff_any,service_id,custom_service_name,custom_service_price,start_date,end_date,extras_duration,internal_note,google_event_id,google_event_etag,outlook_event_id,outlook_event_change_key,outlook_event_series_id,created_from,created )VALUES( 1113,null,12,0,7,null,null,'2019-07-05 11:00:00','2019-07-05 12:00:00',0,null,null,null,null,null,null,'bookly','2019-06-11 10:59:32' );
INSERT INTO wp_bookly_customers ( id,wp_user_id,facebook_id,group_id,full_name,first_name,last_name,phone,email,birthday,country,state,postcode,city,street,street_number,additional_address,notes,info_fields,credit,created )VALUES( 1113,null,null,null,'Connie Degiorgio','Connie Degiorgio','','905-301-0944','degiorgio.connie@gmail.com*',null,'','','','','','','','',null,0,'2019-06-11 10:59:32' );
INSERT INTO wp_bookly_payments ( id,coupon_id,type,total,tax,paid,paid_type,gateway_price_correction,status,details,created )VALUES( 1113,null,'stripe',124.3,14.3,124.3,'in_full',0.00,'completed','{"items":[{"ca_id":1113,"appointment_date":"2019-07-05 11:00:00","service_name":"Lounge","service_price":55,"service_tax":"7.15","wait_listed":false,"deposit_format":null,"number_of_persons":1,"units":"1","duration":"3600","staff_name":"Lounge","extras":[]}],"coupon":null,"subtotal":{"price":110,"deposit":0},"customer":"Connie Degiorgio","tax_in_price":"excluded","tax_paid":"14.30","extras_multiply_nop":1}','2019-06-11 10:59:32' );
INSERT INTO wp_bookly_customer_appointments ( id,series_id,package_id,customer_id,appointment_id,payment_id,number_of_persons,units,notes,extras,extras_multiply_nop,extras_consider_duration,custom_fields,status,status_changed_at,token,time_zone,time_zone_offset,rating,rating_comment,locale,collaborative_service_id,collaborative_token,compound_service_id,compound_token,created_from,created )VALUES( 1113,null,null,1113,1113,1113,1,1,'','[]',1,1,'[{"id":43107,"value":"Connie Degiorgio"},{"id":51989,"value":"Wedding"},{"id":27913,"value":""},{"id":72188,"value":["I agree to <a href="https:\/\/www.mintroom.ca\/Terms_and_Conditions.pdf?v=11122018" target="_blank">Terms and Conditions<\/a>"]},{"id":85555,"value":["I agree there will be no more than 10 guests in the room per booking"]},{"id":27913,"value":" "},{"id":87958,"value":[]},{"id":45932,"value":[]}]','approved',null,null,null,null,null,null,null,null,null,null,null,'frontend','2019-06-11 10:59:32' );
INSERT INTO wp_bookly_appointments ( id,location_id,staff_id,staff_any,service_id,custom_service_name,custom_service_price,start_date,end_date,extras_duration,internal_note,google_event_id,google_event_etag,outlook_event_id,outlook_event_change_key,outlook_event_series_id,created_from,created )VALUES( 1114,null,9,0,4,null,null,'2019-08-18 11:00:00','2019-08-18 12:00:00',0,null,null,null,null,null,null,'bookly','2019-06-11 10:59:32' );
INSERT INTO wp_bookly_customers ( id,wp_user_id,facebook_id,group_id,full_name,first_name,last_name,phone,email,birthday,country,state,postcode,city,street,street_number,additional_address,notes,info_fields,credit,created )VALUES( 1114,null,null,null,'Sunny Kiani','Sunny Kiani','','416.940.0094','info@luxeventsco.com*',null,'','','','','','','','',null,0,'2019-06-11 10:59:32' );
INSERT INTO wp_bookly_payments ( id,coupon_id,type,total,tax,paid,paid_type,gateway_price_correction,status,details,created )VALUES( 1114,null,'stripe',0,0,0,'in_full',0.00,'completed','{"items":[{"ca_id":1114,"appointment_date":"2019-08-18 11:00:00","service_name":"Ballroom","service_price":90,"service_tax":"11.70","wait_listed":false,"deposit_format":null,"number_of_persons":1,"units":"1","duration":"3600","staff_name":"Ballroom","extras":[]}],"coupon":null,"subtotal":{"price":450,"deposit":0},"customer":"Sunny Kiani","tax_in_price":"excluded","tax_paid":"0.00","extras_multiply_nop":1}','2019-06-11 10:59:32' );
INSERT INTO wp_bookly_customer_appointments ( id,series_id,package_id,customer_id,appointment_id,payment_id,number_of_persons,units,notes,extras,extras_multiply_nop,extras_consider_duration,custom_fields,status,status_changed_at,token,time_zone,time_zone_offset,rating,rating_comment,locale,collaborative_service_id,collaborative_token,compound_service_id,compound_token,created_from,created )VALUES( 1114,null,null,1114,1114,1114,1,1,'','[]',1,1,'[{"id":43107,"value":"n\/a"},{"id":51989,"value":"event"},{"id":27913,"value":""},{"id":72188,"value":["I agree to <a href="https:\/\/www.mintroom.ca\/Terms_and_Conditions.pdf?v=11122018" target="_blank">Terms and Conditions<\/a>"]},{"id":85555,"value":["I agree there will be no more than 10 guests in the room per booking"]},{"id":27913,"value":" "},{"id":87958,"value":[]},{"id":45932,"value":[]}]','approved',null,null,null,null,null,null,null,null,null,null,null,'frontend','2019-06-11 10:59:32' );
INSERT INTO wp_bookly_appointments ( id,location_id,staff_id,staff_any,service_id,custom_service_name,custom_service_price,start_date,end_date,extras_duration,internal_note,google_event_id,google_event_etag,outlook_event_id,outlook_event_change_key,outlook_event_series_id,created_from,created )VALUES( 1115,null,9,0,4,null,null,'2019-08-18 12:00:00','2019-08-18 13:00:00',0,null,null,null,null,null,null,'bookly','2019-06-11 10:59:32' );
INSERT INTO wp_bookly_payments ( id,coupon_id,type,total,tax,paid,paid_type,gateway_price_correction,status,details,created )VALUES( 1115,null,'stripe',0,0,0,'in_full',0.00,'completed','{"items":[{"ca_id":1115,"appointment_date":"2019-08-18 12:00:00","service_name":"Ballroom","service_price":90,"service_tax":"11.70","wait_listed":false,"deposit_format":null,"number_of_persons":1,"units":"1","duration":"3600","staff_name":"Ballroom","extras":[]}],"coupon":null,"subtotal":{"price":450,"deposit":0},"customer":"Sunny Kiani","tax_in_price":"excluded","tax_paid":"0.00","extras_multiply_nop":1}','2019-06-11 10:59:32' );
INSERT INTO wp_bookly_customer_appointments ( id,series_id,package_id,customer_id,appointment_id,payment_id,number_of_persons,units,notes,extras,extras_multiply_nop,extras_consider_duration,custom_fields,status,status_changed_at,token,time_zone,time_zone_offset,rating,rating_comment,locale,collaborative_service_id,collaborative_token,compound_service_id,compound_token,created_from,created )VALUES( 1115,null,null,1114,1115,1115,1,1,'','[]',1,1,'[{"id":43107,"value":"n\/a"},{"id":51989,"value":"event"},{"id":27913,"value":""},{"id":72188,"value":["I agree to <a href="https:\/\/www.mintroom.ca\/Terms_and_Conditions.pdf?v=11122018" target="_blank">Terms and Conditions<\/a>"]},{"id":85555,"value":["I agree there will be no more than 10 guests in the room per booking"]},{"id":27913,"value":" "},{"id":87958,"value":[]},{"id":45932,"value":[]}]','approved',null,null,null,null,null,null,null,null,null,null,null,'frontend','2019-06-11 10:59:32' );
INSERT INTO wp_bookly_appointments ( id,location_id,staff_id,staff_any,service_id,custom_service_name,custom_service_price,start_date,end_date,extras_duration,internal_note,google_event_id,google_event_etag,outlook_event_id,outlook_event_change_key,outlook_event_series_id,created_from,created )VALUES( 1116,null,9,0,4,null,null,'2019-08-18 13:00:00','2019-08-18 14:00:00',0,null,null,null,null,null,null,'bookly','2019-06-11 10:59:32' );
INSERT INTO wp_bookly_payments ( id,coupon_id,type,total,tax,paid,paid_type,gateway_price_correction,status,details,created )VALUES( 1116,null,'stripe',0,0,0,'in_full',0.00,'completed','{"items":[{"ca_id":1116,"appointment_date":"2019-08-18 13:00:00","service_name":"Ballroom","service_price":90,"service_tax":"11.70","wait_listed":false,"deposit_format":null,"number_of_persons":1,"units":"1","duration":"3600","staff_name":"Ballroom","extras":[]}],"coupon":null,"subtotal":{"price":450,"deposit":0},"customer":"Sunny Kiani","tax_in_price":"excluded","tax_paid":"0.00","extras_multiply_nop":1}','2019-06-11 10:59:32' );
INSERT INTO wp_bookly_customer_appointments ( id,series_id,package_id,customer_id,appointment_id,payment_id,number_of_persons,units,notes,extras,extras_multiply_nop,extras_consider_duration,custom_fields,status,status_changed_at,token,time_zone,time_zone_offset,rating,rating_comment,locale,collaborative_service_id,collaborative_token,compound_service_id,compound_token,created_from,created )VALUES( 1116,null,null,1114,1116,1116,1,1,'','[]',1,1,'[{"id":43107,"value":"n\/a"},{"id":51989,"value":"event"},{"id":27913,"value":""},{"id":72188,"value":["I agree to <a href="https:\/\/www.mintroom.ca\/Terms_and_Conditions.pdf?v=11122018" target="_blank">Terms and Conditions<\/a>"]},{"id":85555,"value":["I agree there will be no more than 10 guests in the room per booking"]},{"id":27913,"value":" "},{"id":87958,"value":[]},{"id":45932,"value":[]}]','approved',null,null,null,null,null,null,null,null,null,null,null,'frontend','2019-06-11 10:59:32' );
INSERT INTO wp_bookly_appointments ( id,location_id,staff_id,staff_any,service_id,custom_service_name,custom_service_price,start_date,end_date,extras_duration,internal_note,google_event_id,google_event_etag,outlook_event_id,outlook_event_change_key,outlook_event_series_id,created_from,created )VALUES( 1117,null,9,0,4,null,null,'2019-08-18 14:00:00','2019-08-18 15:00:00',0,null,null,null,null,null,null,'bookly','2019-06-11 10:59:32' );
INSERT INTO wp_bookly_payments ( id,coupon_id,type,total,tax,paid,paid_type,gateway_price_correction,status,details,created )VALUES( 1117,null,'stripe',0,0,0,'in_full',0.00,'completed','{"items":[{"ca_id":1117,"appointment_date":"2019-08-18 14:00:00","service_name":"Ballroom","service_price":90,"service_tax":"11.70","wait_listed":false,"deposit_format":null,"number_of_persons":1,"units":"1","duration":"3600","staff_name":"Ballroom","extras":[]}],"coupon":null,"subtotal":{"price":450,"deposit":0},"customer":"Sunny Kiani","tax_in_price":"excluded","tax_paid":"0.00","extras_multiply_nop":1}','2019-06-11 10:59:32' );
INSERT INTO wp_bookly_customer_appointments ( id,series_id,package_id,customer_id,appointment_id,payment_id,number_of_persons,units,notes,extras,extras_multiply_nop,extras_consider_duration,custom_fields,status,status_changed_at,token,time_zone,time_zone_offset,rating,rating_comment,locale,collaborative_service_id,collaborative_token,compound_service_id,compound_token,created_from,created )VALUES( 1117,null,null,1114,1117,1117,1,1,'','[]',1,1,'[{"id":43107,"value":"n\/a"},{"id":51989,"value":"event"},{"id":27913,"value":""},{"id":72188,"value":["I agree to <a href="https:\/\/www.mintroom.ca\/Terms_and_Conditions.pdf?v=11122018" target="_blank">Terms and Conditions<\/a>"]},{"id":85555,"value":["I agree there will be no more than 10 guests in the room per booking"]},{"id":27913,"value":" "},{"id":87958,"value":[]},{"id":45932,"value":[]}]','approved',null,null,null,null,null,null,null,null,null,null,null,'frontend','2019-06-11 10:59:32' );
INSERT INTO wp_bookly_appointments ( id,location_id,staff_id,staff_any,service_id,custom_service_name,custom_service_price,start_date,end_date,extras_duration,internal_note,google_event_id,google_event_etag,outlook_event_id,outlook_event_change_key,outlook_event_series_id,created_from,created )VALUES( 1118,null,9,0,4,null,null,'2019-08-18 15:00:00','2019-08-18 16:00:00',0,null,null,null,null,null,null,'bookly','2019-06-11 10:59:32' );
INSERT INTO wp_bookly_payments ( id,coupon_id,type,total,tax,paid,paid_type,gateway_price_correction,status,details,created )VALUES( 1118,null,'stripe',0,0,0,'in_full',0.00,'completed','{"items":[{"ca_id":1118,"appointment_date":"2019-08-18 15:00:00","service_name":"Ballroom","service_price":90,"service_tax":"11.70","wait_listed":false,"deposit_format":null,"number_of_persons":1,"units":"1","duration":"3600","staff_name":"Ballroom","extras":[]}],"coupon":null,"subtotal":{"price":450,"deposit":0},"customer":"Sunny Kiani","tax_in_price":"excluded","tax_paid":"0.00","extras_multiply_nop":1}','2019-06-11 10:59:32' );
INSERT INTO wp_bookly_customer_appointments ( id,series_id,package_id,customer_id,appointment_id,payment_id,number_of_persons,units,notes,extras,extras_multiply_nop,extras_consider_duration,custom_fields,status,status_changed_at,token,time_zone,time_zone_offset,rating,rating_comment,locale,collaborative_service_id,collaborative_token,compound_service_id,compound_token,created_from,created )VALUES( 1118,null,null,1114,1118,1118,1,1,'','[]',1,1,'[{"id":43107,"value":"n\/a"},{"id":51989,"value":"event"},{"id":27913,"value":""},{"id":72188,"value":["I agree to <a href="https:\/\/www.mintroom.ca\/Terms_and_Conditions.pdf?v=11122018" target="_blank">Terms and Conditions<\/a>"]},{"id":85555,"value":["I agree there will be no more than 10 guests in the room per booking"]},{"id":27913,"value":" "},{"id":87958,"value":[]},{"id":45932,"value":[]}]','approved',null,null,null,null,null,null,null,null,null,null,null,'frontend','2019-06-11 10:59:32' );
INSERT INTO wp_bookly_appointments ( id,location_id,staff_id,staff_any,service_id,custom_service_name,custom_service_price,start_date,end_date,extras_duration,internal_note,google_event_id,google_event_etag,outlook_event_id,outlook_event_change_key,outlook_event_series_id,created_from,created )VALUES( 1119,null,10,0,5,null,null,'2019-08-18 11:00:00','2019-08-18 12:00:00',0,null,null,null,null,null,null,'bookly','2019-06-11 10:59:32' );
INSERT INTO wp_bookly_payments ( id,coupon_id,type,total,tax,paid,paid_type,gateway_price_correction,status,details,created )VALUES( 1119,null,'stripe',0,0,0,'in_full',0.00,'completed','{"items":[{"ca_id":1119,"appointment_date":"2019-08-18 11:00:00","service_name":"Conservatory","service_price":90,"service_tax":"11.70","wait_listed":false,"deposit_format":null,"number_of_persons":1,"units":"1","duration":"3600","staff_name":"Conservatory","extras":[]}],"coupon":null,"subtotal":{"price":450,"deposit":0},"customer":"Sunny Kiani","tax_in_price":"excluded","tax_paid":"0.00","extras_multiply_nop":1}','2019-06-11 10:59:32' );
INSERT INTO wp_bookly_customer_appointments ( id,series_id,package_id,customer_id,appointment_id,payment_id,number_of_persons,units,notes,extras,extras_multiply_nop,extras_consider_duration,custom_fields,status,status_changed_at,token,time_zone,time_zone_offset,rating,rating_comment,locale,collaborative_service_id,collaborative_token,compound_service_id,compound_token,created_from,created )VALUES( 1119,null,null,1114,1119,1119,1,1,'','[]',1,1,'[{"id":43107,"value":"na"},{"id":51989,"value":"event"},{"id":27913,"value":""},{"id":72188,"value":["I agree to <a href="https:\/\/www.mintroom.ca\/Terms_and_Conditions.pdf?v=11122018" target="_blank">Terms and Conditions<\/a>"]},{"id":85555,"value":["I agree there will be no more than 10 guests in the room per booking"]},{"id":27913,"value":" "},{"id":87958,"value":[]},{"id":45932,"value":[]}]','approved',null,null,null,null,null,null,null,null,null,null,null,'frontend','2019-06-11 10:59:32' );
INSERT INTO wp_bookly_appointments ( id,location_id,staff_id,staff_any,service_id,custom_service_name,custom_service_price,start_date,end_date,extras_duration,internal_note,google_event_id,google_event_etag,outlook_event_id,outlook_event_change_key,outlook_event_series_id,created_from,created )VALUES( 1120,null,10,0,5,null,null,'2019-08-18 12:00:00','2019-08-18 13:00:00',0,null,null,null,null,null,null,'bookly','2019-06-11 10:59:32' );
INSERT INTO wp_bookly_payments ( id,coupon_id,type,total,tax,paid,paid_type,gateway_price_correction,status,details,created )VALUES( 1120,null,'stripe',0,0,0,'in_full',0.00,'completed','{"items":[{"ca_id":1120,"appointment_date":"2019-08-18 12:00:00","service_name":"Conservatory","service_price":90,"service_tax":"11.70","wait_listed":false,"deposit_format":null,"number_of_persons":1,"units":"1","duration":"3600","staff_name":"Conservatory","extras":[]}],"coupon":null,"subtotal":{"price":450,"deposit":0},"customer":"Sunny Kiani","tax_in_price":"excluded","tax_paid":"0.00","extras_multiply_nop":1}','2019-06-11 10:59:32' );
INSERT INTO wp_bookly_customer_appointments ( id,series_id,package_id,customer_id,appointment_id,payment_id,number_of_persons,units,notes,extras,extras_multiply_nop,extras_consider_duration,custom_fields,status,status_changed_at,token,time_zone,time_zone_offset,rating,rating_comment,locale,collaborative_service_id,collaborative_token,compound_service_id,compound_token,created_from,created )VALUES( 1120,null,null,1114,1120,1120,1,1,'','[]',1,1,'[{"id":43107,"value":"na"},{"id":51989,"value":"event"},{"id":27913,"value":""},{"id":72188,"value":["I agree to <a href="https:\/\/www.mintroom.ca\/Terms_and_Conditions.pdf?v=11122018" target="_blank">Terms and Conditions<\/a>"]},{"id":85555,"value":["I agree there will be no more than 10 guests in the room per booking"]},{"id":27913,"value":" "},{"id":87958,"value":[]},{"id":45932,"value":[]}]','approved',null,null,null,null,null,null,null,null,null,null,null,'frontend','2019-06-11 10:59:32' );
INSERT INTO wp_bookly_appointments ( id,location_id,staff_id,staff_any,service_id,custom_service_name,custom_service_price,start_date,end_date,extras_duration,internal_note,google_event_id,google_event_etag,outlook_event_id,outlook_event_change_key,outlook_event_series_id,created_from,created )VALUES( 1121,null,10,0,5,null,null,'2019-08-18 13:00:00','2019-08-18 14:00:00',0,null,null,null,null,null,null,'bookly','2019-06-11 10:59:32' );
INSERT INTO wp_bookly_payments ( id,coupon_id,type,total,tax,paid,paid_type,gateway_price_correction,status,details,created )VALUES( 1121,null,'stripe',0,0,0,'in_full',0.00,'completed','{"items":[{"ca_id":1121,"appointment_date":"2019-08-18 13:00:00","service_name":"Conservatory","service_price":90,"service_tax":"11.70","wait_listed":false,"deposit_format":null,"number_of_persons":1,"units":"1","duration":"3600","staff_name":"Conservatory","extras":[]}],"coupon":null,"subtotal":{"price":450,"deposit":0},"customer":"Sunny Kiani","tax_in_price":"excluded","tax_paid":"0.00","extras_multiply_nop":1}','2019-06-11 10:59:32' );
INSERT INTO wp_bookly_customer_appointments ( id,series_id,package_id,customer_id,appointment_id,payment_id,number_of_persons,units,notes,extras,extras_multiply_nop,extras_consider_duration,custom_fields,status,status_changed_at,token,time_zone,time_zone_offset,rating,rating_comment,locale,collaborative_service_id,collaborative_token,compound_service_id,compound_token,created_from,created )VALUES( 1121,null,null,1114,1121,1121,1,1,'','[]',1,1,'[{"id":43107,"value":"na"},{"id":51989,"value":"event"},{"id":27913,"value":""},{"id":72188,"value":["I agree to <a href="https:\/\/www.mintroom.ca\/Terms_and_Conditions.pdf?v=11122018" target="_blank">Terms and Conditions<\/a>"]},{"id":85555,"value":["I agree there will be no more than 10 guests in the room per booking"]},{"id":27913,"value":" "},{"id":87958,"value":[]},{"id":45932,"value":[]}]','approved',null,null,null,null,null,null,null,null,null,null,null,'frontend','2019-06-11 10:59:32' );
INSERT INTO wp_bookly_appointments ( id,location_id,staff_id,staff_any,service_id,custom_service_name,custom_service_price,start_date,end_date,extras_duration,internal_note,google_event_id,google_event_etag,outlook_event_id,outlook_event_change_key,outlook_event_series_id,created_from,created )VALUES( 1122,null,10,0,5,null,null,'2019-08-18 14:00:00','2019-08-18 15:00:00',0,null,null,null,null,null,null,'bookly','2019-06-11 10:59:32' );
INSERT INTO wp_bookly_payments ( id,coupon_id,type,total,tax,paid,paid_type,gateway_price_correction,status,details,created )VALUES( 1122,null,'stripe',0,0,0,'in_full',0.00,'completed','{"items":[{"ca_id":1122,"appointment_date":"2019-08-18 14:00:00","service_name":"Conservatory","service_price":90,"service_tax":"11.70","wait_listed":false,"deposit_format":null,"number_of_persons":1,"units":"1","duration":"3600","staff_name":"Conservatory","extras":[]}],"coupon":null,"subtotal":{"price":450,"deposit":0},"customer":"Sunny Kiani","tax_in_price":"excluded","tax_paid":"0.00","extras_multiply_nop":1}','2019-06-11 10:59:32' );
INSERT INTO wp_bookly_customer_appointments ( id,series_id,package_id,customer_id,appointment_id,payment_id,number_of_persons,units,notes,extras,extras_multiply_nop,extras_consider_duration,custom_fields,status,status_changed_at,token,time_zone,time_zone_offset,rating,rating_comment,locale,collaborative_service_id,collaborative_token,compound_service_id,compound_token,created_from,created )VALUES( 1122,null,null,1114,1122,1122,1,1,'','[]',1,1,'[{"id":43107,"value":"na"},{"id":51989,"value":"event"},{"id":27913,"value":""},{"id":72188,"value":["I agree to <a href="https:\/\/www.mintroom.ca\/Terms_and_Conditions.pdf?v=11122018" target="_blank">Terms and Conditions<\/a>"]},{"id":85555,"value":["I agree there will be no more than 10 guests in the room per booking"]},{"id":27913,"value":" "},{"id":87958,"value":[]},{"id":45932,"value":[]}]','approved',null,null,null,null,null,null,null,null,null,null,null,'frontend','2019-06-11 10:59:32' );
INSERT INTO wp_bookly_appointments ( id,location_id,staff_id,staff_any,service_id,custom_service_name,custom_service_price,start_date,end_date,extras_duration,internal_note,google_event_id,google_event_etag,outlook_event_id,outlook_event_change_key,outlook_event_series_id,created_from,created )VALUES( 1123,null,10,0,5,null,null,'2019-08-18 15:00:00','2019-08-18 16:00:00',0,null,null,null,null,null,null,'bookly','2019-06-11 10:59:32' );
INSERT INTO wp_bookly_payments ( id,coupon_id,type,total,tax,paid,paid_type,gateway_price_correction,status,details,created )VALUES( 1123,null,'stripe',0,0,0,'in_full',0.00,'completed','{"items":[{"ca_id":1123,"appointment_date":"2019-08-18 15:00:00","service_name":"Conservatory","service_price":90,"service_tax":"11.70","wait_listed":false,"deposit_format":null,"number_of_persons":1,"units":"1","duration":"3600","staff_name":"Conservatory","extras":[]}],"coupon":null,"subtotal":{"price":450,"deposit":0},"customer":"Sunny Kiani","tax_in_price":"excluded","tax_paid":"0.00","extras_multiply_nop":1}','2019-06-11 10:59:32' );
INSERT INTO wp_bookly_customer_appointments ( id,series_id,package_id,customer_id,appointment_id,payment_id,number_of_persons,units,notes,extras,extras_multiply_nop,extras_consider_duration,custom_fields,status,status_changed_at,token,time_zone,time_zone_offset,rating,rating_comment,locale,collaborative_service_id,collaborative_token,compound_service_id,compound_token,created_from,created )VALUES( 1123,null,null,1114,1123,1123,1,1,'','[]',1,1,'[{"id":43107,"value":"na"},{"id":51989,"value":"event"},{"id":27913,"value":""},{"id":72188,"value":["I agree to <a href="https:\/\/www.mintroom.ca\/Terms_and_Conditions.pdf?v=11122018" target="_blank">Terms and Conditions<\/a>"]},{"id":85555,"value":["I agree there will be no more than 10 guests in the room per booking"]},{"id":27913,"value":" "},{"id":87958,"value":[]},{"id":45932,"value":[]}]','approved',null,null,null,null,null,null,null,null,null,null,null,'frontend','2019-06-11 10:59:32' );
INSERT INTO wp_bookly_appointments ( id,location_id,staff_id,staff_any,service_id,custom_service_name,custom_service_price,start_date,end_date,extras_duration,internal_note,google_event_id,google_event_etag,outlook_event_id,outlook_event_change_key,outlook_event_series_id,created_from,created )VALUES( 1124,null,9,0,4,null,null,'2019-08-18 16:00:00','2019-08-18 17:00:00',0,null,null,null,null,null,null,'bookly','2019-06-11 10:59:32' );
INSERT INTO wp_bookly_payments ( id,coupon_id,type,total,tax,paid,paid_type,gateway_price_correction,status,details,created )VALUES( 1124,50,'coupon',0,0,0,'in_full',0.00,'completed','{"items":[{"ca_id":1124,"appointment_date":"2019-08-18 16:00:00","service_name":"Ballroom","service_price":90,"service_tax":"11.70","wait_listed":false,"deposit_format":null,"number_of_persons":1,"units":"1","duration":"3600","staff_name":"Ballroom","extras":[]}],"coupon":{"code":"PT_HUGE","discount":100,"deduction":"0.00"},"subtotal":{"price":90,"deposit":0},"customer":"Sunny Khiani","tax_in_price":"excluded","tax_paid":"0.00","extras_multiply_nop":1}','2019-06-11 10:59:32' );
INSERT INTO wp_bookly_customer_appointments ( id,series_id,package_id,customer_id,appointment_id,payment_id,number_of_persons,units,notes,extras,extras_multiply_nop,extras_consider_duration,custom_fields,status,status_changed_at,token,time_zone,time_zone_offset,rating,rating_comment,locale,collaborative_service_id,collaborative_token,compound_service_id,compound_token,created_from,created )VALUES( 1124,null,null,1114,1124,1124,1,1,'','[]',1,1,'[{"id":43107,"value":"n\/a"},{"id":51989,"value":"event"},{"id":27913,"value":""},{"id":72188,"value":["I agree to <a href="https:\/\/www.mintroom.ca\/Terms_and_Conditions.pdf?v=11122018" target="_blank">Terms and Conditions<\/a>"]},{"id":85555,"value":["I agree there will be no more than 10 guests in the room per booking"]},{"id":27913,"value":" "},{"id":87958,"value":[]},{"id":45932,"value":[]}]','approved',null,null,null,null,null,null,null,null,null,null,null,'frontend','2019-06-11 10:59:32' );
INSERT INTO wp_bookly_appointments ( id,location_id,staff_id,staff_any,service_id,custom_service_name,custom_service_price,start_date,end_date,extras_duration,internal_note,google_event_id,google_event_etag,outlook_event_id,outlook_event_change_key,outlook_event_series_id,created_from,created )VALUES( 1125,null,10,0,5,null,null,'2019-08-18 16:00:00','2019-08-18 17:00:00',0,null,null,null,null,null,null,'bookly','2019-06-11 10:59:32' );
INSERT INTO wp_bookly_payments ( id,coupon_id,type,total,tax,paid,paid_type,gateway_price_correction,status,details,created )VALUES( 1125,null,'stripe',0,0,0,'in_full',0.00,'completed','{"items":[{"ca_id":1125,"appointment_date":"2019-08-18 16:00:00","service_name":"Conservatory","service_price":90,"service_tax":"11.70","wait_listed":false,"deposit_format":null,"number_of_persons":1,"units":"1","duration":"3600","staff_name":"Conservatory","extras":[]}],"coupon":null,"subtotal":{"price":90,"deposit":0},"customer":"Sunny Kiani","tax_in_price":"excluded","tax_paid":"0.00","extras_multiply_nop":1}','2019-06-11 10:59:32' );
INSERT INTO wp_bookly_customer_appointments ( id,series_id,package_id,customer_id,appointment_id,payment_id,number_of_persons,units,notes,extras,extras_multiply_nop,extras_consider_duration,custom_fields,status,status_changed_at,token,time_zone,time_zone_offset,rating,rating_comment,locale,collaborative_service_id,collaborative_token,compound_service_id,compound_token,created_from,created )VALUES( 1125,null,null,1114,1125,1125,1,1,'','[]',1,1,'[{"id":43107,"value":"n\/a"},{"id":51989,"value":"event"},{"id":27913,"value":""},{"id":72188,"value":["I agree to <a href="https:\/\/www.mintroom.ca\/Terms_and_Conditions.pdf?v=11122018" target="_blank">Terms and Conditions<\/a>"]},{"id":85555,"value":["I agree there will be no more than 10 guests in the room per booking"]},{"id":27913,"value":" "},{"id":87958,"value":[]},{"id":45932,"value":[]}]','approved',null,null,null,null,null,null,null,null,null,null,null,'frontend','2019-06-11 10:59:32' );
INSERT INTO wp_bookly_appointments ( id,location_id,staff_id,staff_any,service_id,custom_service_name,custom_service_price,start_date,end_date,extras_duration,internal_note,google_event_id,google_event_etag,outlook_event_id,outlook_event_change_key,outlook_event_series_id,created_from,created )VALUES( 1126,null,11,0,6,null,null,'2019-08-18 13:00:00','2019-08-18 14:00:00',0,null,null,null,null,null,null,'bookly','2019-06-11 10:59:32' );
INSERT INTO wp_bookly_payments ( id,coupon_id,type,total,tax,paid,paid_type,gateway_price_correction,status,details,created )VALUES( 1126,null,'stripe',0,0,0,'in_full',0.00,'completed','{"items":[{"ca_id":1126,"appointment_date":"2019-08-18 13:00:00","service_name":"Library","service_price":90,"service_tax":"11.70","wait_listed":false,"deposit_format":null,"number_of_persons":1,"units":"1","duration":"3600","staff_name":"Library","extras":[]}],"coupon":null,"subtotal":{"price":270,"deposit":0},"customer":"Sunny Kiani","tax_in_price":"excluded","tax_paid":"0.00","extras_multiply_nop":1}','2019-06-11 10:59:32' );
INSERT INTO wp_bookly_customer_appointments ( id,series_id,package_id,customer_id,appointment_id,payment_id,number_of_persons,units,notes,extras,extras_multiply_nop,extras_consider_duration,custom_fields,status,status_changed_at,token,time_zone,time_zone_offset,rating,rating_comment,locale,collaborative_service_id,collaborative_token,compound_service_id,compound_token,created_from,created )VALUES( 1126,null,null,1114,1126,1126,1,1,'','[]',1,1,'[{"id":43107,"value":"na"},{"id":51989,"value":"event"},{"id":27913,"value":""},{"id":72188,"value":["I agree to <a href="https:\/\/www.mintroom.ca\/Terms_and_Conditions.pdf?v=11122018" target="_blank">Terms and Conditions<\/a>"]},{"id":85555,"value":["I agree there will be no more than 10 guests in the room per booking"]},{"id":27913,"value":" "},{"id":87958,"value":[]},{"id":45932,"value":[]}]','approved',null,null,null,null,null,null,null,null,null,null,null,'frontend','2019-06-11 10:59:32' );
INSERT INTO wp_bookly_appointments ( id,location_id,staff_id,staff_any,service_id,custom_service_name,custom_service_price,start_date,end_date,extras_duration,internal_note,google_event_id,google_event_etag,outlook_event_id,outlook_event_change_key,outlook_event_series_id,created_from,created )VALUES( 1127,null,11,0,6,null,null,'2019-08-18 14:00:00','2019-08-18 15:00:00',0,null,null,null,null,null,null,'bookly','2019-06-11 10:59:32' );
INSERT INTO wp_bookly_payments ( id,coupon_id,type,total,tax,paid,paid_type,gateway_price_correction,status,details,created )VALUES( 1127,null,'stripe',0,0,0,'in_full',0.00,'completed','{"items":[{"ca_id":1127,"appointment_date":"2019-08-18 14:00:00","service_name":"Library","service_price":90,"service_tax":"11.70","wait_listed":false,"deposit_format":null,"number_of_persons":1,"units":"1","duration":"3600","staff_name":"Library","extras":[]}],"coupon":null,"subtotal":{"price":270,"deposit":0},"customer":"Sunny Kiani","tax_in_price":"excluded","tax_paid":"0.00","extras_multiply_nop":1}','2019-06-11 10:59:32' );
INSERT INTO wp_bookly_customer_appointments ( id,series_id,package_id,customer_id,appointment_id,payment_id,number_of_persons,units,notes,extras,extras_multiply_nop,extras_consider_duration,custom_fields,status,status_changed_at,token,time_zone,time_zone_offset,rating,rating_comment,locale,collaborative_service_id,collaborative_token,compound_service_id,compound_token,created_from,created )VALUES( 1127,null,null,1114,1127,1127,1,1,'','[]',1,1,'[{"id":43107,"value":"na"},{"id":51989,"value":"event"},{"id":27913,"value":""},{"id":72188,"value":["I agree to <a href="https:\/\/www.mintroom.ca\/Terms_and_Conditions.pdf?v=11122018" target="_blank">Terms and Conditions<\/a>"]},{"id":85555,"value":["I agree there will be no more than 10 guests in the room per booking"]},{"id":27913,"value":" "},{"id":87958,"value":[]},{"id":45932,"value":[]}]','approved',null,null,null,null,null,null,null,null,null,null,null,'frontend','2019-06-11 10:59:32' );
INSERT INTO wp_bookly_appointments ( id,location_id,staff_id,staff_any,service_id,custom_service_name,custom_service_price,start_date,end_date,extras_duration,internal_note,google_event_id,google_event_etag,outlook_event_id,outlook_event_change_key,outlook_event_series_id,created_from,created )VALUES( 1128,null,11,0,6,null,null,'2019-08-18 15:00:00','2019-08-18 16:00:00',0,null,null,null,null,null,null,'bookly','2019-06-11 10:59:32' );
INSERT INTO wp_bookly_payments ( id,coupon_id,type,total,tax,paid,paid_type,gateway_price_correction,status,details,created )VALUES( 1128,null,'stripe',0,0,0,'in_full',0.00,'completed','{"items":[{"ca_id":1128,"appointment_date":"2019-08-18 15:00:00","service_name":"Library","service_price":90,"service_tax":"11.70","wait_listed":false,"deposit_format":null,"number_of_persons":1,"units":"1","duration":"3600","staff_name":"Library","extras":[]}],"coupon":null,"subtotal":{"price":270,"deposit":0},"customer":"Sunny Kiani","tax_in_price":"excluded","tax_paid":"0.00","extras_multiply_nop":1}','2019-06-11 10:59:32' );
INSERT INTO wp_bookly_customer_appointments ( id,series_id,package_id,customer_id,appointment_id,payment_id,number_of_persons,units,notes,extras,extras_multiply_nop,extras_consider_duration,custom_fields,status,status_changed_at,token,time_zone,time_zone_offset,rating,rating_comment,locale,collaborative_service_id,collaborative_token,compound_service_id,compound_token,created_from,created )VALUES( 1128,null,null,1114,1128,1128,1,1,'','[]',1,1,'[{"id":43107,"value":"na"},{"id":51989,"value":"event"},{"id":27913,"value":""},{"id":72188,"value":["I agree to <a href="https:\/\/www.mintroom.ca\/Terms_and_Conditions.pdf?v=11122018" target="_blank">Terms and Conditions<\/a>"]},{"id":85555,"value":["I agree there will be no more than 10 guests in the room per booking"]},{"id":27913,"value":" "},{"id":87958,"value":[]},{"id":45932,"value":[]}]','approved',null,null,null,null,null,null,null,null,null,null,null,'frontend','2019-06-11 10:59:32' );
INSERT INTO wp_bookly_appointments ( id,location_id,staff_id,staff_any,service_id,custom_service_name,custom_service_price,start_date,end_date,extras_duration,internal_note,google_event_id,google_event_etag,outlook_event_id,outlook_event_change_key,outlook_event_series_id,created_from,created )VALUES( 1129,null,12,0,7,null,null,'2019-08-18 13:00:00','2019-08-18 14:00:00',0,null,null,null,null,null,null,'bookly','2019-06-11 10:59:32' );
INSERT INTO wp_bookly_payments ( id,coupon_id,type,total,tax,paid,paid_type,gateway_price_correction,status,details,created )VALUES( 1129,null,'stripe',0,0,0,'in_full',0.00,'completed','{"items":[{"ca_id":1129,"appointment_date":"2019-08-18 13:00:00","service_name":"Lounge","service_price":55,"service_tax":"7.15","wait_listed":false,"deposit_format":null,"number_of_persons":1,"units":"1","duration":"3600","staff_name":"Lounge","extras":[]}],"coupon":null,"subtotal":{"price":165,"deposit":0},"customer":"Sunny Kiani","tax_in_price":"excluded","tax_paid":"0.00","extras_multiply_nop":1}','2019-06-11 10:59:32' );
INSERT INTO wp_bookly_customer_appointments ( id,series_id,package_id,customer_id,appointment_id,payment_id,number_of_persons,units,notes,extras,extras_multiply_nop,extras_consider_duration,custom_fields,status,status_changed_at,token,time_zone,time_zone_offset,rating,rating_comment,locale,collaborative_service_id,collaborative_token,compound_service_id,compound_token,created_from,created )VALUES( 1129,null,null,1114,1129,1129,1,1,'','[]',1,1,'[{"id":43107,"value":"na"},{"id":51989,"value":"na"},{"id":27913,"value":""},{"id":72188,"value":["I agree to <a href="https:\/\/www.mintroom.ca\/Terms_and_Conditions.pdf?v=11122018" target="_blank">Terms and Conditions<\/a>"]},{"id":85555,"value":["I agree there will be no more than 10 guests in the room per booking"]},{"id":27913,"value":" "},{"id":87958,"value":[]},{"id":45932,"value":[]}]','approved',null,null,null,null,null,null,null,null,null,null,null,'frontend','2019-06-11 10:59:32' );
INSERT INTO wp_bookly_appointments ( id,location_id,staff_id,staff_any,service_id,custom_service_name,custom_service_price,start_date,end_date,extras_duration,internal_note,google_event_id,google_event_etag,outlook_event_id,outlook_event_change_key,outlook_event_series_id,created_from,created )VALUES( 1130,null,12,0,7,null,null,'2019-08-18 14:00:00','2019-08-18 15:00:00',0,null,null,null,null,null,null,'bookly','2019-06-11 10:59:32' );
INSERT INTO wp_bookly_payments ( id,coupon_id,type,total,tax,paid,paid_type,gateway_price_correction,status,details,created )VALUES( 1130,null,'stripe',0,0,0,'in_full',0.00,'completed','{"items":[{"ca_id":1130,"appointment_date":"2019-08-18 14:00:00","service_name":"Lounge","service_price":55,"service_tax":"7.15","wait_listed":false,"deposit_format":null,"number_of_persons":1,"units":"1","duration":"3600","staff_name":"Lounge","extras":[]}],"coupon":null,"subtotal":{"price":165,"deposit":0},"customer":"Sunny Kiani","tax_in_price":"excluded","tax_paid":"0.00","extras_multiply_nop":1}','2019-06-11 10:59:32' );
INSERT INTO wp_bookly_customer_appointments ( id,series_id,package_id,customer_id,appointment_id,payment_id,number_of_persons,units,notes,extras,extras_multiply_nop,extras_consider_duration,custom_fields,status,status_changed_at,token,time_zone,time_zone_offset,rating,rating_comment,locale,collaborative_service_id,collaborative_token,compound_service_id,compound_token,created_from,created )VALUES( 1130,null,null,1114,1130,1130,1,1,'','[]',1,1,'[{"id":43107,"value":"na"},{"id":51989,"value":"na"},{"id":27913,"value":""},{"id":72188,"value":["I agree to <a href="https:\/\/www.mintroom.ca\/Terms_and_Conditions.pdf?v=11122018" target="_blank">Terms and Conditions<\/a>"]},{"id":85555,"value":["I agree there will be no more than 10 guests in the room per booking"]},{"id":27913,"value":" "},{"id":87958,"value":[]},{"id":45932,"value":[]}]','approved',null,null,null,null,null,null,null,null,null,null,null,'frontend','2019-06-11 10:59:32' );
INSERT INTO wp_bookly_appointments ( id,location_id,staff_id,staff_any,service_id,custom_service_name,custom_service_price,start_date,end_date,extras_duration,internal_note,google_event_id,google_event_etag,outlook_event_id,outlook_event_change_key,outlook_event_series_id,created_from,created )VALUES( 1131,null,12,0,7,null,null,'2019-08-18 15:00:00','2019-08-18 16:00:00',0,null,null,null,null,null,null,'bookly','2019-06-11 10:59:32' );
INSERT INTO wp_bookly_payments ( id,coupon_id,type,total,tax,paid,paid_type,gateway_price_correction,status,details,created )VALUES( 1131,null,'stripe',0,0,0,'in_full',0.00,'completed','{"items":[{"ca_id":1131,"appointment_date":"2019-08-18 15:00:00","service_name":"Lounge","service_price":55,"service_tax":"7.15","wait_listed":false,"deposit_format":null,"number_of_persons":1,"units":"1","duration":"3600","staff_name":"Lounge","extras":[]}],"coupon":null,"subtotal":{"price":165,"deposit":0},"customer":"Sunny Kiani","tax_in_price":"excluded","tax_paid":"0.00","extras_multiply_nop":1}','2019-06-11 10:59:32' );
INSERT INTO wp_bookly_customer_appointments ( id,series_id,package_id,customer_id,appointment_id,payment_id,number_of_persons,units,notes,extras,extras_multiply_nop,extras_consider_duration,custom_fields,status,status_changed_at,token,time_zone,time_zone_offset,rating,rating_comment,locale,collaborative_service_id,collaborative_token,compound_service_id,compound_token,created_from,created )VALUES( 1131,null,null,1114,1131,1131,1,1,'','[]',1,1,'[{"id":43107,"value":"na"},{"id":51989,"value":"na"},{"id":27913,"value":""},{"id":72188,"value":["I agree to <a href="https:\/\/www.mintroom.ca\/Terms_and_Conditions.pdf?v=11122018" target="_blank">Terms and Conditions<\/a>"]},{"id":85555,"value":["I agree there will be no more than 10 guests in the room per booking"]},{"id":27913,"value":" "},{"id":87958,"value":[]},{"id":45932,"value":[]}]','approved',null,null,null,null,null,null,null,null,null,null,null,'frontend','2019-06-11 10:59:32' );
INSERT INTO wp_bookly_appointments ( id,location_id,staff_id,staff_any,service_id,custom_service_name,custom_service_price,start_date,end_date,extras_duration,internal_note,google_event_id,google_event_etag,outlook_event_id,outlook_event_change_key,outlook_event_series_id,created_from,created )VALUES( 1132,null,10,0,5,null,null,'2019-06-20 10:00:00','2019-06-20 11:00:00',0,null,null,null,null,null,null,'bookly','2019-06-11 10:59:32' );
INSERT INTO wp_bookly_appointments ( id,location_id,staff_id,staff_any,service_id,custom_service_name,custom_service_price,start_date,end_date,extras_duration,internal_note,google_event_id,google_event_etag,outlook_event_id,outlook_event_change_key,outlook_event_series_id,created_from,created )VALUES( 3132,null,13,0,8,null,null,'2019-06-20 10:00:00','2019-06-20 11:00:00',0,null,null,null,null,null,null,'bookly','2019-06-11 10:59:32' );
INSERT INTO wp_bookly_appointments ( id,location_id,staff_id,staff_any,service_id,custom_service_name,custom_service_price,start_date,end_date,extras_duration,internal_note,google_event_id,google_event_etag,outlook_event_id,outlook_event_change_key,outlook_event_series_id,created_from,created )VALUES( 4132,null,14,0,9,null,null,'2019-06-20 10:00:00','2019-06-20 11:00:00',0,null,null,null,null,null,null,'bookly','2019-06-11 10:59:32' );
INSERT INTO wp_bookly_customers ( id,wp_user_id,facebook_id,group_id,full_name,first_name,last_name,phone,email,birthday,country,state,postcode,city,street,street_number,additional_address,notes,info_fields,credit,created )VALUES( 1132,null,null,null,'CHARISSE NAGPALA','CHARISSE NAGPALA','','4168290228','alldolledupbyc@gmail.com*',null,'','','','','','','','',null,0,'2019-06-11 10:59:32' );
INSERT INTO wp_bookly_customer_appointments ( id,series_id,package_id,customer_id,appointment_id,payment_id,number_of_persons,units,notes,extras,extras_multiply_nop,extras_consider_duration,custom_fields,status,status_changed_at,token,time_zone,time_zone_offset,rating,rating_comment,locale,collaborative_service_id,collaborative_token,compound_service_id,compound_token,created_from,created )VALUES( 1132,null,null,1132,1132,1132,1,1,'','[]',1,1,'[{"id":43107,"value":"Beyond Infiniti"},{"id":51989,"value":"Wedding"},{"id":27913,"value":""},{"id":72188,"value":["I agree to <a href="https:\/\/www.mintroom.ca\/Terms_and_Conditions.pdf?v=11122018" target="_blank">Terms and Conditions<\/a>"]},{"id":85555,"value":["I agree there will be no more than 10 guests in the room per booking"]},{"id":27913,"value":" "},{"id":87958,"value":[]},{"id":45932,"value":[]}]','approved',null,null,null,null,null,null,null,null,null,null,null,'frontend','2019-06-11 10:59:32' );
INSERT INTO wp_bookly_appointments ( id,location_id,staff_id,staff_any,service_id,custom_service_name,custom_service_price,start_date,end_date,extras_duration,internal_note,google_event_id,google_event_etag,outlook_event_id,outlook_event_change_key,outlook_event_series_id,created_from,created )VALUES( 1133,null,10,0,5,null,null,'2019-06-20 11:00:00','2019-06-20 12:00:00',0,null,null,null,null,null,null,'bookly','2019-06-11 10:59:32' );
INSERT INTO wp_bookly_appointments ( id,location_id,staff_id,staff_any,service_id,custom_service_name,custom_service_price,start_date,end_date,extras_duration,internal_note,google_event_id,google_event_etag,outlook_event_id,outlook_event_change_key,outlook_event_series_id,created_from,created )VALUES( 3133,null,13,0,8,null,null,'2019-06-20 11:00:00','2019-06-20 12:00:00',0,null,null,null,null,null,null,'bookly','2019-06-11 10:59:32' );
INSERT INTO wp_bookly_appointments ( id,location_id,staff_id,staff_any,service_id,custom_service_name,custom_service_price,start_date,end_date,extras_duration,internal_note,google_event_id,google_event_etag,outlook_event_id,outlook_event_change_key,outlook_event_series_id,created_from,created )VALUES( 4133,null,14,0,9,null,null,'2019-06-20 11:00:00','2019-06-20 12:00:00',0,null,null,null,null,null,null,'bookly','2019-06-11 10:59:32' );
INSERT INTO wp_bookly_customer_appointments ( id,series_id,package_id,customer_id,appointment_id,payment_id,number_of_persons,units,notes,extras,extras_multiply_nop,extras_consider_duration,custom_fields,status,status_changed_at,token,time_zone,time_zone_offset,rating,rating_comment,locale,collaborative_service_id,collaborative_token,compound_service_id,compound_token,created_from,created )VALUES( 1133,null,null,1132,1133,1133,1,1,'','[]',1,1,'[{"id":43107,"value":"Beyond Infiniti"},{"id":51989,"value":"Wedding"},{"id":27913,"value":""},{"id":72188,"value":["I agree to <a href="https:\/\/www.mintroom.ca\/Terms_and_Conditions.pdf?v=11122018" target="_blank">Terms and Conditions<\/a>"]},{"id":85555,"value":["I agree there will be no more than 10 guests in the room per booking"]},{"id":27913,"value":" "},{"id":87958,"value":[]},{"id":45932,"value":[]}]','approved',null,null,null,null,null,null,null,null,null,null,null,'frontend','2019-06-11 10:59:32' );
INSERT INTO wp_bookly_appointments ( id,location_id,staff_id,staff_any,service_id,custom_service_name,custom_service_price,start_date,end_date,extras_duration,internal_note,google_event_id,google_event_etag,outlook_event_id,outlook_event_change_key,outlook_event_series_id,created_from,created )VALUES( 1134,null,9,0,4,null,null,'2019-08-17 13:00:00','2019-08-17 14:00:00',0,null,null,null,null,null,null,'bookly','2019-06-11 10:59:32' );
INSERT INTO wp_bookly_customers ( id,wp_user_id,facebook_id,group_id,full_name,first_name,last_name,phone,email,birthday,country,state,postcode,city,street,street_number,additional_address,notes,info_fields,credit,created )VALUES( 1134,null,null,null,'Diana Borges','Diana Borges','','6472025103','dianaborges_92@hotmail.com*',null,'','','','','','','','',null,0,'2019-06-11 10:59:32' );
INSERT INTO wp_bookly_payments ( id,coupon_id,type,total,tax,paid,paid_type,gateway_price_correction,status,details,created )VALUES( 1134,null,'stripe',203.4,23.4,203.4,'in_full',0.00,'completed','{"items":[{"ca_id":1134,"appointment_date":"2019-08-17 13:00:00","service_name":"Ballroom","service_price":90,"service_tax":"11.70","wait_listed":false,"deposit_format":null,"number_of_persons":1,"units":"1","duration":"3600","staff_name":"Ballroom","extras":[]}],"coupon":null,"subtotal":{"price":180,"deposit":0},"customer":"Diana Borges","tax_in_price":"excluded","tax_paid":"23.40","extras_multiply_nop":1}','2019-06-11 10:59:32' );
INSERT INTO wp_bookly_customer_appointments ( id,series_id,package_id,customer_id,appointment_id,payment_id,number_of_persons,units,notes,extras,extras_multiply_nop,extras_consider_duration,custom_fields,status,status_changed_at,token,time_zone,time_zone_offset,rating,rating_comment,locale,collaborative_service_id,collaborative_token,compound_service_id,compound_token,created_from,created )VALUES( 1134,null,null,1134,1134,1134,1,1,'','[]',1,1,'[{"id":43107,"value":"Purple Tree Photography"},{"id":51989,"value":"Wedding"},{"id":27913,"value":""},{"id":72188,"value":["I agree to <a href="https:\/\/www.mintroom.ca\/Terms_and_Conditions.pdf?v=11122018" target="_blank">Terms and Conditions<\/a>"]},{"id":85555,"value":["I agree there will be no more than 10 guests in the room per booking"]},{"id":27913,"value":" "},{"id":87958,"value":[]},{"id":45932,"value":[]}]','approved',null,null,null,null,null,null,null,null,null,null,null,'frontend','2019-06-11 10:59:32' );
INSERT INTO wp_bookly_appointments ( id,location_id,staff_id,staff_any,service_id,custom_service_name,custom_service_price,start_date,end_date,extras_duration,internal_note,google_event_id,google_event_etag,outlook_event_id,outlook_event_change_key,outlook_event_series_id,created_from,created )VALUES( 1135,null,9,0,4,null,null,'2019-08-17 14:00:00','2019-08-17 15:00:00',0,null,null,null,null,null,null,'bookly','2019-06-11 10:59:32' );
INSERT INTO wp_bookly_payments ( id,coupon_id,type,total,tax,paid,paid_type,gateway_price_correction,status,details,created )VALUES( 1135,null,'stripe',203.4,23.4,203.4,'in_full',0.00,'completed','{"items":[{"ca_id":1135,"appointment_date":"2019-08-17 14:00:00","service_name":"Ballroom","service_price":90,"service_tax":"11.70","wait_listed":false,"deposit_format":null,"number_of_persons":1,"units":"1","duration":"3600","staff_name":"Ballroom","extras":[]}],"coupon":null,"subtotal":{"price":180,"deposit":0},"customer":"Diana Borges","tax_in_price":"excluded","tax_paid":"23.40","extras_multiply_nop":1}','2019-06-11 10:59:32' );
INSERT INTO wp_bookly_customer_appointments ( id,series_id,package_id,customer_id,appointment_id,payment_id,number_of_persons,units,notes,extras,extras_multiply_nop,extras_consider_duration,custom_fields,status,status_changed_at,token,time_zone,time_zone_offset,rating,rating_comment,locale,collaborative_service_id,collaborative_token,compound_service_id,compound_token,created_from,created )VALUES( 1135,null,null,1134,1135,1135,1,1,'','[]',1,1,'[{"id":43107,"value":"Purple Tree Photography"},{"id":51989,"value":"Wedding"},{"id":27913,"value":""},{"id":72188,"value":["I agree to <a href="https:\/\/www.mintroom.ca\/Terms_and_Conditions.pdf?v=11122018" target="_blank">Terms and Conditions<\/a>"]},{"id":85555,"value":["I agree there will be no more than 10 guests in the room per booking"]},{"id":27913,"value":" "},{"id":87958,"value":[]},{"id":45932,"value":[]}]','approved',null,null,null,null,null,null,null,null,null,null,null,'frontend','2019-06-11 10:59:32' );
INSERT INTO wp_bookly_appointments ( id,location_id,staff_id,staff_any,service_id,custom_service_name,custom_service_price,start_date,end_date,extras_duration,internal_note,google_event_id,google_event_etag,outlook_event_id,outlook_event_change_key,outlook_event_series_id,created_from,created )VALUES( 1136,null,12,0,7,null,null,'2019-08-17 13:00:00','2019-08-17 14:00:00',0,null,null,null,null,null,null,'bookly','2019-06-11 10:59:32' );
INSERT INTO wp_bookly_payments ( id,coupon_id,type,total,tax,paid,paid_type,gateway_price_correction,status,details,created )VALUES( 1136,null,'stripe',124.3,14.3,124.3,'in_full',0.00,'completed','{"items":[{"ca_id":1136,"appointment_date":"2019-08-17 13:00:00","service_name":"Lounge","service_price":55,"service_tax":"7.15","wait_listed":false,"deposit_format":null,"number_of_persons":1,"units":"1","duration":"3600","staff_name":"Lounge","extras":[]}],"coupon":null,"subtotal":{"price":110,"deposit":0},"customer":"Diana Borges","tax_in_price":"excluded","tax_paid":"14.30","extras_multiply_nop":1}','2019-06-11 10:59:32' );
INSERT INTO wp_bookly_customer_appointments ( id,series_id,package_id,customer_id,appointment_id,payment_id,number_of_persons,units,notes,extras,extras_multiply_nop,extras_consider_duration,custom_fields,status,status_changed_at,token,time_zone,time_zone_offset,rating,rating_comment,locale,collaborative_service_id,collaborative_token,compound_service_id,compound_token,created_from,created )VALUES( 1136,null,null,1134,1136,1136,1,1,'','[]',1,1,'[{"id":43107,"value":"Purple Tree Photography"},{"id":51989,"value":"Wedding"},{"id":27913,"value":""},{"id":72188,"value":["I agree to <a href="https:\/\/www.mintroom.ca\/Terms_and_Conditions.pdf?v=11122018" target="_blank">Terms and Conditions<\/a>"]},{"id":85555,"value":["I agree there will be no more than 10 guests in the room per booking"]},{"id":27913,"value":" "},{"id":87958,"value":[]},{"id":45932,"value":[]}]','approved',null,null,null,null,null,null,null,null,null,null,null,'frontend','2019-06-11 10:59:32' );
INSERT INTO wp_bookly_appointments ( id,location_id,staff_id,staff_any,service_id,custom_service_name,custom_service_price,start_date,end_date,extras_duration,internal_note,google_event_id,google_event_etag,outlook_event_id,outlook_event_change_key,outlook_event_series_id,created_from,created )VALUES( 1137,null,12,0,7,null,null,'2019-08-17 14:00:00','2019-08-17 15:00:00',0,null,null,null,null,null,null,'bookly','2019-06-11 10:59:32' );
INSERT INTO wp_bookly_payments ( id,coupon_id,type,total,tax,paid,paid_type,gateway_price_correction,status,details,created )VALUES( 1137,null,'stripe',124.3,14.3,124.3,'in_full',0.00,'completed','{"items":[{"ca_id":1137,"appointment_date":"2019-08-17 14:00:00","service_name":"Lounge","service_price":55,"service_tax":"7.15","wait_listed":false,"deposit_format":null,"number_of_persons":1,"units":"1","duration":"3600","staff_name":"Lounge","extras":[]}],"coupon":null,"subtotal":{"price":110,"deposit":0},"customer":"Diana Borges","tax_in_price":"excluded","tax_paid":"14.30","extras_multiply_nop":1}','2019-06-11 10:59:32' );
INSERT INTO wp_bookly_customer_appointments ( id,series_id,package_id,customer_id,appointment_id,payment_id,number_of_persons,units,notes,extras,extras_multiply_nop,extras_consider_duration,custom_fields,status,status_changed_at,token,time_zone,time_zone_offset,rating,rating_comment,locale,collaborative_service_id,collaborative_token,compound_service_id,compound_token,created_from,created )VALUES( 1137,null,null,1134,1137,1137,1,1,'','[]',1,1,'[{"id":43107,"value":"Purple Tree Photography"},{"id":51989,"value":"Wedding"},{"id":27913,"value":""},{"id":72188,"value":["I agree to <a href="https:\/\/www.mintroom.ca\/Terms_and_Conditions.pdf?v=11122018" target="_blank">Terms and Conditions<\/a>"]},{"id":85555,"value":["I agree there will be no more than 10 guests in the room per booking"]},{"id":27913,"value":" "},{"id":87958,"value":[]},{"id":45932,"value":[]}]','approved',null,null,null,null,null,null,null,null,null,null,null,'frontend','2019-06-11 10:59:32' );
INSERT INTO wp_bookly_appointments ( id,location_id,staff_id,staff_any,service_id,custom_service_name,custom_service_price,start_date,end_date,extras_duration,internal_note,google_event_id,google_event_etag,outlook_event_id,outlook_event_change_key,outlook_event_series_id,created_from,created )VALUES( 1138,null,9,0,4,null,null,'2019-11-23 12:00:00','2019-11-23 13:00:00',0,null,null,null,null,null,null,'bookly','2019-06-11 10:59:32' );
INSERT INTO wp_bookly_customers ( id,wp_user_id,facebook_id,group_id,full_name,first_name,last_name,phone,email,birthday,country,state,postcode,city,street,street_number,additional_address,notes,info_fields,credit,created )VALUES( 1138,null,null,null,'amanda eden','amanda eden','','6478874944','eden.amanda.23@gmail.com*',null,'','','','','','','','',null,0,'2019-06-11 10:59:32' );
INSERT INTO wp_bookly_payments ( id,coupon_id,type,total,tax,paid,paid_type,gateway_price_correction,status,details,created )VALUES( 1138,null,'stripe',101.7,11.7,101.7,'in_full',0.00,'completed','{"items":[{"ca_id":1138,"appointment_date":"2019-11-23 12:00:00","service_name":"Ballroom","service_price":90,"service_tax":"11.70","wait_listed":false,"deposit_format":null,"number_of_persons":1,"units":"1","duration":"3600","staff_name":"Ballroom","extras":[]}],"coupon":null,"subtotal":{"price":90,"deposit":0},"customer":"amanda eden","tax_in_price":"excluded","tax_paid":"11.70","extras_multiply_nop":1}','2019-06-11 10:59:32' );
INSERT INTO wp_bookly_customer_appointments ( id,series_id,package_id,customer_id,appointment_id,payment_id,number_of_persons,units,notes,extras,extras_multiply_nop,extras_consider_duration,custom_fields,status,status_changed_at,token,time_zone,time_zone_offset,rating,rating_comment,locale,collaborative_service_id,collaborative_token,compound_service_id,compound_token,created_from,created )VALUES( 1138,null,null,1138,1138,1138,1,1,' We will be doing out first look and wedding party photos in this room. ','[]',1,1,'[{"id":43107,"value":"Tom Makacek"},{"id":51989,"value":"Wedding"},{"id":27913,"value":""},{"id":72188,"value":["I agree to <a href="https:\/\/www.mintroom.ca\/Terms_and_Conditions.pdf?v=11122018" target="_blank">Terms and Conditions<\/a>"]},{"id":85555,"value":["I agree there will be no more than 10 guests in the room per booking"]},{"id":27913,"value":" "},{"id":87958,"value":[]},{"id":45932,"value":[]}]','approved',null,null,null,null,null,null,null,null,null,null,null,'frontend','2019-06-11 10:59:32' );
INSERT INTO wp_bookly_appointments ( id,location_id,staff_id,staff_any,service_id,custom_service_name,custom_service_price,start_date,end_date,extras_duration,internal_note,google_event_id,google_event_etag,outlook_event_id,outlook_event_change_key,outlook_event_series_id,created_from,created )VALUES( 1139,null,11,0,6,null,null,'2019-11-23 13:00:00','2019-11-23 14:00:00',0,null,null,null,null,null,null,'bookly','2019-06-11 10:59:32' );
INSERT INTO wp_bookly_payments ( id,coupon_id,type,total,tax,paid,paid_type,gateway_price_correction,status,details,created )VALUES( 1139,null,'stripe',101.7,11.7,101.7,'in_full',0.00,'completed','{"items":[{"ca_id":1139,"appointment_date":"2019-11-23 13:00:00","service_name":"Library","service_price":90,"service_tax":"11.70","wait_listed":false,"deposit_format":null,"number_of_persons":1,"units":"1","duration":"3600","staff_name":"Library","extras":[]}],"coupon":null,"subtotal":{"price":90,"deposit":0},"customer":"amanda eden","tax_in_price":"excluded","tax_paid":"11.70","extras_multiply_nop":1}','2019-06-11 10:59:32' );
INSERT INTO wp_bookly_customer_appointments ( id,series_id,package_id,customer_id,appointment_id,payment_id,number_of_persons,units,notes,extras,extras_multiply_nop,extras_consider_duration,custom_fields,status,status_changed_at,token,time_zone,time_zone_offset,rating,rating_comment,locale,collaborative_service_id,collaborative_token,compound_service_id,compound_token,created_from,created )VALUES( 1139,null,null,1138,1139,1139,1,1,' Photos of Bride and Groom ','[]',1,1,'[{"id":43107,"value":"Tom Makacek"},{"id":51989,"value":"Wedding"},{"id":27913,"value":""},{"id":72188,"value":["I agree to <a href="https:\/\/www.mintroom.ca\/Terms_and_Conditions.pdf?v=11122018" target="_blank">Terms and Conditions<\/a>"]},{"id":85555,"value":["I agree there will be no more than 10 guests in the room per booking"]},{"id":27913,"value":" "},{"id":87958,"value":[]},{"id":45932,"value":[]}]','approved',null,null,null,null,null,null,null,null,null,null,null,'frontend','2019-06-11 10:59:32' );
INSERT INTO wp_bookly_appointments ( id,location_id,staff_id,staff_any,service_id,custom_service_name,custom_service_price,start_date,end_date,extras_duration,internal_note,google_event_id,google_event_etag,outlook_event_id,outlook_event_change_key,outlook_event_series_id,created_from,created )VALUES( 1140,null,9,0,4,null,null,'2019-10-26 12:00:00','2019-10-26 13:00:00',0,null,null,null,null,null,null,'bookly','2019-06-11 10:59:32' );
INSERT INTO wp_bookly_customers ( id,wp_user_id,facebook_id,group_id,full_name,first_name,last_name,phone,email,birthday,country,state,postcode,city,street,street_number,additional_address,notes,info_fields,credit,created )VALUES( 1140,null,null,null,'Alexa Pinto','Alexa Pinto','','4166486279','alexaraepinto@gmail.com*',null,'','','','','','','','',null,0,'2019-06-11 10:59:32' );
INSERT INTO wp_bookly_payments ( id,coupon_id,type,total,tax,paid,paid_type,gateway_price_correction,status,details,created )VALUES( 1140,null,'stripe',203.4,23.4,203.4,'in_full',0.00,'completed','{"items":[{"ca_id":1140,"appointment_date":"2019-10-26 12:00:00","service_name":"Ballroom","service_price":90,"service_tax":"11.70","wait_listed":false,"deposit_format":null,"number_of_persons":1,"units":"1","duration":"3600","staff_name":"Ballroom","extras":[]}],"coupon":null,"subtotal":{"price":180,"deposit":0},"customer":"Alexa Pinto","tax_in_price":"excluded","tax_paid":"23.40","extras_multiply_nop":1}','2019-06-11 10:59:32' );
INSERT INTO wp_bookly_customer_appointments ( id,series_id,package_id,customer_id,appointment_id,payment_id,number_of_persons,units,notes,extras,extras_multiply_nop,extras_consider_duration,custom_fields,status,status_changed_at,token,time_zone,time_zone_offset,rating,rating_comment,locale,collaborative_service_id,collaborative_token,compound_service_id,compound_token,created_from,created )VALUES( 1140,null,null,1140,1140,1140,1,1,'','[]',1,1,'[{"id":43107,"value":"Marissa Joan Ho"},{"id":51989,"value":"Wedding"},{"id":27913,"value":""},{"id":72188,"value":["I agree to <a href="https:\/\/www.mintroom.ca\/Terms_and_Conditions.pdf?v=11122018" target="_blank">Terms and Conditions<\/a>"]},{"id":85555,"value":["I agree there will be no more than 10 guests in the room per booking"]},{"id":27913,"value":" "},{"id":87958,"value":[]},{"id":45932,"value":[]}]','approved',null,null,null,null,null,null,null,null,null,null,null,'frontend','2019-06-11 10:59:32' );
INSERT INTO wp_bookly_appointments ( id,location_id,staff_id,staff_any,service_id,custom_service_name,custom_service_price,start_date,end_date,extras_duration,internal_note,google_event_id,google_event_etag,outlook_event_id,outlook_event_change_key,outlook_event_series_id,created_from,created )VALUES( 1141,null,9,0,4,null,null,'2019-10-26 13:00:00','2019-10-26 14:00:00',0,null,null,null,null,null,null,'bookly','2019-06-11 10:59:32' );
INSERT INTO wp_bookly_payments ( id,coupon_id,type,total,tax,paid,paid_type,gateway_price_correction,status,details,created )VALUES( 1141,null,'stripe',203.4,23.4,203.4,'in_full',0.00,'completed','{"items":[{"ca_id":1141,"appointment_date":"2019-10-26 13:00:00","service_name":"Ballroom","service_price":90,"service_tax":"11.70","wait_listed":false,"deposit_format":null,"number_of_persons":1,"units":"1","duration":"3600","staff_name":"Ballroom","extras":[]}],"coupon":null,"subtotal":{"price":180,"deposit":0},"customer":"Alexa Pinto","tax_in_price":"excluded","tax_paid":"23.40","extras_multiply_nop":1}','2019-06-11 10:59:32' );
INSERT INTO wp_bookly_customer_appointments ( id,series_id,package_id,customer_id,appointment_id,payment_id,number_of_persons,units,notes,extras,extras_multiply_nop,extras_consider_duration,custom_fields,status,status_changed_at,token,time_zone,time_zone_offset,rating,rating_comment,locale,collaborative_service_id,collaborative_token,compound_service_id,compound_token,created_from,created )VALUES( 1141,null,null,1140,1141,1141,1,1,'','[]',1,1,'[{"id":43107,"value":"Marissa Joan Ho"},{"id":51989,"value":"Wedding"},{"id":27913,"value":""},{"id":72188,"value":["I agree to <a href="https:\/\/www.mintroom.ca\/Terms_and_Conditions.pdf?v=11122018" target="_blank">Terms and Conditions<\/a>"]},{"id":85555,"value":["I agree there will be no more than 10 guests in the room per booking"]},{"id":27913,"value":" "},{"id":87958,"value":[]},{"id":45932,"value":[]}]','approved',null,null,null,null,null,null,null,null,null,null,null,'frontend','2019-06-11 10:59:32' );
INSERT INTO wp_bookly_appointments ( id,location_id,staff_id,staff_any,service_id,custom_service_name,custom_service_price,start_date,end_date,extras_duration,internal_note,google_event_id,google_event_etag,outlook_event_id,outlook_event_change_key,outlook_event_series_id,created_from,created )VALUES( 1142,null,12,0,7,null,null,'2019-10-26 14:00:00','2019-10-26 15:00:00',0,null,null,null,null,null,null,'bookly','2019-06-11 10:59:32' );
INSERT INTO wp_bookly_payments ( id,coupon_id,type,total,tax,paid,paid_type,gateway_price_correction,status,details,created )VALUES( 1142,null,'stripe',62.15,7.15,62.15,'in_full',0.00,'completed','{"items":[{"ca_id":1142,"appointment_date":"2019-10-26 14:00:00","service_name":"Lounge","service_price":55,"service_tax":"7.15","wait_listed":false,"deposit_format":null,"number_of_persons":1,"units":"1","duration":"3600","staff_name":"Lounge","extras":[]}],"coupon":null,"subtotal":{"price":55,"deposit":0},"customer":"Alexa Pinto","tax_in_price":"excluded","tax_paid":"7.15","extras_multiply_nop":1}','2019-06-11 10:59:32' );
INSERT INTO wp_bookly_customer_appointments ( id,series_id,package_id,customer_id,appointment_id,payment_id,number_of_persons,units,notes,extras,extras_multiply_nop,extras_consider_duration,custom_fields,status,status_changed_at,token,time_zone,time_zone_offset,rating,rating_comment,locale,collaborative_service_id,collaborative_token,compound_service_id,compound_token,created_from,created )VALUES( 1142,null,null,1140,1142,1142,1,1,'','[]',1,1,'[{"id":43107,"value":"Marissa Joan Ho"},{"id":51989,"value":"Wedding"},{"id":27913,"value":""},{"id":72188,"value":["I agree to <a href="https:\/\/www.mintroom.ca\/Terms_and_Conditions.pdf?v=11122018" target="_blank">Terms and Conditions<\/a>"]},{"id":85555,"value":["I agree there will be no more than 10 guests in the room per booking"]},{"id":27913,"value":" "},{"id":87958,"value":[]},{"id":45932,"value":[]}]','approved',null,null,null,null,null,null,null,null,null,null,null,'frontend','2019-06-11 10:59:32' );
INSERT INTO wp_bookly_appointments ( id,location_id,staff_id,staff_any,service_id,custom_service_name,custom_service_price,start_date,end_date,extras_duration,internal_note,google_event_id,google_event_etag,outlook_event_id,outlook_event_change_key,outlook_event_series_id,created_from,created )VALUES( 1143,null,12,0,7,null,null,'2019-08-03 10:00:00','2019-08-03 11:00:00',0,null,null,null,null,null,null,'bookly','2019-06-11 10:59:32' );
INSERT INTO wp_bookly_customers ( id,wp_user_id,facebook_id,group_id,full_name,first_name,last_name,phone,email,birthday,country,state,postcode,city,street,street_number,additional_address,notes,info_fields,credit,created )VALUES( 1143,null,null,null,'suja james','suja james','','4168199265','suja.vja@gmail.com*',null,'','','','','','','','',null,0,'2019-06-11 10:59:32' );
INSERT INTO wp_bookly_payments ( id,coupon_id,type,total,tax,paid,paid_type,gateway_price_correction,status,details,created )VALUES( 1143,null,'stripe',55.94,6.44,55.94,'in_full',0.00,'completed','{"items":[{"ca_id":1143,"appointment_date":"2019-08-03 10:00:00","service_name":"Lounge","service_price":55,"service_tax":"7.15","wait_listed":false,"deposit_format":null,"number_of_persons":1,"units":"1","duration":"3600","staff_name":"Lounge","extras":[]}],"coupon":null,"subtotal":{"price":55,"deposit":0},"customer":"suja james","tax_in_price":"excluded","tax_paid":"6.44","extras_multiply_nop":1}','2019-06-11 10:59:32' );
INSERT INTO wp_bookly_customer_appointments ( id,series_id,package_id,customer_id,appointment_id,payment_id,number_of_persons,units,notes,extras,extras_multiply_nop,extras_consider_duration,custom_fields,status,status_changed_at,token,time_zone,time_zone_offset,rating,rating_comment,locale,collaborative_service_id,collaborative_token,compound_service_id,compound_token,created_from,created )VALUES( 1143,null,null,1143,1143,1143,1,1,'','[]',1,1,'[{"id":43107,"value":"Necy"},{"id":51989,"value":"Fashion"},{"id":27913,"value":""},{"id":72188,"value":["I agree to <a href="https:\/\/www.mintroom.ca\/Terms_and_Conditions.pdf?v=11122018" target="_blank">Terms and Conditions<\/a>"]},{"id":85555,"value":["I agree there will be no more than 10 guests in the room per booking"]},{"id":27913,"value":" "},{"id":87958,"value":[]},{"id":45932,"value":[]}]','approved',null,null,null,null,null,null,null,null,null,null,null,'frontend','2019-06-11 10:59:32' );
INSERT INTO wp_bookly_appointments ( id,location_id,staff_id,staff_any,service_id,custom_service_name,custom_service_price,start_date,end_date,extras_duration,internal_note,google_event_id,google_event_etag,outlook_event_id,outlook_event_change_key,outlook_event_series_id,created_from,created )VALUES( 1144,null,9,0,4,null,null,'2019-11-10 12:00:00','2019-11-10 13:00:00',0,null,null,null,null,null,null,'bookly','2019-06-11 10:59:32' );
INSERT INTO wp_bookly_customers ( id,wp_user_id,facebook_id,group_id,full_name,first_name,last_name,phone,email,birthday,country,state,postcode,city,street,street_number,additional_address,notes,info_fields,credit,created )VALUES( 1144,null,null,null,'Tiana Gaudette','Tiana Gaudette','','6048167379','gaudette.tiana@gmail.com*',null,'','','','','','','','',null,0,'2019-06-11 10:59:32' );
INSERT INTO wp_bookly_payments ( id,coupon_id,type,total,tax,paid,paid_type,gateway_price_correction,status,details,created )VALUES( 1144,null,'stripe',183.06,21.06,183.06,'in_full',0.00,'completed','{"items":[{"ca_id":1144,"appointment_date":"2019-11-10 12:00:00","service_name":"Ballroom","service_price":90,"service_tax":"11.70","wait_listed":false,"deposit_format":null,"number_of_persons":1,"units":"1","duration":"3600","staff_name":"Ballroom","extras":[]}],"coupon":null,"subtotal":{"price":180,"deposit":0},"customer":"Tiana Gaudette","tax_in_price":"excluded","tax_paid":"21.06","extras_multiply_nop":1}','2019-06-11 10:59:32' );
INSERT INTO wp_bookly_customer_appointments ( id,series_id,package_id,customer_id,appointment_id,payment_id,number_of_persons,units,notes,extras,extras_multiply_nop,extras_consider_duration,custom_fields,status,status_changed_at,token,time_zone,time_zone_offset,rating,rating_comment,locale,collaborative_service_id,collaborative_token,compound_service_id,compound_token,created_from,created )VALUES( 1144,null,null,1144,1144,1144,1,1,'This is for a wedding party of 12. Will be booking the Conservatory for the same time. ','[]',1,1,'[{"id":43107,"value":"Chelsey Cunningham "},{"id":51989,"value":"Wedding"},{"id":27913,"value":""},{"id":72188,"value":["I agree to <a href="https:\/\/www.mintroom.ca\/Terms_and_Conditions.pdf?v=11122018" target="_blank">Terms and Conditions<\/a>"]},{"id":85555,"value":["I agree there will be no more than 10 guests in the room per booking"]},{"id":27913,"value":" "},{"id":87958,"value":[]},{"id":45932,"value":[]}]','approved',null,null,null,null,null,null,null,null,null,null,null,'frontend','2019-06-11 10:59:32' );
INSERT INTO wp_bookly_appointments ( id,location_id,staff_id,staff_any,service_id,custom_service_name,custom_service_price,start_date,end_date,extras_duration,internal_note,google_event_id,google_event_etag,outlook_event_id,outlook_event_change_key,outlook_event_series_id,created_from,created )VALUES( 1145,null,9,0,4,null,null,'2019-11-10 13:00:00','2019-11-10 14:00:00',0,null,null,null,null,null,null,'bookly','2019-06-11 10:59:32' );
INSERT INTO wp_bookly_payments ( id,coupon_id,type,total,tax,paid,paid_type,gateway_price_correction,status,details,created )VALUES( 1145,null,'stripe',183.06,21.06,183.06,'in_full',0.00,'completed','{"items":[{"ca_id":1145,"appointment_date":"2019-11-10 13:00:00","service_name":"Ballroom","service_price":90,"service_tax":"11.70","wait_listed":false,"deposit_format":null,"number_of_persons":1,"units":"1","duration":"3600","staff_name":"Ballroom","extras":[]}],"coupon":null,"subtotal":{"price":180,"deposit":0},"customer":"Tiana Gaudette","tax_in_price":"excluded","tax_paid":"21.06","extras_multiply_nop":1}','2019-06-11 10:59:32' );
INSERT INTO wp_bookly_customer_appointments ( id,series_id,package_id,customer_id,appointment_id,payment_id,number_of_persons,units,notes,extras,extras_multiply_nop,extras_consider_duration,custom_fields,status,status_changed_at,token,time_zone,time_zone_offset,rating,rating_comment,locale,collaborative_service_id,collaborative_token,compound_service_id,compound_token,created_from,created )VALUES( 1145,null,null,1144,1145,1145,1,1,'This is for a wedding party of 12. Will be booking the Conservatory for the same time. ','[]',1,1,'[{"id":43107,"value":"Chelsey Cunningham "},{"id":51989,"value":"Wedding"},{"id":27913,"value":""},{"id":72188,"value":["I agree to <a href="https:\/\/www.mintroom.ca\/Terms_and_Conditions.pdf?v=11122018" target="_blank">Terms and Conditions<\/a>"]},{"id":85555,"value":["I agree there will be no more than 10 guests in the room per booking"]},{"id":27913,"value":" "},{"id":87958,"value":[]},{"id":45932,"value":[]}]','approved',null,null,null,null,null,null,null,null,null,null,null,'frontend','2019-06-11 10:59:32' );
INSERT INTO wp_bookly_appointments ( id,location_id,staff_id,staff_any,service_id,custom_service_name,custom_service_price,start_date,end_date,extras_duration,internal_note,google_event_id,google_event_etag,outlook_event_id,outlook_event_change_key,outlook_event_series_id,created_from,created )VALUES( 1146,null,10,0,5,null,null,'2019-11-10 12:00:00','2019-11-10 13:00:00',0,null,null,null,null,null,null,'bookly','2019-06-11 10:59:32' );
INSERT INTO wp_bookly_payments ( id,coupon_id,type,total,tax,paid,paid_type,gateway_price_correction,status,details,created )VALUES( 1146,null,'stripe',183.06,21.06,183.06,'in_full',0.00,'completed','{"items":[{"ca_id":1146,"appointment_date":"2019-11-10 12:00:00","service_name":"Conservatory","service_price":90,"service_tax":"11.70","wait_listed":false,"deposit_format":null,"number_of_persons":1,"units":"1","duration":"3600","staff_name":"Conservatory","extras":[]}],"coupon":null,"subtotal":{"price":180,"deposit":0},"customer":"Tiana Gaudette","tax_in_price":"excluded","tax_paid":"21.06","extras_multiply_nop":1}','2019-06-11 10:59:32' );
INSERT INTO wp_bookly_customer_appointments ( id,series_id,package_id,customer_id,appointment_id,payment_id,number_of_persons,units,notes,extras,extras_multiply_nop,extras_consider_duration,custom_fields,status,status_changed_at,token,time_zone,time_zone_offset,rating,rating_comment,locale,collaborative_service_id,collaborative_token,compound_service_id,compound_token,created_from,created )VALUES( 1146,null,null,1144,1146,1146,1,1,'For a wedding party photoshoot including 12 people. Booked the Ballroom during the same time slot to be within capacity :)','[]',1,1,'[{"id":43107,"value":"Chelsey Cunningham "},{"id":51989,"value":"Wedding"},{"id":27913,"value":""},{"id":72188,"value":["I agree to <a href="https:\/\/www.mintroom.ca\/Terms_and_Conditions.pdf?v=11122018" target="_blank">Terms and Conditions<\/a>"]},{"id":85555,"value":["I agree there will be no more than 10 guests in the room per booking"]},{"id":27913,"value":" "},{"id":87958,"value":[]},{"id":45932,"value":[]}]','approved',null,null,null,null,null,null,null,null,null,null,null,'frontend','2019-06-11 10:59:32' );
INSERT INTO wp_bookly_appointments ( id,location_id,staff_id,staff_any,service_id,custom_service_name,custom_service_price,start_date,end_date,extras_duration,internal_note,google_event_id,google_event_etag,outlook_event_id,outlook_event_change_key,outlook_event_series_id,created_from,created )VALUES( 1147,null,10,0,5,null,null,'2019-11-10 13:00:00','2019-11-10 14:00:00',0,null,null,null,null,null,null,'bookly','2019-06-11 10:59:32' );
INSERT INTO wp_bookly_payments ( id,coupon_id,type,total,tax,paid,paid_type,gateway_price_correction,status,details,created )VALUES( 1147,null,'stripe',183.06,21.06,183.06,'in_full',0.00,'completed','{"items":[{"ca_id":1147,"appointment_date":"2019-11-10 13:00:00","service_name":"Conservatory","service_price":90,"service_tax":"11.70","wait_listed":false,"deposit_format":null,"number_of_persons":1,"units":"1","duration":"3600","staff_name":"Conservatory","extras":[]}],"coupon":null,"subtotal":{"price":180,"deposit":0},"customer":"Tiana Gaudette","tax_in_price":"excluded","tax_paid":"21.06","extras_multiply_nop":1}','2019-06-11 10:59:32' );
INSERT INTO wp_bookly_customer_appointments ( id,series_id,package_id,customer_id,appointment_id,payment_id,number_of_persons,units,notes,extras,extras_multiply_nop,extras_consider_duration,custom_fields,status,status_changed_at,token,time_zone,time_zone_offset,rating,rating_comment,locale,collaborative_service_id,collaborative_token,compound_service_id,compound_token,created_from,created )VALUES( 1147,null,null,1144,1147,1147,1,1,'For a wedding party photoshoot including 12 people. Booked the Ballroom during the same time slot to be within capacity :)','[]',1,1,'[{"id":43107,"value":"Chelsey Cunningham "},{"id":51989,"value":"Wedding"},{"id":27913,"value":""},{"id":72188,"value":["I agree to <a href="https:\/\/www.mintroom.ca\/Terms_and_Conditions.pdf?v=11122018" target="_blank">Terms and Conditions<\/a>"]},{"id":85555,"value":["I agree there will be no more than 10 guests in the room per booking"]},{"id":27913,"value":" "},{"id":87958,"value":[]},{"id":45932,"value":[]}]','approved',null,null,null,null,null,null,null,null,null,null,null,'frontend','2019-06-11 10:59:32' );
INSERT INTO wp_bookly_appointments ( id,location_id,staff_id,staff_any,service_id,custom_service_name,custom_service_price,start_date,end_date,extras_duration,internal_note,google_event_id,google_event_etag,outlook_event_id,outlook_event_change_key,outlook_event_series_id,created_from,created )VALUES( 1148,null,12,0,7,null,null,'2019-07-06 13:00:00','2019-07-06 14:00:00',0,null,null,null,null,null,null,'bookly','2019-06-11 10:59:32' );
INSERT INTO wp_bookly_customers ( id,wp_user_id,facebook_id,group_id,full_name,first_name,last_name,phone,email,birthday,country,state,postcode,city,street,street_number,additional_address,notes,info_fields,credit,created )VALUES( 1148,null,null,null,'Karina Lamorena','Karina Lamorena','','4162771346','karina.lamorena@gmail.com*',null,'','','','','','','','',null,0,'2019-06-11 10:59:32' );
INSERT INTO wp_bookly_payments ( id,coupon_id,type,total,tax,paid,paid_type,gateway_price_correction,status,details,created )VALUES( 1148,null,'stripe',62.15,7.15,62.15,'in_full',0.00,'completed','{"items":[{"ca_id":1148,"appointment_date":"2019-07-06 13:00:00","service_name":"Lounge","service_price":55,"service_tax":"7.15","wait_listed":false,"deposit_format":null,"number_of_persons":1,"units":"1","duration":"3600","staff_name":"Lounge","extras":[]}],"coupon":null,"subtotal":{"price":55,"deposit":0},"customer":"Karina Lamorena","tax_in_price":"excluded","tax_paid":"7.15","extras_multiply_nop":1}','2019-06-11 10:59:32' );
INSERT INTO wp_bookly_customer_appointments ( id,series_id,package_id,customer_id,appointment_id,payment_id,number_of_persons,units,notes,extras,extras_multiply_nop,extras_consider_duration,custom_fields,status,status_changed_at,token,time_zone,time_zone_offset,rating,rating_comment,locale,collaborative_service_id,collaborative_token,compound_service_id,compound_token,created_from,created )VALUES( 1148,null,null,1148,1148,1148,1,1,'','[]',1,1,'[{"id":43107,"value":"Viktor Kis"},{"id":51989,"value":"Wedding"},{"id":27913,"value":""},{"id":72188,"value":["I agree to <a href="https:\/\/www.mintroom.ca\/Terms_and_Conditions.pdf?v=11122018" target="_blank">Terms and Conditions<\/a>"]},{"id":85555,"value":["I agree there will be no more than 10 guests in the room per booking"]},{"id":27913,"value":" "},{"id":87958,"value":[]},{"id":45932,"value":[]}]','approved',null,null,null,null,null,null,null,null,null,null,null,'frontend','2019-06-11 10:59:32' );
INSERT INTO wp_bookly_appointments ( id,location_id,staff_id,staff_any,service_id,custom_service_name,custom_service_price,start_date,end_date,extras_duration,internal_note,google_event_id,google_event_etag,outlook_event_id,outlook_event_change_key,outlook_event_series_id,created_from,created )VALUES( 1149,null,11,0,6,null,null,'2019-07-06 14:00:00','2019-07-06 15:00:00',0,null,null,null,null,null,null,'bookly','2019-06-11 10:59:32' );
INSERT INTO wp_bookly_payments ( id,coupon_id,type,total,tax,paid,paid_type,gateway_price_correction,status,details,created )VALUES( 1149,null,'stripe',101.7,11.7,101.7,'in_full',0.00,'completed','{"items":[{"ca_id":1149,"appointment_date":"2019-07-06 14:00:00","service_name":"Library","service_price":90,"service_tax":"11.70","wait_listed":false,"deposit_format":null,"number_of_persons":1,"units":"1","duration":"3600","staff_name":"Library","extras":[]}],"coupon":null,"subtotal":{"price":90,"deposit":0},"customer":"Karina Lamorena","tax_in_price":"excluded","tax_paid":"11.70","extras_multiply_nop":1}','2019-06-11 10:59:32' );
INSERT INTO wp_bookly_customer_appointments ( id,series_id,package_id,customer_id,appointment_id,payment_id,number_of_persons,units,notes,extras,extras_multiply_nop,extras_consider_duration,custom_fields,status,status_changed_at,token,time_zone,time_zone_offset,rating,rating_comment,locale,collaborative_service_id,collaborative_token,compound_service_id,compound_token,created_from,created )VALUES( 1149,null,null,1148,1149,1149,1,1,'','[]',1,1,'[{"id":43107,"value":"Viktor Kis"},{"id":51989,"value":"Wedding"},{"id":27913,"value":""},{"id":72188,"value":["I agree to <a href="https:\/\/www.mintroom.ca\/Terms_and_Conditions.pdf?v=11122018" target="_blank">Terms and Conditions<\/a>"]},{"id":85555,"value":["I agree there will be no more than 10 guests in the room per booking"]},{"id":27913,"value":" "},{"id":87958,"value":[]},{"id":45932,"value":[]}]','approved',null,null,null,null,null,null,null,null,null,null,null,'frontend','2019-06-11 10:59:32' );
INSERT INTO wp_bookly_appointments ( id,location_id,staff_id,staff_any,service_id,custom_service_name,custom_service_price,start_date,end_date,extras_duration,internal_note,google_event_id,google_event_etag,outlook_event_id,outlook_event_change_key,outlook_event_series_id,created_from,created )VALUES( 1150,null,9,0,4,null,null,'2019-07-06 15:00:00','2019-07-06 16:00:00',0,null,null,null,null,null,null,'bookly','2019-06-11 10:59:32' );
INSERT INTO wp_bookly_payments ( id,coupon_id,type,total,tax,paid,paid_type,gateway_price_correction,status,details,created )VALUES( 1150,null,'stripe',101.7,11.7,101.7,'in_full',0.00,'completed','{"items":[{"ca_id":1150,"appointment_date":"2019-07-06 15:00:00","service_name":"Ballroom","service_price":90,"service_tax":"11.70","wait_listed":false,"deposit_format":null,"number_of_persons":1,"units":"1","duration":"3600","staff_name":"Ballroom","extras":[]}],"coupon":null,"subtotal":{"price":90,"deposit":0},"customer":"Karina Lamorena","tax_in_price":"excluded","tax_paid":"11.70","extras_multiply_nop":1}','2019-06-11 10:59:32' );
INSERT INTO wp_bookly_customer_appointments ( id,series_id,package_id,customer_id,appointment_id,payment_id,number_of_persons,units,notes,extras,extras_multiply_nop,extras_consider_duration,custom_fields,status,status_changed_at,token,time_zone,time_zone_offset,rating,rating_comment,locale,collaborative_service_id,collaborative_token,compound_service_id,compound_token,created_from,created )VALUES( 1150,null,null,1148,1150,1150,1,1,'','[]',1,1,'[{"id":43107,"value":"Viktor Kis"},{"id":51989,"value":"Wedding"},{"id":27913,"value":""},{"id":72188,"value":["I agree to <a href="https:\/\/www.mintroom.ca\/Terms_and_Conditions.pdf?v=11122018" target="_blank">Terms and Conditions<\/a>"]},{"id":85555,"value":["I agree there will be no more than 10 guests in the room per booking"]},{"id":27913,"value":" "},{"id":87958,"value":[]},{"id":45932,"value":[]}]','approved',null,null,null,null,null,null,null,null,null,null,null,'frontend','2019-06-11 10:59:32' );
INSERT INTO wp_bookly_appointments ( id,location_id,staff_id,staff_any,service_id,custom_service_name,custom_service_price,start_date,end_date,extras_duration,internal_note,google_event_id,google_event_etag,outlook_event_id,outlook_event_change_key,outlook_event_series_id,created_from,created )VALUES( 1151,null,9,0,4,null,null,'2019-10-05 14:00:00','2019-10-05 15:00:00',0,null,null,null,null,null,null,'bookly','2019-06-11 10:59:32' );
INSERT INTO wp_bookly_customers ( id,wp_user_id,facebook_id,group_id,full_name,first_name,last_name,phone,email,birthday,country,state,postcode,city,street,street_number,additional_address,notes,info_fields,credit,created )VALUES( 1151,null,null,null,'Taylor and Rob','Taylor and Rob','','4164179840','Evgueni@purpletree.ca*',null,'','','','','','','','',null,0,'2019-06-11 10:59:32' );
INSERT INTO wp_bookly_payments ( id,coupon_id,type,total,tax,paid,paid_type,gateway_price_correction,status,details,created )VALUES( 1151,null,'stripe',0,0,0,'in_full',0.00,'completed','{"items":[{"ca_id":1151,"appointment_date":"2019-10-05 14:00:00","service_name":"Ballroom","service_price":90,"service_tax":"11.70","wait_listed":false,"deposit_format":null,"number_of_persons":1,"units":"1","duration":"3600","staff_name":"Ballroom","extras":[]}],"coupon":null,"subtotal":{"price":180,"deposit":0},"customer":"Taylor and Rob","tax_in_price":"excluded","tax_paid":"0.00","extras_multiply_nop":1}','2019-06-11 10:59:32' );
INSERT INTO wp_bookly_customer_appointments ( id,series_id,package_id,customer_id,appointment_id,payment_id,number_of_persons,units,notes,extras,extras_multiply_nop,extras_consider_duration,custom_fields,status,status_changed_at,token,time_zone,time_zone_offset,rating,rating_comment,locale,collaborative_service_id,collaborative_token,compound_service_id,compound_token,created_from,created )VALUES( 1151,null,null,1151,1151,1151,1,1,'','[]',1,1,'[{"id":43107,"value":"Evgueni L"},{"id":51989,"value":"Wedding"},{"id":27913,"value":""},{"id":72188,"value":["I agree to <a href="https:\/\/www.mintroom.ca\/Terms_and_Conditions.pdf?v=11122018" target="_blank">Terms and Conditions<\/a>"]},{"id":85555,"value":["I agree there will be no more than 10 guests in the room per booking"]},{"id":27913,"value":" "},{"id":87958,"value":[]},{"id":45932,"value":[]}]','approved',null,null,null,null,null,null,null,null,null,null,null,'frontend','2019-06-11 10:59:32' );
INSERT INTO wp_bookly_appointments ( id,location_id,staff_id,staff_any,service_id,custom_service_name,custom_service_price,start_date,end_date,extras_duration,internal_note,google_event_id,google_event_etag,outlook_event_id,outlook_event_change_key,outlook_event_series_id,created_from,created )VALUES( 1152,null,9,0,4,null,null,'2019-10-05 15:00:00','2019-10-05 16:00:00',0,null,null,null,null,null,null,'bookly','2019-06-11 10:59:32' );
INSERT INTO wp_bookly_payments ( id,coupon_id,type,total,tax,paid,paid_type,gateway_price_correction,status,details,created )VALUES( 1152,null,'stripe',0,0,0,'in_full',0.00,'completed','{"items":[{"ca_id":1152,"appointment_date":"2019-10-05 15:00:00","service_name":"Ballroom","service_price":90,"service_tax":"11.70","wait_listed":false,"deposit_format":null,"number_of_persons":1,"units":"1","duration":"3600","staff_name":"Ballroom","extras":[]}],"coupon":null,"subtotal":{"price":180,"deposit":0},"customer":"Taylor and Rob","tax_in_price":"excluded","tax_paid":"0.00","extras_multiply_nop":1}','2019-06-11 10:59:32' );
INSERT INTO wp_bookly_customer_appointments ( id,series_id,package_id,customer_id,appointment_id,payment_id,number_of_persons,units,notes,extras,extras_multiply_nop,extras_consider_duration,custom_fields,status,status_changed_at,token,time_zone,time_zone_offset,rating,rating_comment,locale,collaborative_service_id,collaborative_token,compound_service_id,compound_token,created_from,created )VALUES( 1152,null,null,1151,1152,1152,1,1,'','[]',1,1,'[{"id":43107,"value":"Evgueni L"},{"id":51989,"value":"Wedding"},{"id":27913,"value":""},{"id":72188,"value":["I agree to <a href="https:\/\/www.mintroom.ca\/Terms_and_Conditions.pdf?v=11122018" target="_blank">Terms and Conditions<\/a>"]},{"id":85555,"value":["I agree there will be no more than 10 guests in the room per booking"]},{"id":27913,"value":" "},{"id":87958,"value":[]},{"id":45932,"value":[]}]','approved',null,null,null,null,null,null,null,null,null,null,null,'frontend','2019-06-11 10:59:32' );
INSERT INTO wp_bookly_appointments ( id,location_id,staff_id,staff_any,service_id,custom_service_name,custom_service_price,start_date,end_date,extras_duration,internal_note,google_event_id,google_event_etag,outlook_event_id,outlook_event_change_key,outlook_event_series_id,created_from,created )VALUES( 1153,null,9,0,4,null,null,'2019-10-05 13:00:00','2019-10-05 14:00:00',0,null,null,null,null,null,null,'bookly','2019-06-11 10:59:32' );
INSERT INTO wp_bookly_customers ( id,wp_user_id,facebook_id,group_id,full_name,first_name,last_name,phone,email,birthday,country,state,postcode,city,street,street_number,additional_address,notes,info_fields,credit,created )VALUES( 1153,null,null,null,'Shari Danan','Shari Danan','','4166710689','Sharidanan@gmail.com*',null,'','','','','','','','',null,0,'2019-06-11 10:59:32' );
INSERT INTO wp_bookly_payments ( id,coupon_id,type,total,tax,paid,paid_type,gateway_price_correction,status,details,created )VALUES( 1153,null,'stripe',101.7,11.7,101.7,'in_full',0.00,'completed','{"items":[{"ca_id":1153,"appointment_date":"2019-10-05 13:00:00","service_name":"Ballroom","service_price":90,"service_tax":"11.70","wait_listed":false,"deposit_format":null,"number_of_persons":1,"units":"1","duration":"3600","staff_name":"Ballroom","extras":[]}],"coupon":null,"subtotal":{"price":90,"deposit":0},"customer":"Shari Danan","tax_in_price":"excluded","tax_paid":"11.70","extras_multiply_nop":1}','2019-06-11 10:59:32' );
INSERT INTO wp_bookly_customer_appointments ( id,series_id,package_id,customer_id,appointment_id,payment_id,number_of_persons,units,notes,extras,extras_multiply_nop,extras_consider_duration,custom_fields,status,status_changed_at,token,time_zone,time_zone_offset,rating,rating_comment,locale,collaborative_service_id,collaborative_token,compound_service_id,compound_token,created_from,created )VALUES( 1153,null,null,1153,1153,1153,1,1,'','[]',1,1,'[{"id":43107,"value":"Shari Danan"},{"id":51989,"value":"Wedding"},{"id":27913,"value":""},{"id":72188,"value":["I agree to <a href="https:\/\/www.mintroom.ca\/Terms_and_Conditions.pdf?v=11122018" target="_blank">Terms and Conditions<\/a>"]},{"id":85555,"value":["I agree there will be no more than 10 guests in the room per booking"]},{"id":27913,"value":" "},{"id":87958,"value":[]},{"id":45932,"value":[]}]','approved',null,null,null,null,null,null,null,null,null,null,null,'frontend','2019-06-11 10:59:32' );
INSERT INTO wp_bookly_appointments ( id,location_id,staff_id,staff_any,service_id,custom_service_name,custom_service_price,start_date,end_date,extras_duration,internal_note,google_event_id,google_event_etag,outlook_event_id,outlook_event_change_key,outlook_event_series_id,created_from,created )VALUES( 1154,null,11,0,6,null,null,'2019-10-19 14:00:00','2019-10-19 15:00:00',0,null,null,null,null,null,null,'bookly','2019-06-11 10:59:32' );
INSERT INTO wp_bookly_customers ( id,wp_user_id,facebook_id,group_id,full_name,first_name,last_name,phone,email,birthday,country,state,postcode,city,street,street_number,additional_address,notes,info_fields,credit,created )VALUES( 1154,null,null,null,'Sara Martins','Sara Martins','','6472443274','sara_martins@live.ca*',null,'','','','','','','','',null,0,'2019-06-11 10:59:32' );
INSERT INTO wp_bookly_payments ( id,coupon_id,type,total,tax,paid,paid_type,gateway_price_correction,status,details,created )VALUES( 1154,null,'stripe',101.7,11.7,101.7,'in_full',0.00,'completed','{"items":[{"ca_id":1154,"appointment_date":"2019-10-19 14:00:00","service_name":"Library","service_price":90,"service_tax":"11.70","wait_listed":false,"deposit_format":null,"number_of_persons":1,"units":"1","duration":"3600","staff_name":"Library","extras":[]}],"coupon":null,"subtotal":{"price":90,"deposit":0},"customer":"Sara Martins","tax_in_price":"excluded","tax_paid":"11.70","extras_multiply_nop":1}','2019-06-11 10:59:32' );
INSERT INTO wp_bookly_customer_appointments ( id,series_id,package_id,customer_id,appointment_id,payment_id,number_of_persons,units,notes,extras,extras_multiply_nop,extras_consider_duration,custom_fields,status,status_changed_at,token,time_zone,time_zone_offset,rating,rating_comment,locale,collaborative_service_id,collaborative_token,compound_service_id,compound_token,created_from,created )VALUES( 1154,null,null,1154,1154,1154,1,1,'','[]',1,1,'[{"id":43107,"value":"Andrew Hiorth"},{"id":51989,"value":"Wedding"},{"id":27913,"value":""},{"id":72188,"value":["I agree to <a href="https:\/\/www.mintroom.ca\/Terms_and_Conditions.pdf?v=11122018" target="_blank">Terms and Conditions<\/a>"]},{"id":85555,"value":["I agree there will be no more than 10 guests in the room per booking"]},{"id":27913,"value":" "},{"id":87958,"value":[]},{"id":45932,"value":[]}]','approved',null,null,null,null,null,null,null,null,null,null,null,'frontend','2019-06-11 10:59:32' );
INSERT INTO wp_bookly_appointments ( id,location_id,staff_id,staff_any,service_id,custom_service_name,custom_service_price,start_date,end_date,extras_duration,internal_note,google_event_id,google_event_etag,outlook_event_id,outlook_event_change_key,outlook_event_series_id,created_from,created )VALUES( 1155,null,12,0,7,null,null,'2019-10-19 14:00:00','2019-10-19 15:00:00',0,null,null,null,null,null,null,'bookly','2019-06-11 10:59:32' );
INSERT INTO wp_bookly_payments ( id,coupon_id,type,total,tax,paid,paid_type,gateway_price_correction,status,details,created )VALUES( 1155,null,'stripe',62.15,7.15,62.15,'in_full',0.00,'completed','{"items":[{"ca_id":1155,"appointment_date":"2019-10-19 14:00:00","service_name":"Lounge","service_price":55,"service_tax":"7.15","wait_listed":false,"deposit_format":null,"number_of_persons":1,"units":"1","duration":"3600","staff_name":"Lounge","extras":[]}],"coupon":null,"subtotal":{"price":55,"deposit":0},"customer":"Sara Martins","tax_in_price":"excluded","tax_paid":"7.15","extras_multiply_nop":1}','2019-06-11 10:59:32' );
INSERT INTO wp_bookly_customer_appointments ( id,series_id,package_id,customer_id,appointment_id,payment_id,number_of_persons,units,notes,extras,extras_multiply_nop,extras_consider_duration,custom_fields,status,status_changed_at,token,time_zone,time_zone_offset,rating,rating_comment,locale,collaborative_service_id,collaborative_token,compound_service_id,compound_token,created_from,created )VALUES( 1155,null,null,1154,1155,1155,1,1,'','[]',1,1,'[{"id":43107,"value":"Andrew Hiorth"},{"id":51989,"value":"Wedding"},{"id":27913,"value":""},{"id":72188,"value":["I agree to <a href="https:\/\/www.mintroom.ca\/Terms_and_Conditions.pdf?v=11122018" target="_blank">Terms and Conditions<\/a>"]},{"id":85555,"value":["I agree there will be no more than 10 guests in the room per booking"]},{"id":27913,"value":" "},{"id":87958,"value":[]},{"id":45932,"value":[]}]','approved',null,null,null,null,null,null,null,null,null,null,null,'frontend','2019-06-11 10:59:32' );
INSERT INTO wp_bookly_appointments ( id,location_id,staff_id,staff_any,service_id,custom_service_name,custom_service_price,start_date,end_date,extras_duration,internal_note,google_event_id,google_event_etag,outlook_event_id,outlook_event_change_key,outlook_event_series_id,created_from,created )VALUES( 1156,null,9,0,4,null,null,'2019-08-24 15:00:00','2019-08-24 16:00:00',0,null,null,null,null,null,null,'bookly','2019-06-11 10:59:32' );
INSERT INTO wp_bookly_customers ( id,wp_user_id,facebook_id,group_id,full_name,first_name,last_name,phone,email,birthday,country,state,postcode,city,street,street_number,additional_address,notes,info_fields,credit,created )VALUES( 1156,null,null,null,'Catarina Vaz','Catarina Vaz','','647-219-6246','cvaz@ferrariinsurance.ca*',null,'','','','','','','','',null,0,'2019-06-11 10:59:32' );
INSERT INTO wp_bookly_payments ( id,coupon_id,type,total,tax,paid,paid_type,gateway_price_correction,status,details,created )VALUES( 1156,null,'stripe',101.7,11.7,101.7,'in_full',0.00,'completed','{"items":[{"ca_id":1156,"appointment_date":"2019-08-24 15:00:00","service_name":"Ballroom","service_price":90,"service_tax":"11.70","wait_listed":false,"deposit_format":null,"number_of_persons":1,"units":"1","duration":"3600","staff_name":"Ballroom","extras":[]}],"coupon":null,"subtotal":{"price":90,"deposit":0},"customer":"Catarina Vaz","tax_in_price":"excluded","tax_paid":"11.70","extras_multiply_nop":1}','2019-06-11 10:59:32' );
INSERT INTO wp_bookly_customer_appointments ( id,series_id,package_id,customer_id,appointment_id,payment_id,number_of_persons,units,notes,extras,extras_multiply_nop,extras_consider_duration,custom_fields,status,status_changed_at,token,time_zone,time_zone_offset,rating,rating_comment,locale,collaborative_service_id,collaborative_token,compound_service_id,compound_token,created_from,created )VALUES( 1156,null,null,1156,1156,1156,1,1,'Spoke to Drew - said ok for slightly over 10 person group. Will take a group shot then most of party will wait outside studio.','[]',1,1,'[{"id":43107,"value":"Allie Jennings"},{"id":51989,"value":"Wedding"},{"id":27913,"value":""},{"id":72188,"value":["I agree to <a href="https:\/\/www.mintroom.ca\/Terms_and_Conditions.pdf?v=11122018" target="_blank">Terms and Conditions<\/a>"]},{"id":85555,"value":["I agree there will be no more than 10 guests in the room per booking"]},{"id":27913,"value":" "},{"id":87958,"value":[]},{"id":45932,"value":[]}]','approved',null,null,null,null,null,null,null,null,null,null,null,'frontend','2019-06-11 10:59:32' );
INSERT INTO wp_bookly_appointments ( id,location_id,staff_id,staff_any,service_id,custom_service_name,custom_service_price,start_date,end_date,extras_duration,internal_note,google_event_id,google_event_etag,outlook_event_id,outlook_event_change_key,outlook_event_series_id,created_from,created )VALUES( 1157,null,10,0,5,null,null,'2019-10-13 15:00:00','2019-10-13 16:00:00',0,null,null,null,null,null,null,'bookly','2019-06-11 10:59:32' );
INSERT INTO wp_bookly_customers ( id,wp_user_id,facebook_id,group_id,full_name,first_name,last_name,phone,email,birthday,country,state,postcode,city,street,street_number,additional_address,notes,info_fields,credit,created )VALUES( 1157,null,null,null,'Sophia Karabinis','Sophia Karabinis','','416-418-8248','sophiachriskara@gmail.com*',null,'','','','','','','','',null,0,'2019-06-11 10:59:32' );
INSERT INTO wp_bookly_payments ( id,coupon_id,type,total,tax,paid,paid_type,gateway_price_correction,status,details,created )VALUES( 1157,57,'stripe',142.38,16.38,142.38,'in_full',0.00,'completed','{"items":[{"ca_id":1157,"appointment_date":"2019-10-13 15:00:00","service_name":"Conservatory","service_price":90,"service_tax":"11.70","wait_listed":false,"deposit_format":null,"number_of_persons":1,"units":"1","duration":"3600","staff_name":"Conservatory","extras":[]}],"coupon":{"code":"sophiachriskara@gmail.com1","discount":30,"deduction":"0.00"},"subtotal":{"price":180,"deposit":0},"customer":"Sophia Karabinis","tax_in_price":"excluded","tax_paid":"16.38","extras_multiply_nop":1}','2019-06-11 10:59:32' );
INSERT INTO wp_bookly_customer_appointments ( id,series_id,package_id,customer_id,appointment_id,payment_id,number_of_persons,units,notes,extras,extras_multiply_nop,extras_consider_duration,custom_fields,status,status_changed_at,token,time_zone,time_zone_offset,rating,rating_comment,locale,collaborative_service_id,collaborative_token,compound_service_id,compound_token,created_from,created )VALUES( 1157,null,null,1157,1157,1157,1,1,'','[]',1,1,'[{"id":43107,"value":"Nadia B - Purple Tree"},{"id":51989,"value":"Wedding"},{"id":27913,"value":""},{"id":72188,"value":["I agree to <a href="https:\/\/www.mintroom.ca\/Terms_and_Conditions.pdf?v=11122018" target="_blank">Terms and Conditions<\/a>"]},{"id":85555,"value":["I agree there will be no more than 10 guests in the room per booking"]},{"id":27913,"value":" "},{"id":87958,"value":[]},{"id":45932,"value":[]}]','approved',null,null,null,null,null,null,null,null,null,null,null,'frontend','2019-06-11 10:59:32' );
INSERT INTO wp_bookly_appointments ( id,location_id,staff_id,staff_any,service_id,custom_service_name,custom_service_price,start_date,end_date,extras_duration,internal_note,google_event_id,google_event_etag,outlook_event_id,outlook_event_change_key,outlook_event_series_id,created_from,created )VALUES( 1158,null,10,0,5,null,null,'2019-10-13 16:00:00','2019-10-13 17:00:00',0,null,null,null,null,null,null,'bookly','2019-06-11 10:59:32' );
INSERT INTO wp_bookly_payments ( id,coupon_id,type,total,tax,paid,paid_type,gateway_price_correction,status,details,created )VALUES( 1158,57,'stripe',142.38,16.38,142.38,'in_full',0.00,'completed','{"items":[{"ca_id":1158,"appointment_date":"2019-10-13 16:00:00","service_name":"Conservatory","service_price":90,"service_tax":"11.70","wait_listed":false,"deposit_format":null,"number_of_persons":1,"units":"1","duration":"3600","staff_name":"Conservatory","extras":[]}],"coupon":{"code":"sophiachriskara@gmail.com1","discount":30,"deduction":"0.00"},"subtotal":{"price":180,"deposit":0},"customer":"Sophia Karabinis","tax_in_price":"excluded","tax_paid":"16.38","extras_multiply_nop":1}','2019-06-11 10:59:32' );
INSERT INTO wp_bookly_customer_appointments ( id,series_id,package_id,customer_id,appointment_id,payment_id,number_of_persons,units,notes,extras,extras_multiply_nop,extras_consider_duration,custom_fields,status,status_changed_at,token,time_zone,time_zone_offset,rating,rating_comment,locale,collaborative_service_id,collaborative_token,compound_service_id,compound_token,created_from,created )VALUES( 1158,null,null,1157,1158,1158,1,1,'','[]',1,1,'[{"id":43107,"value":"Nadia B - Purple Tree"},{"id":51989,"value":"Wedding"},{"id":27913,"value":""},{"id":72188,"value":["I agree to <a href="https:\/\/www.mintroom.ca\/Terms_and_Conditions.pdf?v=11122018" target="_blank">Terms and Conditions<\/a>"]},{"id":85555,"value":["I agree there will be no more than 10 guests in the room per booking"]},{"id":27913,"value":" "},{"id":87958,"value":[]},{"id":45932,"value":[]}]','approved',null,null,null,null,null,null,null,null,null,null,null,'frontend','2019-06-11 10:59:32' );
INSERT INTO wp_bookly_appointments ( id,location_id,staff_id,staff_any,service_id,custom_service_name,custom_service_price,start_date,end_date,extras_duration,internal_note,google_event_id,google_event_etag,outlook_event_id,outlook_event_change_key,outlook_event_series_id,created_from,created )VALUES( 1159,null,9,0,4,null,null,'2019-10-13 15:00:00','2019-10-13 16:00:00',0,null,null,null,null,null,null,'bookly','2019-06-11 10:59:32' );
INSERT INTO wp_bookly_payments ( id,coupon_id,type,total,tax,paid,paid_type,gateway_price_correction,status,details,created )VALUES( 1159,57,'stripe',71.19,8.19,71.19,'in_full',0.00,'completed','{"items":[{"ca_id":1159,"appointment_date":"2019-10-13 15:00:00","service_name":"Ballroom","service_price":90,"service_tax":"11.70","wait_listed":false,"deposit_format":null,"number_of_persons":1,"units":"1","duration":"3600","staff_name":"Ballroom","extras":[]}],"coupon":{"code":"sophiachriskara@gmail.com1","discount":30,"deduction":"0.00"},"subtotal":{"price":90,"deposit":0},"customer":"Sophia Karabinis","tax_in_price":"excluded","tax_paid":"8.19","extras_multiply_nop":1}','2019-06-11 10:59:32' );
INSERT INTO wp_bookly_customer_appointments ( id,series_id,package_id,customer_id,appointment_id,payment_id,number_of_persons,units,notes,extras,extras_multiply_nop,extras_consider_duration,custom_fields,status,status_changed_at,token,time_zone,time_zone_offset,rating,rating_comment,locale,collaborative_service_id,collaborative_token,compound_service_id,compound_token,created_from,created )VALUES( 1159,null,null,1157,1159,1159,1,1,'','[]',1,1,'[{"id":43107,"value":"Nadia B - Purple Tree"},{"id":51989,"value":"Wedding"},{"id":27913,"value":""},{"id":72188,"value":["I agree to <a href="https:\/\/www.mintroom.ca\/Terms_and_Conditions.pdf?v=11122018" target="_blank">Terms and Conditions<\/a>"]},{"id":85555,"value":["I agree there will be no more than 10 guests in the room per booking"]},{"id":27913,"value":" "},{"id":87958,"value":[]},{"id":45932,"value":[]}]','approved',null,null,null,null,null,null,null,null,null,null,null,'frontend','2019-06-11 10:59:32' );
INSERT INTO wp_bookly_appointments ( id,location_id,staff_id,staff_any,service_id,custom_service_name,custom_service_price,start_date,end_date,extras_duration,internal_note,google_event_id,google_event_etag,outlook_event_id,outlook_event_change_key,outlook_event_series_id,created_from,created )VALUES( 1160,null,11,0,6,null,null,'2019-10-13 16:00:00','2019-10-13 17:00:00',0,null,null,null,null,null,null,'bookly','2019-06-11 10:59:32' );
INSERT INTO wp_bookly_payments ( id,coupon_id,type,total,tax,paid,paid_type,gateway_price_correction,status,details,created )VALUES( 1160,57,'stripe',71.19,8.19,71.19,'in_full',0.00,'completed','{"items":[{"ca_id":1160,"appointment_date":"2019-10-13 16:00:00","service_name":"Library","service_price":90,"service_tax":"11.70","wait_listed":false,"deposit_format":null,"number_of_persons":1,"units":"1","duration":"3600","staff_name":"Library","extras":[]}],"coupon":{"code":"sophiachriskara@gmail.com1","discount":30,"deduction":"0.00"},"subtotal":{"price":90,"deposit":0},"customer":"Sophia Karabinis","tax_in_price":"excluded","tax_paid":"8.19","extras_multiply_nop":1}','2019-06-11 10:59:32' );
INSERT INTO wp_bookly_customer_appointments ( id,series_id,package_id,customer_id,appointment_id,payment_id,number_of_persons,units,notes,extras,extras_multiply_nop,extras_consider_duration,custom_fields,status,status_changed_at,token,time_zone,time_zone_offset,rating,rating_comment,locale,collaborative_service_id,collaborative_token,compound_service_id,compound_token,created_from,created )VALUES( 1160,null,null,1157,1160,1160,1,1,'','[]',1,1,'[{"id":43107,"value":"Nadia B - Purple Tree"},{"id":51989,"value":"Wedding"},{"id":27913,"value":""},{"id":72188,"value":["I agree to <a href="https:\/\/www.mintroom.ca\/Terms_and_Conditions.pdf?v=11122018" target="_blank">Terms and Conditions<\/a>"]},{"id":85555,"value":["I agree there will be no more than 10 guests in the room per booking"]},{"id":27913,"value":" "},{"id":87958,"value":[]},{"id":45932,"value":[]}]','approved',null,null,null,null,null,null,null,null,null,null,null,'frontend','2019-06-11 10:59:32' );
INSERT INTO wp_bookly_appointments ( id,location_id,staff_id,staff_any,service_id,custom_service_name,custom_service_price,start_date,end_date,extras_duration,internal_note,google_event_id,google_event_etag,outlook_event_id,outlook_event_change_key,outlook_event_series_id,created_from,created )VALUES( 1161,null,12,0,7,null,null,'2019-09-01 15:00:00','2019-09-01 16:00:00',0,null,null,null,null,null,null,'bookly','2019-06-11 10:59:32' );
INSERT INTO wp_bookly_appointments ( id,location_id,staff_id,staff_any,service_id,custom_service_name,custom_service_price,start_date,end_date,extras_duration,internal_note,google_event_id,google_event_etag,outlook_event_id,outlook_event_change_key,outlook_event_series_id,created_from,created )VALUES( 3161,null,13,0,8,null,null,'2019-09-01 15:00:00','2019-09-01 16:00:00',0,null,null,null,null,null,null,'bookly','2019-06-11 10:59:32' );
INSERT INTO wp_bookly_customers ( id,wp_user_id,facebook_id,group_id,full_name,first_name,last_name,phone,email,birthday,country,state,postcode,city,street,street_number,additional_address,notes,info_fields,credit,created )VALUES( 1161,null,null,null,'Saina Sarafian','Saina Sarafian','','6478221990','saina6@hotmail.com*',null,'','','','','','','','',null,0,'2019-06-11 10:59:32' );
INSERT INTO wp_bookly_customer_appointments ( id,series_id,package_id,customer_id,appointment_id,payment_id,number_of_persons,units,notes,extras,extras_multiply_nop,extras_consider_duration,custom_fields,status,status_changed_at,token,time_zone,time_zone_offset,rating,rating_comment,locale,collaborative_service_id,collaborative_token,compound_service_id,compound_token,created_from,created )VALUES( 1161,null,null,1161,1161,1161,1,1,'There will be only myself, my fiancé and two photographers in this room. ','[]',1,1,'[{"id":43107,"value":"Saina Sarafian"},{"id":51989,"value":"Wedding"},{"id":27913,"value":""},{"id":72188,"value":["I agree to <a href="https:\/\/www.mintroom.ca\/Terms_and_Conditions.pdf?v=11122018" target="_blank">Terms and Conditions<\/a>"]},{"id":85555,"value":["I agree there will be no more than 10 guests in the room per booking"]},{"id":27913,"value":" "},{"id":87958,"value":[]},{"id":45932,"value":[]}]','approved',null,null,null,null,null,null,null,null,null,null,null,'frontend','2019-06-11 10:59:32' );
INSERT INTO wp_bookly_appointments ( id,location_id,staff_id,staff_any,service_id,custom_service_name,custom_service_price,start_date,end_date,extras_duration,internal_note,google_event_id,google_event_etag,outlook_event_id,outlook_event_change_key,outlook_event_series_id,created_from,created )VALUES( 1162,null,10,0,5,null,null,'2019-10-26 12:00:00','2019-10-26 13:00:00',0,null,null,null,null,null,null,'bookly','2019-06-11 10:59:32' );
INSERT INTO wp_bookly_customers ( id,wp_user_id,facebook_id,group_id,full_name,first_name,last_name,phone,email,birthday,country,state,postcode,city,street,street_number,additional_address,notes,info_fields,credit,created )VALUES( 1162,null,null,null,'Christine Duranleau','Christine Duranleau','','514-560-0596','duranleaucd@gmail.com*',null,'','','','','','','','',null,0,'2019-06-11 10:59:32' );
INSERT INTO wp_bookly_payments ( id,coupon_id,type,total,tax,paid,paid_type,gateway_price_correction,status,details,created )VALUES( 1162,null,'stripe',203.4,23.4,203.4,'in_full',0.00,'completed','{"items":[{"ca_id":1162,"appointment_date":"2019-10-26 12:00:00","service_name":"Conservatory","service_price":90,"service_tax":"11.70","wait_listed":false,"deposit_format":null,"number_of_persons":1,"units":"1","duration":"3600","staff_name":"Conservatory","extras":[]}],"coupon":null,"subtotal":{"price":180,"deposit":0},"customer":"Christine Duranleau","tax_in_price":"excluded","tax_paid":"23.40","extras_multiply_nop":1}','2019-06-11 10:59:32' );
INSERT INTO wp_bookly_customer_appointments ( id,series_id,package_id,customer_id,appointment_id,payment_id,number_of_persons,units,notes,extras,extras_multiply_nop,extras_consider_duration,custom_fields,status,status_changed_at,token,time_zone,time_zone_offset,rating,rating_comment,locale,collaborative_service_id,collaborative_token,compound_service_id,compound_token,created_from,created )VALUES( 1162,null,null,1162,1162,1162,1,1,'','[]',1,1,'[{"id":43107,"value":"Beautiful Life Studios"},{"id":51989,"value":"Wedding"},{"id":27913,"value":""},{"id":72188,"value":["I agree to <a href="https:\/\/www.mintroom.ca\/Terms_and_Conditions.pdf?v=11122018" target="_blank">Terms and Conditions<\/a>"]},{"id":85555,"value":["I agree there will be no more than 10 guests in the room per booking"]},{"id":27913,"value":" "},{"id":87958,"value":[]},{"id":45932,"value":[]}]','approved',null,null,null,null,null,null,null,null,null,null,null,'frontend','2019-06-11 10:59:32' );
INSERT INTO wp_bookly_appointments ( id,location_id,staff_id,staff_any,service_id,custom_service_name,custom_service_price,start_date,end_date,extras_duration,internal_note,google_event_id,google_event_etag,outlook_event_id,outlook_event_change_key,outlook_event_series_id,created_from,created )VALUES( 1163,null,10,0,5,null,null,'2019-10-26 13:00:00','2019-10-26 14:00:00',0,null,null,null,null,null,null,'bookly','2019-06-11 10:59:32' );
INSERT INTO wp_bookly_payments ( id,coupon_id,type,total,tax,paid,paid_type,gateway_price_correction,status,details,created )VALUES( 1163,null,'stripe',203.4,23.4,203.4,'in_full',0.00,'completed','{"items":[{"ca_id":1163,"appointment_date":"2019-10-26 13:00:00","service_name":"Conservatory","service_price":90,"service_tax":"11.70","wait_listed":false,"deposit_format":null,"number_of_persons":1,"units":"1","duration":"3600","staff_name":"Conservatory","extras":[]}],"coupon":null,"subtotal":{"price":180,"deposit":0},"customer":"Christine Duranleau","tax_in_price":"excluded","tax_paid":"23.40","extras_multiply_nop":1}','2019-06-11 10:59:32' );
INSERT INTO wp_bookly_customer_appointments ( id,series_id,package_id,customer_id,appointment_id,payment_id,number_of_persons,units,notes,extras,extras_multiply_nop,extras_consider_duration,custom_fields,status,status_changed_at,token,time_zone,time_zone_offset,rating,rating_comment,locale,collaborative_service_id,collaborative_token,compound_service_id,compound_token,created_from,created )VALUES( 1163,null,null,1162,1163,1163,1,1,'','[]',1,1,'[{"id":43107,"value":"Beautiful Life Studios"},{"id":51989,"value":"Wedding"},{"id":27913,"value":""},{"id":72188,"value":["I agree to <a href="https:\/\/www.mintroom.ca\/Terms_and_Conditions.pdf?v=11122018" target="_blank">Terms and Conditions<\/a>"]},{"id":85555,"value":["I agree there will be no more than 10 guests in the room per booking"]},{"id":27913,"value":" "},{"id":87958,"value":[]},{"id":45932,"value":[]}]','approved',null,null,null,null,null,null,null,null,null,null,null,'frontend','2019-06-11 10:59:32' );
INSERT INTO wp_bookly_appointments ( id,location_id,staff_id,staff_any,service_id,custom_service_name,custom_service_price,start_date,end_date,extras_duration,internal_note,google_event_id,google_event_etag,outlook_event_id,outlook_event_change_key,outlook_event_series_id,created_from,created )VALUES( 1164,null,9,0,4,null,null,'2019-07-05 11:00:00','2019-07-05 12:00:00',0,null,null,null,null,null,null,'bookly','2019-06-11 10:59:32' );
INSERT INTO wp_bookly_customers ( id,wp_user_id,facebook_id,group_id,full_name,first_name,last_name,phone,email,birthday,country,state,postcode,city,street,street_number,additional_address,notes,info_fields,credit,created )VALUES( 1164,null,null,null,'Connie Degiorgio','Connie Degiorgio','','905-301-0944','degiorigo.connie@gmail.com*',null,'','','','','','','','',null,0,'2019-06-11 10:59:32' );
INSERT INTO wp_bookly_payments ( id,coupon_id,type,total,tax,paid,paid_type,gateway_price_correction,status,details,created )VALUES( 1164,null,'stripe',203.4,23.4,203.4,'in_full',0.00,'completed','{"items":[{"ca_id":1164,"appointment_date":"2019-07-05 11:00:00","service_name":"Ballroom","service_price":90,"service_tax":"11.70","wait_listed":false,"deposit_format":null,"number_of_persons":1,"units":"1","duration":"3600","staff_name":"Ballroom","extras":[]}],"coupon":null,"subtotal":{"price":180,"deposit":0},"customer":"Connie Degiorgio","tax_in_price":"excluded","tax_paid":"23.40","extras_multiply_nop":1}','2019-06-11 10:59:32' );
INSERT INTO wp_bookly_customer_appointments ( id,series_id,package_id,customer_id,appointment_id,payment_id,number_of_persons,units,notes,extras,extras_multiply_nop,extras_consider_duration,custom_fields,status,status_changed_at,token,time_zone,time_zone_offset,rating,rating_comment,locale,collaborative_service_id,collaborative_token,compound_service_id,compound_token,created_from,created )VALUES( 1164,null,null,1164,1164,1164,1,1,'Called 3/28/2018 @ 12:36pm, 12 guest were approved for use of Ballroom. Spoke with female, forgot to ask for name.','[]',1,1,'[{"id":43107,"value":"Connie Degiorgio"},{"id":51989,"value":"Wedding"},{"id":27913,"value":""},{"id":72188,"value":["I agree to <a href="https:\/\/www.mintroom.ca\/Terms_and_Conditions.pdf?v=11122018" target="_blank">Terms and Conditions<\/a>"]},{"id":85555,"value":["I agree there will be no more than 10 guests in the room per booking"]},{"id":27913,"value":" "},{"id":87958,"value":[]},{"id":45932,"value":[]}]','approved',null,null,null,null,null,null,null,null,null,null,null,'frontend','2019-06-11 10:59:32' );
INSERT INTO wp_bookly_appointments ( id,location_id,staff_id,staff_any,service_id,custom_service_name,custom_service_price,start_date,end_date,extras_duration,internal_note,google_event_id,google_event_etag,outlook_event_id,outlook_event_change_key,outlook_event_series_id,created_from,created )VALUES( 1165,null,9,0,4,null,null,'2019-07-05 12:00:00','2019-07-05 13:00:00',0,null,null,null,null,null,null,'bookly','2019-06-11 10:59:32' );
INSERT INTO wp_bookly_payments ( id,coupon_id,type,total,tax,paid,paid_type,gateway_price_correction,status,details,created )VALUES( 1165,null,'stripe',203.4,23.4,203.4,'in_full',0.00,'completed','{"items":[{"ca_id":1165,"appointment_date":"2019-07-05 12:00:00","service_name":"Ballroom","service_price":90,"service_tax":"11.70","wait_listed":false,"deposit_format":null,"number_of_persons":1,"units":"1","duration":"3600","staff_name":"Ballroom","extras":[]}],"coupon":null,"subtotal":{"price":180,"deposit":0},"customer":"Connie Degiorgio","tax_in_price":"excluded","tax_paid":"23.40","extras_multiply_nop":1}','2019-06-11 10:59:32' );
INSERT INTO wp_bookly_customer_appointments ( id,series_id,package_id,customer_id,appointment_id,payment_id,number_of_persons,units,notes,extras,extras_multiply_nop,extras_consider_duration,custom_fields,status,status_changed_at,token,time_zone,time_zone_offset,rating,rating_comment,locale,collaborative_service_id,collaborative_token,compound_service_id,compound_token,created_from,created )VALUES( 1165,null,null,1164,1165,1165,1,1,'Called 3/28/2018 @ 12:36pm, 12 guest were approved for use of Ballroom. Spoke with female, forgot to ask for name.','[]',1,1,'[{"id":43107,"value":"Connie Degiorgio"},{"id":51989,"value":"Wedding"},{"id":27913,"value":""},{"id":72188,"value":["I agree to <a href="https:\/\/www.mintroom.ca\/Terms_and_Conditions.pdf?v=11122018" target="_blank">Terms and Conditions<\/a>"]},{"id":85555,"value":["I agree there will be no more than 10 guests in the room per booking"]},{"id":27913,"value":" "},{"id":87958,"value":[]},{"id":45932,"value":[]}]','approved',null,null,null,null,null,null,null,null,null,null,null,'frontend','2019-06-11 10:59:32' );
INSERT INTO wp_bookly_appointments ( id,location_id,staff_id,staff_any,service_id,custom_service_name,custom_service_price,start_date,end_date,extras_duration,internal_note,google_event_id,google_event_etag,outlook_event_id,outlook_event_change_key,outlook_event_series_id,created_from,created )VALUES( 1166,null,11,0,6,null,null,'2019-06-25 16:00:00','2019-06-25 17:00:00',0,null,null,null,null,null,null,'bookly','2019-06-11 10:59:32' );
INSERT INTO wp_bookly_appointments ( id,location_id,staff_id,staff_any,service_id,custom_service_name,custom_service_price,start_date,end_date,extras_duration,internal_note,google_event_id,google_event_etag,outlook_event_id,outlook_event_change_key,outlook_event_series_id,created_from,created )VALUES( 3166,null,13,0,8,null,null,'2019-06-25 16:00:00','2019-06-25 17:00:00',0,null,null,null,null,null,null,'bookly','2019-06-11 10:59:32' );
INSERT INTO wp_bookly_customers ( id,wp_user_id,facebook_id,group_id,full_name,first_name,last_name,phone,email,birthday,country,state,postcode,city,street,street_number,additional_address,notes,info_fields,credit,created )VALUES( 1166,null,null,null,'Kyla Hull','Kyla Hull','','647-780-3396','hullkyla@gmail.com*',null,'','','','','','','','',null,0,'2019-06-11 10:59:32' );
INSERT INTO wp_bookly_customer_appointments ( id,series_id,package_id,customer_id,appointment_id,payment_id,number_of_persons,units,notes,extras,extras_multiply_nop,extras_consider_duration,custom_fields,status,status_changed_at,token,time_zone,time_zone_offset,rating,rating_comment,locale,collaborative_service_id,collaborative_token,compound_service_id,compound_token,created_from,created )VALUES( 1166,null,null,1166,1166,1166,1,1,'Engagement Shoot','[]',1,1,'[{"id":43107,"value":"Melista Bahler "},{"id":51989,"value":"Wedding"},{"id":27913,"value":""},{"id":72188,"value":["I agree to <a href="https:\/\/www.mintroom.ca\/Terms_and_Conditions.pdf?v=11122018" target="_blank">Terms and Conditions<\/a>"]},{"id":85555,"value":["I agree there will be no more than 10 guests in the room per booking"]},{"id":27913,"value":" "},{"id":87958,"value":[]},{"id":45932,"value":[]}]','approved',null,null,null,null,null,null,null,null,null,null,null,'frontend','2019-06-11 10:59:32' );
INSERT INTO wp_bookly_appointments ( id,location_id,staff_id,staff_any,service_id,custom_service_name,custom_service_price,start_date,end_date,extras_duration,internal_note,google_event_id,google_event_etag,outlook_event_id,outlook_event_change_key,outlook_event_series_id,created_from,created )VALUES( 1167,null,9,0,4,null,null,'2019-06-11 08:00:00','2019-06-11 09:00:00',0,null,null,null,null,null,null,'bookly','2019-06-11 10:59:32' );
INSERT INTO wp_bookly_customers ( id,wp_user_id,facebook_id,group_id,full_name,first_name,last_name,phone,email,birthday,country,state,postcode,city,street,street_number,additional_address,notes,info_fields,credit,created )VALUES( 1167,null,null,null,'Strategic Objectives','Strategic Objectives','','na','amanda.chouinard@strategicobjectives.com*',null,'','','','','','','','',null,0,'2019-06-11 10:59:32' );
INSERT INTO wp_bookly_payments ( id,coupon_id,type,total,tax,paid,paid_type,gateway_price_correction,status,details,created )VALUES( 1167,null,'stripe',0,0,0,'in_full',0.00,'completed','{"items":[{"ca_id":1167,"appointment_date":"2019-06-11 08:00:00","service_name":"Ballroom","service_price":90,"service_tax":"11.70","wait_listed":false,"deposit_format":null,"number_of_persons":1,"units":"1","duration":"3600","staff_name":"Ballroom","extras":[]}],"coupon":null,"subtotal":{"price":1,"deposit":0},"customer":"Strategic Objectives","tax_in_price":"excluded","tax_paid":"0.00","extras_multiply_nop":1}','2019-06-11 10:59:32' );
INSERT INTO wp_bookly_customer_appointments ( id,series_id,package_id,customer_id,appointment_id,payment_id,number_of_persons,units,notes,extras,extras_multiply_nop,extras_consider_duration,custom_fields,status,status_changed_at,token,time_zone,time_zone_offset,rating,rating_comment,locale,collaborative_service_id,collaborative_token,compound_service_id,compound_token,created_from,created )VALUES( 1167,null,null,1167,1167,1167,1,1,'','[]',1,1,'[{"id":43107,"value":"na"},{"id":51989,"value":"Fashion"},{"id":27913,"value":""},{"id":72188,"value":["I agree to <a href="https:\/\/www.mintroom.ca\/Terms_and_Conditions.pdf?v=11122018" target="_blank">Terms and Conditions<\/a>"]},{"id":85555,"value":["I agree there will be no more than 10 guests in the room per booking"]},{"id":27913,"value":" "},{"id":87958,"value":[]},{"id":45932,"value":[]}]','approved',null,null,null,null,null,null,null,null,null,null,null,'frontend','2019-06-11 10:59:32' );
INSERT INTO wp_bookly_appointments ( id,location_id,staff_id,staff_any,service_id,custom_service_name,custom_service_price,start_date,end_date,extras_duration,internal_note,google_event_id,google_event_etag,outlook_event_id,outlook_event_change_key,outlook_event_series_id,created_from,created )VALUES( 1168,null,9,0,4,null,null,'2019-06-11 09:00:00','2019-06-11 10:00:00',0,null,null,null,null,null,null,'bookly','2019-06-11 10:59:32' );
INSERT INTO wp_bookly_payments ( id,coupon_id,type,total,tax,paid,paid_type,gateway_price_correction,status,details,created )VALUES( 1168,null,'stripe',0,0,0,'in_full',0.00,'completed','{"items":[{"ca_id":1168,"appointment_date":"2019-06-11 09:00:00","service_name":"Ballroom","service_price":90,"service_tax":"11.70","wait_listed":false,"deposit_format":null,"number_of_persons":1,"units":"1","duration":"3600","staff_name":"Ballroom","extras":[]}],"coupon":null,"subtotal":{"price":1,"deposit":0},"customer":"Strategic Objectives","tax_in_price":"excluded","tax_paid":"0.00","extras_multiply_nop":1}','2019-06-11 10:59:32' );
INSERT INTO wp_bookly_customer_appointments ( id,series_id,package_id,customer_id,appointment_id,payment_id,number_of_persons,units,notes,extras,extras_multiply_nop,extras_consider_duration,custom_fields,status,status_changed_at,token,time_zone,time_zone_offset,rating,rating_comment,locale,collaborative_service_id,collaborative_token,compound_service_id,compound_token,created_from,created )VALUES( 1168,null,null,1167,1168,1168,1,1,'','[]',1,1,'[{"id":43107,"value":"na"},{"id":51989,"value":"Fashion"},{"id":27913,"value":""},{"id":72188,"value":["I agree to <a href="https:\/\/www.mintroom.ca\/Terms_and_Conditions.pdf?v=11122018" target="_blank">Terms and Conditions<\/a>"]},{"id":85555,"value":["I agree there will be no more than 10 guests in the room per booking"]},{"id":27913,"value":" "},{"id":87958,"value":[]},{"id":45932,"value":[]}]','approved',null,null,null,null,null,null,null,null,null,null,null,'frontend','2019-06-11 10:59:32' );
INSERT INTO wp_bookly_appointments ( id,location_id,staff_id,staff_any,service_id,custom_service_name,custom_service_price,start_date,end_date,extras_duration,internal_note,google_event_id,google_event_etag,outlook_event_id,outlook_event_change_key,outlook_event_series_id,created_from,created )VALUES( 1169,null,9,0,4,null,null,'2019-06-11 10:00:00','2019-06-11 11:00:00',0,null,null,null,null,null,null,'bookly','2019-06-11 10:59:32' );
INSERT INTO wp_bookly_payments ( id,coupon_id,type,total,tax,paid,paid_type,gateway_price_correction,status,details,created )VALUES( 1169,null,'stripe',0,0,0,'in_full',0.00,'completed','{"items":[{"ca_id":1169,"appointment_date":"2019-06-11 10:00:00","service_name":"Ballroom","service_price":90,"service_tax":"11.70","wait_listed":false,"deposit_format":null,"number_of_persons":1,"units":"1","duration":"3600","staff_name":"Ballroom","extras":[]}],"coupon":null,"subtotal":{"price":1,"deposit":0},"customer":"Strategic Objectives","tax_in_price":"excluded","tax_paid":"0.00","extras_multiply_nop":1}','2019-06-11 10:59:32' );
INSERT INTO wp_bookly_customer_appointments ( id,series_id,package_id,customer_id,appointment_id,payment_id,number_of_persons,units,notes,extras,extras_multiply_nop,extras_consider_duration,custom_fields,status,status_changed_at,token,time_zone,time_zone_offset,rating,rating_comment,locale,collaborative_service_id,collaborative_token,compound_service_id,compound_token,created_from,created )VALUES( 1169,null,null,1167,1169,1169,1,1,'','[]',1,1,'[{"id":43107,"value":"na"},{"id":51989,"value":"Fashion"},{"id":27913,"value":""},{"id":72188,"value":["I agree to <a href="https:\/\/www.mintroom.ca\/Terms_and_Conditions.pdf?v=11122018" target="_blank">Terms and Conditions<\/a>"]},{"id":85555,"value":["I agree there will be no more than 10 guests in the room per booking"]},{"id":27913,"value":" "},{"id":87958,"value":[]},{"id":45932,"value":[]}]','approved',null,null,null,null,null,null,null,null,null,null,null,'frontend','2019-06-11 10:59:32' );
INSERT INTO wp_bookly_appointments ( id,location_id,staff_id,staff_any,service_id,custom_service_name,custom_service_price,start_date,end_date,extras_duration,internal_note,google_event_id,google_event_etag,outlook_event_id,outlook_event_change_key,outlook_event_series_id,created_from,created )VALUES( 1170,null,9,0,4,null,null,'2019-06-11 11:00:00','2019-06-11 12:00:00',0,null,null,null,null,null,null,'bookly','2019-06-11 10:59:32' );
INSERT INTO wp_bookly_payments ( id,coupon_id,type,total,tax,paid,paid_type,gateway_price_correction,status,details,created )VALUES( 1170,null,'stripe',0,0,0,'in_full',0.00,'completed','{"items":[{"ca_id":1170,"appointment_date":"2019-06-11 11:00:00","service_name":"Ballroom","service_price":90,"service_tax":"11.70","wait_listed":false,"deposit_format":null,"number_of_persons":1,"units":"1","duration":"3600","staff_name":"Ballroom","extras":[]}],"coupon":null,"subtotal":{"price":1,"deposit":0},"customer":"Strategic Objectives","tax_in_price":"excluded","tax_paid":"0.00","extras_multiply_nop":1}','2019-06-11 10:59:32' );
INSERT INTO wp_bookly_customer_appointments ( id,series_id,package_id,customer_id,appointment_id,payment_id,number_of_persons,units,notes,extras,extras_multiply_nop,extras_consider_duration,custom_fields,status,status_changed_at,token,time_zone,time_zone_offset,rating,rating_comment,locale,collaborative_service_id,collaborative_token,compound_service_id,compound_token,created_from,created )VALUES( 1170,null,null,1167,1170,1170,1,1,'','[]',1,1,'[{"id":43107,"value":"na"},{"id":51989,"value":"Fashion"},{"id":27913,"value":""},{"id":72188,"value":["I agree to <a href="https:\/\/www.mintroom.ca\/Terms_and_Conditions.pdf?v=11122018" target="_blank">Terms and Conditions<\/a>"]},{"id":85555,"value":["I agree there will be no more than 10 guests in the room per booking"]},{"id":27913,"value":" "},{"id":87958,"value":[]},{"id":45932,"value":[]}]','approved',null,null,null,null,null,null,null,null,null,null,null,'frontend','2019-06-11 10:59:32' );
INSERT INTO wp_bookly_appointments ( id,location_id,staff_id,staff_any,service_id,custom_service_name,custom_service_price,start_date,end_date,extras_duration,internal_note,google_event_id,google_event_etag,outlook_event_id,outlook_event_change_key,outlook_event_series_id,created_from,created )VALUES( 1171,null,9,0,4,null,null,'2019-06-11 12:00:00','2019-06-11 13:00:00',0,null,null,null,null,null,null,'bookly','2019-06-11 10:59:32' );
INSERT INTO wp_bookly_payments ( id,coupon_id,type,total,tax,paid,paid_type,gateway_price_correction,status,details,created )VALUES( 1171,null,'stripe',0,0,0,'in_full',0.00,'completed','{"items":[{"ca_id":1171,"appointment_date":"2019-06-11 12:00:00","service_name":"Ballroom","service_price":90,"service_tax":"11.70","wait_listed":false,"deposit_format":null,"number_of_persons":1,"units":"1","duration":"3600","staff_name":"Ballroom","extras":[]}],"coupon":null,"subtotal":{"price":1,"deposit":0},"customer":"Strategic Objectives","tax_in_price":"excluded","tax_paid":"0.00","extras_multiply_nop":1}','2019-06-11 10:59:32' );
INSERT INTO wp_bookly_customer_appointments ( id,series_id,package_id,customer_id,appointment_id,payment_id,number_of_persons,units,notes,extras,extras_multiply_nop,extras_consider_duration,custom_fields,status,status_changed_at,token,time_zone,time_zone_offset,rating,rating_comment,locale,collaborative_service_id,collaborative_token,compound_service_id,compound_token,created_from,created )VALUES( 1171,null,null,1167,1171,1171,1,1,'','[]',1,1,'[{"id":43107,"value":"na"},{"id":51989,"value":"Fashion"},{"id":27913,"value":""},{"id":72188,"value":["I agree to <a href="https:\/\/www.mintroom.ca\/Terms_and_Conditions.pdf?v=11122018" target="_blank">Terms and Conditions<\/a>"]},{"id":85555,"value":["I agree there will be no more than 10 guests in the room per booking"]},{"id":27913,"value":" "},{"id":87958,"value":[]},{"id":45932,"value":[]}]','approved',null,null,null,null,null,null,null,null,null,null,null,'frontend','2019-06-11 10:59:32' );
INSERT INTO wp_bookly_appointments ( id,location_id,staff_id,staff_any,service_id,custom_service_name,custom_service_price,start_date,end_date,extras_duration,internal_note,google_event_id,google_event_etag,outlook_event_id,outlook_event_change_key,outlook_event_series_id,created_from,created )VALUES( 1172,null,9,0,4,null,null,'2019-06-11 13:00:00','2019-06-11 14:00:00',0,null,null,null,null,null,null,'bookly','2019-06-11 10:59:32' );
INSERT INTO wp_bookly_payments ( id,coupon_id,type,total,tax,paid,paid_type,gateway_price_correction,status,details,created )VALUES( 1172,null,'stripe',0,0,0,'in_full',0.00,'completed','{"items":[{"ca_id":1172,"appointment_date":"2019-06-11 13:00:00","service_name":"Ballroom","service_price":90,"service_tax":"11.70","wait_listed":false,"deposit_format":null,"number_of_persons":1,"units":"1","duration":"3600","staff_name":"Ballroom","extras":[]}],"coupon":null,"subtotal":{"price":1,"deposit":0},"customer":"Strategic Objectives","tax_in_price":"excluded","tax_paid":"0.00","extras_multiply_nop":1}','2019-06-11 10:59:32' );
INSERT INTO wp_bookly_customer_appointments ( id,series_id,package_id,customer_id,appointment_id,payment_id,number_of_persons,units,notes,extras,extras_multiply_nop,extras_consider_duration,custom_fields,status,status_changed_at,token,time_zone,time_zone_offset,rating,rating_comment,locale,collaborative_service_id,collaborative_token,compound_service_id,compound_token,created_from,created )VALUES( 1172,null,null,1167,1172,1172,1,1,'','[]',1,1,'[{"id":43107,"value":"na"},{"id":51989,"value":"Fashion"},{"id":27913,"value":""},{"id":72188,"value":["I agree to <a href="https:\/\/www.mintroom.ca\/Terms_and_Conditions.pdf?v=11122018" target="_blank">Terms and Conditions<\/a>"]},{"id":85555,"value":["I agree there will be no more than 10 guests in the room per booking"]},{"id":27913,"value":" "},{"id":87958,"value":[]},{"id":45932,"value":[]}]','approved',null,null,null,null,null,null,null,null,null,null,null,'frontend','2019-06-11 10:59:32' );
INSERT INTO wp_bookly_appointments ( id,location_id,staff_id,staff_any,service_id,custom_service_name,custom_service_price,start_date,end_date,extras_duration,internal_note,google_event_id,google_event_etag,outlook_event_id,outlook_event_change_key,outlook_event_series_id,created_from,created )VALUES( 1173,null,9,0,4,null,null,'2019-06-11 14:00:00','2019-06-11 15:00:00',0,null,null,null,null,null,null,'bookly','2019-06-11 10:59:32' );
INSERT INTO wp_bookly_payments ( id,coupon_id,type,total,tax,paid,paid_type,gateway_price_correction,status,details,created )VALUES( 1173,null,'stripe',0,0,0,'in_full',0.00,'completed','{"items":[{"ca_id":1173,"appointment_date":"2019-06-11 14:00:00","service_name":"Ballroom","service_price":90,"service_tax":"11.70","wait_listed":false,"deposit_format":null,"number_of_persons":1,"units":"1","duration":"3600","staff_name":"Ballroom","extras":[]}],"coupon":null,"subtotal":{"price":1,"deposit":0},"customer":"Strategic Objectives","tax_in_price":"excluded","tax_paid":"0.00","extras_multiply_nop":1}','2019-06-11 10:59:32' );
INSERT INTO wp_bookly_customer_appointments ( id,series_id,package_id,customer_id,appointment_id,payment_id,number_of_persons,units,notes,extras,extras_multiply_nop,extras_consider_duration,custom_fields,status,status_changed_at,token,time_zone,time_zone_offset,rating,rating_comment,locale,collaborative_service_id,collaborative_token,compound_service_id,compound_token,created_from,created )VALUES( 1173,null,null,1167,1173,1173,1,1,'','[]',1,1,'[{"id":43107,"value":"na"},{"id":51989,"value":"Fashion"},{"id":27913,"value":""},{"id":72188,"value":["I agree to <a href="https:\/\/www.mintroom.ca\/Terms_and_Conditions.pdf?v=11122018" target="_blank">Terms and Conditions<\/a>"]},{"id":85555,"value":["I agree there will be no more than 10 guests in the room per booking"]},{"id":27913,"value":" "},{"id":87958,"value":[]},{"id":45932,"value":[]}]','approved',null,null,null,null,null,null,null,null,null,null,null,'frontend','2019-06-11 10:59:32' );
INSERT INTO wp_bookly_appointments ( id,location_id,staff_id,staff_any,service_id,custom_service_name,custom_service_price,start_date,end_date,extras_duration,internal_note,google_event_id,google_event_etag,outlook_event_id,outlook_event_change_key,outlook_event_series_id,created_from,created )VALUES( 1174,null,9,0,4,null,null,'2019-06-11 15:00:00','2019-06-11 16:00:00',0,null,null,null,null,null,null,'bookly','2019-06-11 10:59:32' );
INSERT INTO wp_bookly_payments ( id,coupon_id,type,total,tax,paid,paid_type,gateway_price_correction,status,details,created )VALUES( 1174,null,'stripe',0,0,0,'in_full',0.00,'completed','{"items":[{"ca_id":1174,"appointment_date":"2019-06-11 15:00:00","service_name":"Ballroom","service_price":90,"service_tax":"11.70","wait_listed":false,"deposit_format":null,"number_of_persons":1,"units":"1","duration":"3600","staff_name":"Ballroom","extras":[]}],"coupon":null,"subtotal":{"price":1,"deposit":0},"customer":"Strategic Objectives","tax_in_price":"excluded","tax_paid":"0.00","extras_multiply_nop":1}','2019-06-11 10:59:32' );
INSERT INTO wp_bookly_customer_appointments ( id,series_id,package_id,customer_id,appointment_id,payment_id,number_of_persons,units,notes,extras,extras_multiply_nop,extras_consider_duration,custom_fields,status,status_changed_at,token,time_zone,time_zone_offset,rating,rating_comment,locale,collaborative_service_id,collaborative_token,compound_service_id,compound_token,created_from,created )VALUES( 1174,null,null,1167,1174,1174,1,1,'','[]',1,1,'[{"id":43107,"value":"na"},{"id":51989,"value":"Fashion"},{"id":27913,"value":""},{"id":72188,"value":["I agree to <a href="https:\/\/www.mintroom.ca\/Terms_and_Conditions.pdf?v=11122018" target="_blank">Terms and Conditions<\/a>"]},{"id":85555,"value":["I agree there will be no more than 10 guests in the room per booking"]},{"id":27913,"value":" "},{"id":87958,"value":[]},{"id":45932,"value":[]}]','approved',null,null,null,null,null,null,null,null,null,null,null,'frontend','2019-06-11 10:59:32' );
INSERT INTO wp_bookly_appointments ( id,location_id,staff_id,staff_any,service_id,custom_service_name,custom_service_price,start_date,end_date,extras_duration,internal_note,google_event_id,google_event_etag,outlook_event_id,outlook_event_change_key,outlook_event_series_id,created_from,created )VALUES( 1175,null,9,0,4,null,null,'2019-06-11 16:00:00','2019-06-11 17:00:00',0,null,null,null,null,null,null,'bookly','2019-06-11 10:59:32' );
INSERT INTO wp_bookly_payments ( id,coupon_id,type,total,tax,paid,paid_type,gateway_price_correction,status,details,created )VALUES( 1175,null,'stripe',0,0,0,'in_full',0.00,'completed','{"items":[{"ca_id":1175,"appointment_date":"2019-06-11 16:00:00","service_name":"Ballroom","service_price":90,"service_tax":"11.70","wait_listed":false,"deposit_format":null,"number_of_persons":1,"units":"1","duration":"3600","staff_name":"Ballroom","extras":[]}],"coupon":null,"subtotal":{"price":1,"deposit":0},"customer":"Strategic Objectives","tax_in_price":"excluded","tax_paid":"0.00","extras_multiply_nop":1}','2019-06-11 10:59:32' );
INSERT INTO wp_bookly_customer_appointments ( id,series_id,package_id,customer_id,appointment_id,payment_id,number_of_persons,units,notes,extras,extras_multiply_nop,extras_consider_duration,custom_fields,status,status_changed_at,token,time_zone,time_zone_offset,rating,rating_comment,locale,collaborative_service_id,collaborative_token,compound_service_id,compound_token,created_from,created )VALUES( 1175,null,null,1167,1175,1175,1,1,'','[]',1,1,'[{"id":43107,"value":"na"},{"id":51989,"value":"Fashion"},{"id":27913,"value":""},{"id":72188,"value":["I agree to <a href="https:\/\/www.mintroom.ca\/Terms_and_Conditions.pdf?v=11122018" target="_blank">Terms and Conditions<\/a>"]},{"id":85555,"value":["I agree there will be no more than 10 guests in the room per booking"]},{"id":27913,"value":" "},{"id":87958,"value":[]},{"id":45932,"value":[]}]','approved',null,null,null,null,null,null,null,null,null,null,null,'frontend','2019-06-11 10:59:32' );
INSERT INTO wp_bookly_appointments ( id,location_id,staff_id,staff_any,service_id,custom_service_name,custom_service_price,start_date,end_date,extras_duration,internal_note,google_event_id,google_event_etag,outlook_event_id,outlook_event_change_key,outlook_event_series_id,created_from,created )VALUES( 1176,null,9,0,4,null,null,'2019-06-11 17:00:00','2019-06-11 18:00:00',0,null,null,null,null,null,null,'bookly','2019-06-11 10:59:32' );
INSERT INTO wp_bookly_payments ( id,coupon_id,type,total,tax,paid,paid_type,gateway_price_correction,status,details,created )VALUES( 1176,null,'stripe',0,0,0,'in_full',0.00,'completed','{"items":[{"ca_id":1176,"appointment_date":"2019-06-11 17:00:00","service_name":"Ballroom","service_price":90,"service_tax":"11.70","wait_listed":false,"deposit_format":null,"number_of_persons":1,"units":"1","duration":"3600","staff_name":"Ballroom","extras":[]}],"coupon":null,"subtotal":{"price":1,"deposit":0},"customer":"Strategic Objectives","tax_in_price":"excluded","tax_paid":"0.00","extras_multiply_nop":1}','2019-06-11 10:59:32' );
INSERT INTO wp_bookly_customer_appointments ( id,series_id,package_id,customer_id,appointment_id,payment_id,number_of_persons,units,notes,extras,extras_multiply_nop,extras_consider_duration,custom_fields,status,status_changed_at,token,time_zone,time_zone_offset,rating,rating_comment,locale,collaborative_service_id,collaborative_token,compound_service_id,compound_token,created_from,created )VALUES( 1176,null,null,1167,1176,1176,1,1,'','[]',1,1,'[{"id":43107,"value":"na"},{"id":51989,"value":"Fashion"},{"id":27913,"value":""},{"id":72188,"value":["I agree to <a href="https:\/\/www.mintroom.ca\/Terms_and_Conditions.pdf?v=11122018" target="_blank">Terms and Conditions<\/a>"]},{"id":85555,"value":["I agree there will be no more than 10 guests in the room per booking"]},{"id":27913,"value":" "},{"id":87958,"value":[]},{"id":45932,"value":[]}]','approved',null,null,null,null,null,null,null,null,null,null,null,'frontend','2019-06-11 10:59:32' );
INSERT INTO wp_bookly_appointments ( id,location_id,staff_id,staff_any,service_id,custom_service_name,custom_service_price,start_date,end_date,extras_duration,internal_note,google_event_id,google_event_etag,outlook_event_id,outlook_event_change_key,outlook_event_series_id,created_from,created )VALUES( 1177,null,9,0,4,null,null,'2019-06-11 18:00:00','2019-06-11 19:00:00',0,null,null,null,null,null,null,'bookly','2019-06-11 10:59:32' );
INSERT INTO wp_bookly_payments ( id,coupon_id,type,total,tax,paid,paid_type,gateway_price_correction,status,details,created )VALUES( 1177,null,'stripe',0,0,0,'in_full',0.00,'completed','{"items":[{"ca_id":1177,"appointment_date":"2019-06-11 18:00:00","service_name":"Ballroom","service_price":90,"service_tax":"11.70","wait_listed":false,"deposit_format":null,"number_of_persons":1,"units":"1","duration":"3600","staff_name":"Ballroom","extras":[]}],"coupon":null,"subtotal":{"price":1,"deposit":0},"customer":"Strategic Objectives","tax_in_price":"excluded","tax_paid":"0.00","extras_multiply_nop":1}','2019-06-11 10:59:32' );
INSERT INTO wp_bookly_customer_appointments ( id,series_id,package_id,customer_id,appointment_id,payment_id,number_of_persons,units,notes,extras,extras_multiply_nop,extras_consider_duration,custom_fields,status,status_changed_at,token,time_zone,time_zone_offset,rating,rating_comment,locale,collaborative_service_id,collaborative_token,compound_service_id,compound_token,created_from,created )VALUES( 1177,null,null,1167,1177,1177,1,1,'','[]',1,1,'[{"id":43107,"value":"na"},{"id":51989,"value":"Fashion"},{"id":27913,"value":""},{"id":72188,"value":["I agree to <a href="https:\/\/www.mintroom.ca\/Terms_and_Conditions.pdf?v=11122018" target="_blank">Terms and Conditions<\/a>"]},{"id":85555,"value":["I agree there will be no more than 10 guests in the room per booking"]},{"id":27913,"value":" "},{"id":87958,"value":[]},{"id":45932,"value":[]}]','approved',null,null,null,null,null,null,null,null,null,null,null,'frontend','2019-06-11 10:59:32' );
INSERT INTO wp_bookly_appointments ( id,location_id,staff_id,staff_any,service_id,custom_service_name,custom_service_price,start_date,end_date,extras_duration,internal_note,google_event_id,google_event_etag,outlook_event_id,outlook_event_change_key,outlook_event_series_id,created_from,created )VALUES( 1178,null,9,0,4,null,null,'2019-06-11 19:00:00','2019-06-11 20:00:00',0,null,null,null,null,null,null,'bookly','2019-06-11 10:59:32' );
INSERT INTO wp_bookly_payments ( id,coupon_id,type,total,tax,paid,paid_type,gateway_price_correction,status,details,created )VALUES( 1178,null,'stripe',0,0,0,'in_full',0.00,'completed','{"items":[{"ca_id":1178,"appointment_date":"2019-06-11 19:00:00","service_name":"Ballroom","service_price":90,"service_tax":"11.70","wait_listed":false,"deposit_format":null,"number_of_persons":1,"units":"1","duration":"3600","staff_name":"Ballroom","extras":[]}],"coupon":null,"subtotal":{"price":1,"deposit":0},"customer":"Strategic Objectives","tax_in_price":"excluded","tax_paid":"0.00","extras_multiply_nop":1}','2019-06-11 10:59:32' );
INSERT INTO wp_bookly_customer_appointments ( id,series_id,package_id,customer_id,appointment_id,payment_id,number_of_persons,units,notes,extras,extras_multiply_nop,extras_consider_duration,custom_fields,status,status_changed_at,token,time_zone,time_zone_offset,rating,rating_comment,locale,collaborative_service_id,collaborative_token,compound_service_id,compound_token,created_from,created )VALUES( 1178,null,null,1167,1178,1178,1,1,'','[]',1,1,'[{"id":43107,"value":"na"},{"id":51989,"value":"Fashion"},{"id":27913,"value":""},{"id":72188,"value":["I agree to <a href="https:\/\/www.mintroom.ca\/Terms_and_Conditions.pdf?v=11122018" target="_blank">Terms and Conditions<\/a>"]},{"id":85555,"value":["I agree there will be no more than 10 guests in the room per booking"]},{"id":27913,"value":" "},{"id":87958,"value":[]},{"id":45932,"value":[]}]','approved',null,null,null,null,null,null,null,null,null,null,null,'frontend','2019-06-11 10:59:32' );
INSERT INTO wp_bookly_appointments ( id,location_id,staff_id,staff_any,service_id,custom_service_name,custom_service_price,start_date,end_date,extras_duration,internal_note,google_event_id,google_event_etag,outlook_event_id,outlook_event_change_key,outlook_event_series_id,created_from,created )VALUES( 1179,null,10,0,5,null,null,'2019-06-11 08:00:00','2019-06-11 09:00:00',0,null,null,null,null,null,null,'bookly','2019-06-11 10:59:32' );
INSERT INTO wp_bookly_payments ( id,coupon_id,type,total,tax,paid,paid_type,gateway_price_correction,status,details,created )VALUES( 1179,null,'stripe',0,0,0,'in_full',0.00,'completed','{"items":[{"ca_id":1179,"appointment_date":"2019-06-11 08:00:00","service_name":"Conservatory","service_price":90,"service_tax":"11.70","wait_listed":false,"deposit_format":null,"number_of_persons":1,"units":"1","duration":"3600","staff_name":"Conservatory","extras":[]}],"coupon":null,"subtotal":{"price":1,"deposit":0},"customer":"Strategic Objectives","tax_in_price":"excluded","tax_paid":"0.00","extras_multiply_nop":1}','2019-06-11 10:59:32' );
INSERT INTO wp_bookly_customer_appointments ( id,series_id,package_id,customer_id,appointment_id,payment_id,number_of_persons,units,notes,extras,extras_multiply_nop,extras_consider_duration,custom_fields,status,status_changed_at,token,time_zone,time_zone_offset,rating,rating_comment,locale,collaborative_service_id,collaborative_token,compound_service_id,compound_token,created_from,created )VALUES( 1179,null,null,1167,1179,1179,1,1,'','[]',1,1,'[{"id":43107,"value":"na"},{"id":51989,"value":"Fashion"},{"id":27913,"value":""},{"id":72188,"value":["I agree to <a href="https:\/\/www.mintroom.ca\/Terms_and_Conditions.pdf?v=11122018" target="_blank">Terms and Conditions<\/a>"]},{"id":85555,"value":["I agree there will be no more than 10 guests in the room per booking"]},{"id":27913,"value":" "},{"id":87958,"value":[]},{"id":45932,"value":[]}]','approved',null,null,null,null,null,null,null,null,null,null,null,'frontend','2019-06-11 10:59:32' );
INSERT INTO wp_bookly_appointments ( id,location_id,staff_id,staff_any,service_id,custom_service_name,custom_service_price,start_date,end_date,extras_duration,internal_note,google_event_id,google_event_etag,outlook_event_id,outlook_event_change_key,outlook_event_series_id,created_from,created )VALUES( 1180,null,10,0,5,null,null,'2019-06-11 09:00:00','2019-06-11 10:00:00',0,null,null,null,null,null,null,'bookly','2019-06-11 10:59:32' );
INSERT INTO wp_bookly_payments ( id,coupon_id,type,total,tax,paid,paid_type,gateway_price_correction,status,details,created )VALUES( 1180,null,'stripe',0,0,0,'in_full',0.00,'completed','{"items":[{"ca_id":1180,"appointment_date":"2019-06-11 09:00:00","service_name":"Conservatory","service_price":90,"service_tax":"11.70","wait_listed":false,"deposit_format":null,"number_of_persons":1,"units":"1","duration":"3600","staff_name":"Conservatory","extras":[]}],"coupon":null,"subtotal":{"price":1,"deposit":0},"customer":"Strategic Objectives","tax_in_price":"excluded","tax_paid":"0.00","extras_multiply_nop":1}','2019-06-11 10:59:32' );
INSERT INTO wp_bookly_customer_appointments ( id,series_id,package_id,customer_id,appointment_id,payment_id,number_of_persons,units,notes,extras,extras_multiply_nop,extras_consider_duration,custom_fields,status,status_changed_at,token,time_zone,time_zone_offset,rating,rating_comment,locale,collaborative_service_id,collaborative_token,compound_service_id,compound_token,created_from,created )VALUES( 1180,null,null,1167,1180,1180,1,1,'','[]',1,1,'[{"id":43107,"value":"na"},{"id":51989,"value":"Fashion"},{"id":27913,"value":""},{"id":72188,"value":["I agree to <a href="https:\/\/www.mintroom.ca\/Terms_and_Conditions.pdf?v=11122018" target="_blank">Terms and Conditions<\/a>"]},{"id":85555,"value":["I agree there will be no more than 10 guests in the room per booking"]},{"id":27913,"value":" "},{"id":87958,"value":[]},{"id":45932,"value":[]}]','approved',null,null,null,null,null,null,null,null,null,null,null,'frontend','2019-06-11 10:59:32' );
INSERT INTO wp_bookly_appointments ( id,location_id,staff_id,staff_any,service_id,custom_service_name,custom_service_price,start_date,end_date,extras_duration,internal_note,google_event_id,google_event_etag,outlook_event_id,outlook_event_change_key,outlook_event_series_id,created_from,created )VALUES( 1181,null,10,0,5,null,null,'2019-06-11 10:00:00','2019-06-11 11:00:00',0,null,null,null,null,null,null,'bookly','2019-06-11 10:59:32' );
INSERT INTO wp_bookly_payments ( id,coupon_id,type,total,tax,paid,paid_type,gateway_price_correction,status,details,created )VALUES( 1181,null,'stripe',0,0,0,'in_full',0.00,'completed','{"items":[{"ca_id":1181,"appointment_date":"2019-06-11 10:00:00","service_name":"Conservatory","service_price":90,"service_tax":"11.70","wait_listed":false,"deposit_format":null,"number_of_persons":1,"units":"1","duration":"3600","staff_name":"Conservatory","extras":[]}],"coupon":null,"subtotal":{"price":1,"deposit":0},"customer":"Strategic Objectives","tax_in_price":"excluded","tax_paid":"0.00","extras_multiply_nop":1}','2019-06-11 10:59:32' );
INSERT INTO wp_bookly_customer_appointments ( id,series_id,package_id,customer_id,appointment_id,payment_id,number_of_persons,units,notes,extras,extras_multiply_nop,extras_consider_duration,custom_fields,status,status_changed_at,token,time_zone,time_zone_offset,rating,rating_comment,locale,collaborative_service_id,collaborative_token,compound_service_id,compound_token,created_from,created )VALUES( 1181,null,null,1167,1181,1181,1,1,'','[]',1,1,'[{"id":43107,"value":"na"},{"id":51989,"value":"Fashion"},{"id":27913,"value":""},{"id":72188,"value":["I agree to <a href="https:\/\/www.mintroom.ca\/Terms_and_Conditions.pdf?v=11122018" target="_blank">Terms and Conditions<\/a>"]},{"id":85555,"value":["I agree there will be no more than 10 guests in the room per booking"]},{"id":27913,"value":" "},{"id":87958,"value":[]},{"id":45932,"value":[]}]','approved',null,null,null,null,null,null,null,null,null,null,null,'frontend','2019-06-11 10:59:32' );
INSERT INTO wp_bookly_appointments ( id,location_id,staff_id,staff_any,service_id,custom_service_name,custom_service_price,start_date,end_date,extras_duration,internal_note,google_event_id,google_event_etag,outlook_event_id,outlook_event_change_key,outlook_event_series_id,created_from,created )VALUES( 1182,null,10,0,5,null,null,'2019-06-11 11:00:00','2019-06-11 12:00:00',0,null,null,null,null,null,null,'bookly','2019-06-11 10:59:32' );
INSERT INTO wp_bookly_payments ( id,coupon_id,type,total,tax,paid,paid_type,gateway_price_correction,status,details,created )VALUES( 1182,null,'stripe',0,0,0,'in_full',0.00,'completed','{"items":[{"ca_id":1182,"appointment_date":"2019-06-11 11:00:00","service_name":"Conservatory","service_price":90,"service_tax":"11.70","wait_listed":false,"deposit_format":null,"number_of_persons":1,"units":"1","duration":"3600","staff_name":"Conservatory","extras":[]}],"coupon":null,"subtotal":{"price":1,"deposit":0},"customer":"Strategic Objectives","tax_in_price":"excluded","tax_paid":"0.00","extras_multiply_nop":1}','2019-06-11 10:59:32' );
INSERT INTO wp_bookly_customer_appointments ( id,series_id,package_id,customer_id,appointment_id,payment_id,number_of_persons,units,notes,extras,extras_multiply_nop,extras_consider_duration,custom_fields,status,status_changed_at,token,time_zone,time_zone_offset,rating,rating_comment,locale,collaborative_service_id,collaborative_token,compound_service_id,compound_token,created_from,created )VALUES( 1182,null,null,1167,1182,1182,1,1,'','[]',1,1,'[{"id":43107,"value":"na"},{"id":51989,"value":"Fashion"},{"id":27913,"value":""},{"id":72188,"value":["I agree to <a href="https:\/\/www.mintroom.ca\/Terms_and_Conditions.pdf?v=11122018" target="_blank">Terms and Conditions<\/a>"]},{"id":85555,"value":["I agree there will be no more than 10 guests in the room per booking"]},{"id":27913,"value":" "},{"id":87958,"value":[]},{"id":45932,"value":[]}]','approved',null,null,null,null,null,null,null,null,null,null,null,'frontend','2019-06-11 10:59:32' );
INSERT INTO wp_bookly_appointments ( id,location_id,staff_id,staff_any,service_id,custom_service_name,custom_service_price,start_date,end_date,extras_duration,internal_note,google_event_id,google_event_etag,outlook_event_id,outlook_event_change_key,outlook_event_series_id,created_from,created )VALUES( 1183,null,10,0,5,null,null,'2019-06-11 12:00:00','2019-06-11 13:00:00',0,null,null,null,null,null,null,'bookly','2019-06-11 10:59:32' );
INSERT INTO wp_bookly_payments ( id,coupon_id,type,total,tax,paid,paid_type,gateway_price_correction,status,details,created )VALUES( 1183,null,'stripe',0,0,0,'in_full',0.00,'completed','{"items":[{"ca_id":1183,"appointment_date":"2019-06-11 12:00:00","service_name":"Conservatory","service_price":90,"service_tax":"11.70","wait_listed":false,"deposit_format":null,"number_of_persons":1,"units":"1","duration":"3600","staff_name":"Conservatory","extras":[]}],"coupon":null,"subtotal":{"price":1,"deposit":0},"customer":"Strategic Objectives","tax_in_price":"excluded","tax_paid":"0.00","extras_multiply_nop":1}','2019-06-11 10:59:32' );
INSERT INTO wp_bookly_customer_appointments ( id,series_id,package_id,customer_id,appointment_id,payment_id,number_of_persons,units,notes,extras,extras_multiply_nop,extras_consider_duration,custom_fields,status,status_changed_at,token,time_zone,time_zone_offset,rating,rating_comment,locale,collaborative_service_id,collaborative_token,compound_service_id,compound_token,created_from,created )VALUES( 1183,null,null,1167,1183,1183,1,1,'','[]',1,1,'[{"id":43107,"value":"na"},{"id":51989,"value":"Fashion"},{"id":27913,"value":""},{"id":72188,"value":["I agree to <a href="https:\/\/www.mintroom.ca\/Terms_and_Conditions.pdf?v=11122018" target="_blank">Terms and Conditions<\/a>"]},{"id":85555,"value":["I agree there will be no more than 10 guests in the room per booking"]},{"id":27913,"value":" "},{"id":87958,"value":[]},{"id":45932,"value":[]}]','approved',null,null,null,null,null,null,null,null,null,null,null,'frontend','2019-06-11 10:59:32' );
INSERT INTO wp_bookly_appointments ( id,location_id,staff_id,staff_any,service_id,custom_service_name,custom_service_price,start_date,end_date,extras_duration,internal_note,google_event_id,google_event_etag,outlook_event_id,outlook_event_change_key,outlook_event_series_id,created_from,created )VALUES( 1184,null,10,0,5,null,null,'2019-06-11 13:00:00','2019-06-11 14:00:00',0,null,null,null,null,null,null,'bookly','2019-06-11 10:59:32' );
INSERT INTO wp_bookly_payments ( id,coupon_id,type,total,tax,paid,paid_type,gateway_price_correction,status,details,created )VALUES( 1184,null,'stripe',0,0,0,'in_full',0.00,'completed','{"items":[{"ca_id":1184,"appointment_date":"2019-06-11 13:00:00","service_name":"Conservatory","service_price":90,"service_tax":"11.70","wait_listed":false,"deposit_format":null,"number_of_persons":1,"units":"1","duration":"3600","staff_name":"Conservatory","extras":[]}],"coupon":null,"subtotal":{"price":1,"deposit":0},"customer":"Strategic Objectives","tax_in_price":"excluded","tax_paid":"0.00","extras_multiply_nop":1}','2019-06-11 10:59:32' );
INSERT INTO wp_bookly_customer_appointments ( id,series_id,package_id,customer_id,appointment_id,payment_id,number_of_persons,units,notes,extras,extras_multiply_nop,extras_consider_duration,custom_fields,status,status_changed_at,token,time_zone,time_zone_offset,rating,rating_comment,locale,collaborative_service_id,collaborative_token,compound_service_id,compound_token,created_from,created )VALUES( 1184,null,null,1167,1184,1184,1,1,'','[]',1,1,'[{"id":43107,"value":"na"},{"id":51989,"value":"Fashion"},{"id":27913,"value":""},{"id":72188,"value":["I agree to <a href="https:\/\/www.mintroom.ca\/Terms_and_Conditions.pdf?v=11122018" target="_blank">Terms and Conditions<\/a>"]},{"id":85555,"value":["I agree there will be no more than 10 guests in the room per booking"]},{"id":27913,"value":" "},{"id":87958,"value":[]},{"id":45932,"value":[]}]','approved',null,null,null,null,null,null,null,null,null,null,null,'frontend','2019-06-11 10:59:32' );
INSERT INTO wp_bookly_appointments ( id,location_id,staff_id,staff_any,service_id,custom_service_name,custom_service_price,start_date,end_date,extras_duration,internal_note,google_event_id,google_event_etag,outlook_event_id,outlook_event_change_key,outlook_event_series_id,created_from,created )VALUES( 1185,null,10,0,5,null,null,'2019-06-11 14:00:00','2019-06-11 15:00:00',0,null,null,null,null,null,null,'bookly','2019-06-11 10:59:32' );
INSERT INTO wp_bookly_payments ( id,coupon_id,type,total,tax,paid,paid_type,gateway_price_correction,status,details,created )VALUES( 1185,null,'stripe',0,0,0,'in_full',0.00,'completed','{"items":[{"ca_id":1185,"appointment_date":"2019-06-11 14:00:00","service_name":"Conservatory","service_price":90,"service_tax":"11.70","wait_listed":false,"deposit_format":null,"number_of_persons":1,"units":"1","duration":"3600","staff_name":"Conservatory","extras":[]}],"coupon":null,"subtotal":{"price":1,"deposit":0},"customer":"Strategic Objectives","tax_in_price":"excluded","tax_paid":"0.00","extras_multiply_nop":1}','2019-06-11 10:59:32' );
INSERT INTO wp_bookly_customer_appointments ( id,series_id,package_id,customer_id,appointment_id,payment_id,number_of_persons,units,notes,extras,extras_multiply_nop,extras_consider_duration,custom_fields,status,status_changed_at,token,time_zone,time_zone_offset,rating,rating_comment,locale,collaborative_service_id,collaborative_token,compound_service_id,compound_token,created_from,created )VALUES( 1185,null,null,1167,1185,1185,1,1,'','[]',1,1,'[{"id":43107,"value":"na"},{"id":51989,"value":"Fashion"},{"id":27913,"value":""},{"id":72188,"value":["I agree to <a href="https:\/\/www.mintroom.ca\/Terms_and_Conditions.pdf?v=11122018" target="_blank">Terms and Conditions<\/a>"]},{"id":85555,"value":["I agree there will be no more than 10 guests in the room per booking"]},{"id":27913,"value":" "},{"id":87958,"value":[]},{"id":45932,"value":[]}]','approved',null,null,null,null,null,null,null,null,null,null,null,'frontend','2019-06-11 10:59:32' );
INSERT INTO wp_bookly_appointments ( id,location_id,staff_id,staff_any,service_id,custom_service_name,custom_service_price,start_date,end_date,extras_duration,internal_note,google_event_id,google_event_etag,outlook_event_id,outlook_event_change_key,outlook_event_series_id,created_from,created )VALUES( 1186,null,10,0,5,null,null,'2019-06-11 15:00:00','2019-06-11 16:00:00',0,null,null,null,null,null,null,'bookly','2019-06-11 10:59:32' );
INSERT INTO wp_bookly_payments ( id,coupon_id,type,total,tax,paid,paid_type,gateway_price_correction,status,details,created )VALUES( 1186,null,'stripe',0,0,0,'in_full',0.00,'completed','{"items":[{"ca_id":1186,"appointment_date":"2019-06-11 15:00:00","service_name":"Conservatory","service_price":90,"service_tax":"11.70","wait_listed":false,"deposit_format":null,"number_of_persons":1,"units":"1","duration":"3600","staff_name":"Conservatory","extras":[]}],"coupon":null,"subtotal":{"price":1,"deposit":0},"customer":"Strategic Objectives","tax_in_price":"excluded","tax_paid":"0.00","extras_multiply_nop":1}','2019-06-11 10:59:32' );
INSERT INTO wp_bookly_customer_appointments ( id,series_id,package_id,customer_id,appointment_id,payment_id,number_of_persons,units,notes,extras,extras_multiply_nop,extras_consider_duration,custom_fields,status,status_changed_at,token,time_zone,time_zone_offset,rating,rating_comment,locale,collaborative_service_id,collaborative_token,compound_service_id,compound_token,created_from,created )VALUES( 1186,null,null,1167,1186,1186,1,1,'','[]',1,1,'[{"id":43107,"value":"na"},{"id":51989,"value":"Fashion"},{"id":27913,"value":""},{"id":72188,"value":["I agree to <a href="https:\/\/www.mintroom.ca\/Terms_and_Conditions.pdf?v=11122018" target="_blank">Terms and Conditions<\/a>"]},{"id":85555,"value":["I agree there will be no more than 10 guests in the room per booking"]},{"id":27913,"value":" "},{"id":87958,"value":[]},{"id":45932,"value":[]}]','approved',null,null,null,null,null,null,null,null,null,null,null,'frontend','2019-06-11 10:59:32' );
INSERT INTO wp_bookly_appointments ( id,location_id,staff_id,staff_any,service_id,custom_service_name,custom_service_price,start_date,end_date,extras_duration,internal_note,google_event_id,google_event_etag,outlook_event_id,outlook_event_change_key,outlook_event_series_id,created_from,created )VALUES( 1187,null,10,0,5,null,null,'2019-06-11 16:00:00','2019-06-11 17:00:00',0,null,null,null,null,null,null,'bookly','2019-06-11 10:59:32' );
INSERT INTO wp_bookly_payments ( id,coupon_id,type,total,tax,paid,paid_type,gateway_price_correction,status,details,created )VALUES( 1187,null,'stripe',0,0,0,'in_full',0.00,'completed','{"items":[{"ca_id":1187,"appointment_date":"2019-06-11 16:00:00","service_name":"Conservatory","service_price":90,"service_tax":"11.70","wait_listed":false,"deposit_format":null,"number_of_persons":1,"units":"1","duration":"3600","staff_name":"Conservatory","extras":[]}],"coupon":null,"subtotal":{"price":1,"deposit":0},"customer":"Strategic Objectives","tax_in_price":"excluded","tax_paid":"0.00","extras_multiply_nop":1}','2019-06-11 10:59:32' );
INSERT INTO wp_bookly_customer_appointments ( id,series_id,package_id,customer_id,appointment_id,payment_id,number_of_persons,units,notes,extras,extras_multiply_nop,extras_consider_duration,custom_fields,status,status_changed_at,token,time_zone,time_zone_offset,rating,rating_comment,locale,collaborative_service_id,collaborative_token,compound_service_id,compound_token,created_from,created )VALUES( 1187,null,null,1167,1187,1187,1,1,'','[]',1,1,'[{"id":43107,"value":"na"},{"id":51989,"value":"Fashion"},{"id":27913,"value":""},{"id":72188,"value":["I agree to <a href="https:\/\/www.mintroom.ca\/Terms_and_Conditions.pdf?v=11122018" target="_blank">Terms and Conditions<\/a>"]},{"id":85555,"value":["I agree there will be no more than 10 guests in the room per booking"]},{"id":27913,"value":" "},{"id":87958,"value":[]},{"id":45932,"value":[]}]','approved',null,null,null,null,null,null,null,null,null,null,null,'frontend','2019-06-11 10:59:32' );
INSERT INTO wp_bookly_appointments ( id,location_id,staff_id,staff_any,service_id,custom_service_name,custom_service_price,start_date,end_date,extras_duration,internal_note,google_event_id,google_event_etag,outlook_event_id,outlook_event_change_key,outlook_event_series_id,created_from,created )VALUES( 1188,null,10,0,5,null,null,'2019-06-11 17:00:00','2019-06-11 18:00:00',0,null,null,null,null,null,null,'bookly','2019-06-11 10:59:32' );
INSERT INTO wp_bookly_payments ( id,coupon_id,type,total,tax,paid,paid_type,gateway_price_correction,status,details,created )VALUES( 1188,null,'stripe',0,0,0,'in_full',0.00,'completed','{"items":[{"ca_id":1188,"appointment_date":"2019-06-11 17:00:00","service_name":"Conservatory","service_price":90,"service_tax":"11.70","wait_listed":false,"deposit_format":null,"number_of_persons":1,"units":"1","duration":"3600","staff_name":"Conservatory","extras":[]}],"coupon":null,"subtotal":{"price":1,"deposit":0},"customer":"Strategic Objectives","tax_in_price":"excluded","tax_paid":"0.00","extras_multiply_nop":1}','2019-06-11 10:59:32' );
INSERT INTO wp_bookly_customer_appointments ( id,series_id,package_id,customer_id,appointment_id,payment_id,number_of_persons,units,notes,extras,extras_multiply_nop,extras_consider_duration,custom_fields,status,status_changed_at,token,time_zone,time_zone_offset,rating,rating_comment,locale,collaborative_service_id,collaborative_token,compound_service_id,compound_token,created_from,created )VALUES( 1188,null,null,1167,1188,1188,1,1,'','[]',1,1,'[{"id":43107,"value":"na"},{"id":51989,"value":"Fashion"},{"id":27913,"value":""},{"id":72188,"value":["I agree to <a href="https:\/\/www.mintroom.ca\/Terms_and_Conditions.pdf?v=11122018" target="_blank">Terms and Conditions<\/a>"]},{"id":85555,"value":["I agree there will be no more than 10 guests in the room per booking"]},{"id":27913,"value":" "},{"id":87958,"value":[]},{"id":45932,"value":[]}]','approved',null,null,null,null,null,null,null,null,null,null,null,'frontend','2019-06-11 10:59:32' );
INSERT INTO wp_bookly_appointments ( id,location_id,staff_id,staff_any,service_id,custom_service_name,custom_service_price,start_date,end_date,extras_duration,internal_note,google_event_id,google_event_etag,outlook_event_id,outlook_event_change_key,outlook_event_series_id,created_from,created )VALUES( 1189,null,10,0,5,null,null,'2019-06-11 18:00:00','2019-06-11 19:00:00',0,null,null,null,null,null,null,'bookly','2019-06-11 10:59:32' );
INSERT INTO wp_bookly_payments ( id,coupon_id,type,total,tax,paid,paid_type,gateway_price_correction,status,details,created )VALUES( 1189,null,'stripe',0,0,0,'in_full',0.00,'completed','{"items":[{"ca_id":1189,"appointment_date":"2019-06-11 18:00:00","service_name":"Conservatory","service_price":90,"service_tax":"11.70","wait_listed":false,"deposit_format":null,"number_of_persons":1,"units":"1","duration":"3600","staff_name":"Conservatory","extras":[]}],"coupon":null,"subtotal":{"price":1,"deposit":0},"customer":"Strategic Objectives","tax_in_price":"excluded","tax_paid":"0.00","extras_multiply_nop":1}','2019-06-11 10:59:32' );
INSERT INTO wp_bookly_customer_appointments ( id,series_id,package_id,customer_id,appointment_id,payment_id,number_of_persons,units,notes,extras,extras_multiply_nop,extras_consider_duration,custom_fields,status,status_changed_at,token,time_zone,time_zone_offset,rating,rating_comment,locale,collaborative_service_id,collaborative_token,compound_service_id,compound_token,created_from,created )VALUES( 1189,null,null,1167,1189,1189,1,1,'','[]',1,1,'[{"id":43107,"value":"na"},{"id":51989,"value":"Fashion"},{"id":27913,"value":""},{"id":72188,"value":["I agree to <a href="https:\/\/www.mintroom.ca\/Terms_and_Conditions.pdf?v=11122018" target="_blank">Terms and Conditions<\/a>"]},{"id":85555,"value":["I agree there will be no more than 10 guests in the room per booking"]},{"id":27913,"value":" "},{"id":87958,"value":[]},{"id":45932,"value":[]}]','approved',null,null,null,null,null,null,null,null,null,null,null,'frontend','2019-06-11 10:59:32' );
INSERT INTO wp_bookly_appointments ( id,location_id,staff_id,staff_any,service_id,custom_service_name,custom_service_price,start_date,end_date,extras_duration,internal_note,google_event_id,google_event_etag,outlook_event_id,outlook_event_change_key,outlook_event_series_id,created_from,created )VALUES( 1190,null,10,0,5,null,null,'2019-06-11 19:00:00','2019-06-11 20:00:00',0,null,null,null,null,null,null,'bookly','2019-06-11 10:59:32' );
INSERT INTO wp_bookly_payments ( id,coupon_id,type,total,tax,paid,paid_type,gateway_price_correction,status,details,created )VALUES( 1190,null,'stripe',0,0,0,'in_full',0.00,'completed','{"items":[{"ca_id":1190,"appointment_date":"2019-06-11 19:00:00","service_name":"Conservatory","service_price":90,"service_tax":"11.70","wait_listed":false,"deposit_format":null,"number_of_persons":1,"units":"1","duration":"3600","staff_name":"Conservatory","extras":[]}],"coupon":null,"subtotal":{"price":1,"deposit":0},"customer":"Strategic Objectives","tax_in_price":"excluded","tax_paid":"0.00","extras_multiply_nop":1}','2019-06-11 10:59:32' );
INSERT INTO wp_bookly_customer_appointments ( id,series_id,package_id,customer_id,appointment_id,payment_id,number_of_persons,units,notes,extras,extras_multiply_nop,extras_consider_duration,custom_fields,status,status_changed_at,token,time_zone,time_zone_offset,rating,rating_comment,locale,collaborative_service_id,collaborative_token,compound_service_id,compound_token,created_from,created )VALUES( 1190,null,null,1167,1190,1190,1,1,'','[]',1,1,'[{"id":43107,"value":"na"},{"id":51989,"value":"Fashion"},{"id":27913,"value":""},{"id":72188,"value":["I agree to <a href="https:\/\/www.mintroom.ca\/Terms_and_Conditions.pdf?v=11122018" target="_blank">Terms and Conditions<\/a>"]},{"id":85555,"value":["I agree there will be no more than 10 guests in the room per booking"]},{"id":27913,"value":" "},{"id":87958,"value":[]},{"id":45932,"value":[]}]','approved',null,null,null,null,null,null,null,null,null,null,null,'frontend','2019-06-11 10:59:32' );
INSERT INTO wp_bookly_appointments ( id,location_id,staff_id,staff_any,service_id,custom_service_name,custom_service_price,start_date,end_date,extras_duration,internal_note,google_event_id,google_event_etag,outlook_event_id,outlook_event_change_key,outlook_event_series_id,created_from,created )VALUES( 1191,null,11,0,6,null,null,'2019-06-11 08:00:00','2019-06-11 09:00:00',0,null,null,null,null,null,null,'bookly','2019-06-11 10:59:32' );
INSERT INTO wp_bookly_payments ( id,coupon_id,type,total,tax,paid,paid_type,gateway_price_correction,status,details,created )VALUES( 1191,null,'stripe',0,0,0,'in_full',0.00,'completed','{"items":[{"ca_id":1191,"appointment_date":"2019-06-11 08:00:00","service_name":"Library","service_price":90,"service_tax":"11.70","wait_listed":false,"deposit_format":null,"number_of_persons":1,"units":"1","duration":"3600","staff_name":"Library","extras":[]}],"coupon":null,"subtotal":{"price":1,"deposit":0},"customer":"Strategic Objectives","tax_in_price":"excluded","tax_paid":"0.00","extras_multiply_nop":1}','2019-06-11 10:59:32' );
INSERT INTO wp_bookly_customer_appointments ( id,series_id,package_id,customer_id,appointment_id,payment_id,number_of_persons,units,notes,extras,extras_multiply_nop,extras_consider_duration,custom_fields,status,status_changed_at,token,time_zone,time_zone_offset,rating,rating_comment,locale,collaborative_service_id,collaborative_token,compound_service_id,compound_token,created_from,created )VALUES( 1191,null,null,1167,1191,1191,1,1,'','[]',1,1,'[{"id":43107,"value":"na"},{"id":51989,"value":"Fashion"},{"id":27913,"value":""},{"id":72188,"value":["I agree to <a href="https:\/\/www.mintroom.ca\/Terms_and_Conditions.pdf?v=11122018" target="_blank">Terms and Conditions<\/a>"]},{"id":85555,"value":["I agree there will be no more than 10 guests in the room per booking"]},{"id":27913,"value":" "},{"id":87958,"value":[]},{"id":45932,"value":[]}]','approved',null,null,null,null,null,null,null,null,null,null,null,'frontend','2019-06-11 10:59:32' );
INSERT INTO wp_bookly_appointments ( id,location_id,staff_id,staff_any,service_id,custom_service_name,custom_service_price,start_date,end_date,extras_duration,internal_note,google_event_id,google_event_etag,outlook_event_id,outlook_event_change_key,outlook_event_series_id,created_from,created )VALUES( 1192,null,11,0,6,null,null,'2019-06-11 09:00:00','2019-06-11 10:00:00',0,null,null,null,null,null,null,'bookly','2019-06-11 10:59:32' );
INSERT INTO wp_bookly_payments ( id,coupon_id,type,total,tax,paid,paid_type,gateway_price_correction,status,details,created )VALUES( 1192,null,'stripe',0,0,0,'in_full',0.00,'completed','{"items":[{"ca_id":1192,"appointment_date":"2019-06-11 09:00:00","service_name":"Library","service_price":90,"service_tax":"11.70","wait_listed":false,"deposit_format":null,"number_of_persons":1,"units":"1","duration":"3600","staff_name":"Library","extras":[]}],"coupon":null,"subtotal":{"price":1,"deposit":0},"customer":"Strategic Objectives","tax_in_price":"excluded","tax_paid":"0.00","extras_multiply_nop":1}','2019-06-11 10:59:32' );
INSERT INTO wp_bookly_customer_appointments ( id,series_id,package_id,customer_id,appointment_id,payment_id,number_of_persons,units,notes,extras,extras_multiply_nop,extras_consider_duration,custom_fields,status,status_changed_at,token,time_zone,time_zone_offset,rating,rating_comment,locale,collaborative_service_id,collaborative_token,compound_service_id,compound_token,created_from,created )VALUES( 1192,null,null,1167,1192,1192,1,1,'','[]',1,1,'[{"id":43107,"value":"na"},{"id":51989,"value":"Fashion"},{"id":27913,"value":""},{"id":72188,"value":["I agree to <a href="https:\/\/www.mintroom.ca\/Terms_and_Conditions.pdf?v=11122018" target="_blank">Terms and Conditions<\/a>"]},{"id":85555,"value":["I agree there will be no more than 10 guests in the room per booking"]},{"id":27913,"value":" "},{"id":87958,"value":[]},{"id":45932,"value":[]}]','approved',null,null,null,null,null,null,null,null,null,null,null,'frontend','2019-06-11 10:59:32' );
INSERT INTO wp_bookly_appointments ( id,location_id,staff_id,staff_any,service_id,custom_service_name,custom_service_price,start_date,end_date,extras_duration,internal_note,google_event_id,google_event_etag,outlook_event_id,outlook_event_change_key,outlook_event_series_id,created_from,created )VALUES( 1193,null,11,0,6,null,null,'2019-06-11 10:00:00','2019-06-11 11:00:00',0,null,null,null,null,null,null,'bookly','2019-06-11 10:59:32' );
INSERT INTO wp_bookly_payments ( id,coupon_id,type,total,tax,paid,paid_type,gateway_price_correction,status,details,created )VALUES( 1193,null,'stripe',0,0,0,'in_full',0.00,'completed','{"items":[{"ca_id":1193,"appointment_date":"2019-06-11 10:00:00","service_name":"Library","service_price":90,"service_tax":"11.70","wait_listed":false,"deposit_format":null,"number_of_persons":1,"units":"1","duration":"3600","staff_name":"Library","extras":[]}],"coupon":null,"subtotal":{"price":1,"deposit":0},"customer":"Strategic Objectives","tax_in_price":"excluded","tax_paid":"0.00","extras_multiply_nop":1}','2019-06-11 10:59:32' );
INSERT INTO wp_bookly_customer_appointments ( id,series_id,package_id,customer_id,appointment_id,payment_id,number_of_persons,units,notes,extras,extras_multiply_nop,extras_consider_duration,custom_fields,status,status_changed_at,token,time_zone,time_zone_offset,rating,rating_comment,locale,collaborative_service_id,collaborative_token,compound_service_id,compound_token,created_from,created )VALUES( 1193,null,null,1167,1193,1193,1,1,'','[]',1,1,'[{"id":43107,"value":"na"},{"id":51989,"value":"Fashion"},{"id":27913,"value":""},{"id":72188,"value":["I agree to <a href="https:\/\/www.mintroom.ca\/Terms_and_Conditions.pdf?v=11122018" target="_blank">Terms and Conditions<\/a>"]},{"id":85555,"value":["I agree there will be no more than 10 guests in the room per booking"]},{"id":27913,"value":" "},{"id":87958,"value":[]},{"id":45932,"value":[]}]','approved',null,null,null,null,null,null,null,null,null,null,null,'frontend','2019-06-11 10:59:32' );
INSERT INTO wp_bookly_appointments ( id,location_id,staff_id,staff_any,service_id,custom_service_name,custom_service_price,start_date,end_date,extras_duration,internal_note,google_event_id,google_event_etag,outlook_event_id,outlook_event_change_key,outlook_event_series_id,created_from,created )VALUES( 1194,null,11,0,6,null,null,'2019-06-11 11:00:00','2019-06-11 12:00:00',0,null,null,null,null,null,null,'bookly','2019-06-11 10:59:32' );
INSERT INTO wp_bookly_payments ( id,coupon_id,type,total,tax,paid,paid_type,gateway_price_correction,status,details,created )VALUES( 1194,null,'stripe',0,0,0,'in_full',0.00,'completed','{"items":[{"ca_id":1194,"appointment_date":"2019-06-11 11:00:00","service_name":"Library","service_price":90,"service_tax":"11.70","wait_listed":false,"deposit_format":null,"number_of_persons":1,"units":"1","duration":"3600","staff_name":"Library","extras":[]}],"coupon":null,"subtotal":{"price":1,"deposit":0},"customer":"Strategic Objectives","tax_in_price":"excluded","tax_paid":"0.00","extras_multiply_nop":1}','2019-06-11 10:59:32' );
INSERT INTO wp_bookly_customer_appointments ( id,series_id,package_id,customer_id,appointment_id,payment_id,number_of_persons,units,notes,extras,extras_multiply_nop,extras_consider_duration,custom_fields,status,status_changed_at,token,time_zone,time_zone_offset,rating,rating_comment,locale,collaborative_service_id,collaborative_token,compound_service_id,compound_token,created_from,created )VALUES( 1194,null,null,1167,1194,1194,1,1,'','[]',1,1,'[{"id":43107,"value":"na"},{"id":51989,"value":"Fashion"},{"id":27913,"value":""},{"id":72188,"value":["I agree to <a href="https:\/\/www.mintroom.ca\/Terms_and_Conditions.pdf?v=11122018" target="_blank">Terms and Conditions<\/a>"]},{"id":85555,"value":["I agree there will be no more than 10 guests in the room per booking"]},{"id":27913,"value":" "},{"id":87958,"value":[]},{"id":45932,"value":[]}]','approved',null,null,null,null,null,null,null,null,null,null,null,'frontend','2019-06-11 10:59:32' );
INSERT INTO wp_bookly_appointments ( id,location_id,staff_id,staff_any,service_id,custom_service_name,custom_service_price,start_date,end_date,extras_duration,internal_note,google_event_id,google_event_etag,outlook_event_id,outlook_event_change_key,outlook_event_series_id,created_from,created )VALUES( 1195,null,11,0,6,null,null,'2019-06-11 12:00:00','2019-06-11 13:00:00',0,null,null,null,null,null,null,'bookly','2019-06-11 10:59:32' );
INSERT INTO wp_bookly_payments ( id,coupon_id,type,total,tax,paid,paid_type,gateway_price_correction,status,details,created )VALUES( 1195,null,'stripe',0,0,0,'in_full',0.00,'completed','{"items":[{"ca_id":1195,"appointment_date":"2019-06-11 12:00:00","service_name":"Library","service_price":90,"service_tax":"11.70","wait_listed":false,"deposit_format":null,"number_of_persons":1,"units":"1","duration":"3600","staff_name":"Library","extras":[]}],"coupon":null,"subtotal":{"price":1,"deposit":0},"customer":"Strategic Objectives","tax_in_price":"excluded","tax_paid":"0.00","extras_multiply_nop":1}','2019-06-11 10:59:32' );
INSERT INTO wp_bookly_customer_appointments ( id,series_id,package_id,customer_id,appointment_id,payment_id,number_of_persons,units,notes,extras,extras_multiply_nop,extras_consider_duration,custom_fields,status,status_changed_at,token,time_zone,time_zone_offset,rating,rating_comment,locale,collaborative_service_id,collaborative_token,compound_service_id,compound_token,created_from,created )VALUES( 1195,null,null,1167,1195,1195,1,1,'','[]',1,1,'[{"id":43107,"value":"na"},{"id":51989,"value":"Fashion"},{"id":27913,"value":""},{"id":72188,"value":["I agree to <a href="https:\/\/www.mintroom.ca\/Terms_and_Conditions.pdf?v=11122018" target="_blank">Terms and Conditions<\/a>"]},{"id":85555,"value":["I agree there will be no more than 10 guests in the room per booking"]},{"id":27913,"value":" "},{"id":87958,"value":[]},{"id":45932,"value":[]}]','approved',null,null,null,null,null,null,null,null,null,null,null,'frontend','2019-06-11 10:59:32' );
INSERT INTO wp_bookly_appointments ( id,location_id,staff_id,staff_any,service_id,custom_service_name,custom_service_price,start_date,end_date,extras_duration,internal_note,google_event_id,google_event_etag,outlook_event_id,outlook_event_change_key,outlook_event_series_id,created_from,created )VALUES( 1196,null,11,0,6,null,null,'2019-06-11 13:00:00','2019-06-11 14:00:00',0,null,null,null,null,null,null,'bookly','2019-06-11 10:59:32' );
INSERT INTO wp_bookly_payments ( id,coupon_id,type,total,tax,paid,paid_type,gateway_price_correction,status,details,created )VALUES( 1196,null,'stripe',0,0,0,'in_full',0.00,'completed','{"items":[{"ca_id":1196,"appointment_date":"2019-06-11 13:00:00","service_name":"Library","service_price":90,"service_tax":"11.70","wait_listed":false,"deposit_format":null,"number_of_persons":1,"units":"1","duration":"3600","staff_name":"Library","extras":[]}],"coupon":null,"subtotal":{"price":1,"deposit":0},"customer":"Strategic Objectives","tax_in_price":"excluded","tax_paid":"0.00","extras_multiply_nop":1}','2019-06-11 10:59:32' );
INSERT INTO wp_bookly_customer_appointments ( id,series_id,package_id,customer_id,appointment_id,payment_id,number_of_persons,units,notes,extras,extras_multiply_nop,extras_consider_duration,custom_fields,status,status_changed_at,token,time_zone,time_zone_offset,rating,rating_comment,locale,collaborative_service_id,collaborative_token,compound_service_id,compound_token,created_from,created )VALUES( 1196,null,null,1167,1196,1196,1,1,'','[]',1,1,'[{"id":43107,"value":"na"},{"id":51989,"value":"Fashion"},{"id":27913,"value":""},{"id":72188,"value":["I agree to <a href="https:\/\/www.mintroom.ca\/Terms_and_Conditions.pdf?v=11122018" target="_blank">Terms and Conditions<\/a>"]},{"id":85555,"value":["I agree there will be no more than 10 guests in the room per booking"]},{"id":27913,"value":" "},{"id":87958,"value":[]},{"id":45932,"value":[]}]','approved',null,null,null,null,null,null,null,null,null,null,null,'frontend','2019-06-11 10:59:32' );
INSERT INTO wp_bookly_appointments ( id,location_id,staff_id,staff_any,service_id,custom_service_name,custom_service_price,start_date,end_date,extras_duration,internal_note,google_event_id,google_event_etag,outlook_event_id,outlook_event_change_key,outlook_event_series_id,created_from,created )VALUES( 1197,null,11,0,6,null,null,'2019-06-11 14:00:00','2019-06-11 15:00:00',0,null,null,null,null,null,null,'bookly','2019-06-11 10:59:32' );
INSERT INTO wp_bookly_payments ( id,coupon_id,type,total,tax,paid,paid_type,gateway_price_correction,status,details,created )VALUES( 1197,null,'stripe',0,0,0,'in_full',0.00,'completed','{"items":[{"ca_id":1197,"appointment_date":"2019-06-11 14:00:00","service_name":"Library","service_price":90,"service_tax":"11.70","wait_listed":false,"deposit_format":null,"number_of_persons":1,"units":"1","duration":"3600","staff_name":"Library","extras":[]}],"coupon":null,"subtotal":{"price":1,"deposit":0},"customer":"Strategic Objectives","tax_in_price":"excluded","tax_paid":"0.00","extras_multiply_nop":1}','2019-06-11 10:59:32' );
INSERT INTO wp_bookly_customer_appointments ( id,series_id,package_id,customer_id,appointment_id,payment_id,number_of_persons,units,notes,extras,extras_multiply_nop,extras_consider_duration,custom_fields,status,status_changed_at,token,time_zone,time_zone_offset,rating,rating_comment,locale,collaborative_service_id,collaborative_token,compound_service_id,compound_token,created_from,created )VALUES( 1197,null,null,1167,1197,1197,1,1,'','[]',1,1,'[{"id":43107,"value":"na"},{"id":51989,"value":"Fashion"},{"id":27913,"value":""},{"id":72188,"value":["I agree to <a href="https:\/\/www.mintroom.ca\/Terms_and_Conditions.pdf?v=11122018" target="_blank">Terms and Conditions<\/a>"]},{"id":85555,"value":["I agree there will be no more than 10 guests in the room per booking"]},{"id":27913,"value":" "},{"id":87958,"value":[]},{"id":45932,"value":[]}]','approved',null,null,null,null,null,null,null,null,null,null,null,'frontend','2019-06-11 10:59:32' );
INSERT INTO wp_bookly_appointments ( id,location_id,staff_id,staff_any,service_id,custom_service_name,custom_service_price,start_date,end_date,extras_duration,internal_note,google_event_id,google_event_etag,outlook_event_id,outlook_event_change_key,outlook_event_series_id,created_from,created )VALUES( 1198,null,11,0,6,null,null,'2019-06-11 15:00:00','2019-06-11 16:00:00',0,null,null,null,null,null,null,'bookly','2019-06-11 10:59:32' );
INSERT INTO wp_bookly_payments ( id,coupon_id,type,total,tax,paid,paid_type,gateway_price_correction,status,details,created )VALUES( 1198,null,'stripe',0,0,0,'in_full',0.00,'completed','{"items":[{"ca_id":1198,"appointment_date":"2019-06-11 15:00:00","service_name":"Library","service_price":90,"service_tax":"11.70","wait_listed":false,"deposit_format":null,"number_of_persons":1,"units":"1","duration":"3600","staff_name":"Library","extras":[]}],"coupon":null,"subtotal":{"price":1,"deposit":0},"customer":"Strategic Objectives","tax_in_price":"excluded","tax_paid":"0.00","extras_multiply_nop":1}','2019-06-11 10:59:32' );
INSERT INTO wp_bookly_customer_appointments ( id,series_id,package_id,customer_id,appointment_id,payment_id,number_of_persons,units,notes,extras,extras_multiply_nop,extras_consider_duration,custom_fields,status,status_changed_at,token,time_zone,time_zone_offset,rating,rating_comment,locale,collaborative_service_id,collaborative_token,compound_service_id,compound_token,created_from,created )VALUES( 1198,null,null,1167,1198,1198,1,1,'','[]',1,1,'[{"id":43107,"value":"na"},{"id":51989,"value":"Fashion"},{"id":27913,"value":""},{"id":72188,"value":["I agree to <a href="https:\/\/www.mintroom.ca\/Terms_and_Conditions.pdf?v=11122018" target="_blank">Terms and Conditions<\/a>"]},{"id":85555,"value":["I agree there will be no more than 10 guests in the room per booking"]},{"id":27913,"value":" "},{"id":87958,"value":[]},{"id":45932,"value":[]}]','approved',null,null,null,null,null,null,null,null,null,null,null,'frontend','2019-06-11 10:59:32' );
INSERT INTO wp_bookly_appointments ( id,location_id,staff_id,staff_any,service_id,custom_service_name,custom_service_price,start_date,end_date,extras_duration,internal_note,google_event_id,google_event_etag,outlook_event_id,outlook_event_change_key,outlook_event_series_id,created_from,created )VALUES( 1199,null,11,0,6,null,null,'2019-06-11 16:00:00','2019-06-11 17:00:00',0,null,null,null,null,null,null,'bookly','2019-06-11 10:59:32' );
INSERT INTO wp_bookly_payments ( id,coupon_id,type,total,tax,paid,paid_type,gateway_price_correction,status,details,created )VALUES( 1199,null,'stripe',0,0,0,'in_full',0.00,'completed','{"items":[{"ca_id":1199,"appointment_date":"2019-06-11 16:00:00","service_name":"Library","service_price":90,"service_tax":"11.70","wait_listed":false,"deposit_format":null,"number_of_persons":1,"units":"1","duration":"3600","staff_name":"Library","extras":[]}],"coupon":null,"subtotal":{"price":1,"deposit":0},"customer":"Strategic Objectives","tax_in_price":"excluded","tax_paid":"0.00","extras_multiply_nop":1}','2019-06-11 10:59:32' );
INSERT INTO wp_bookly_customer_appointments ( id,series_id,package_id,customer_id,appointment_id,payment_id,number_of_persons,units,notes,extras,extras_multiply_nop,extras_consider_duration,custom_fields,status,status_changed_at,token,time_zone,time_zone_offset,rating,rating_comment,locale,collaborative_service_id,collaborative_token,compound_service_id,compound_token,created_from,created )VALUES( 1199,null,null,1167,1199,1199,1,1,'','[]',1,1,'[{"id":43107,"value":"na"},{"id":51989,"value":"Fashion"},{"id":27913,"value":""},{"id":72188,"value":["I agree to <a href="https:\/\/www.mintroom.ca\/Terms_and_Conditions.pdf?v=11122018" target="_blank">Terms and Conditions<\/a>"]},{"id":85555,"value":["I agree there will be no more than 10 guests in the room per booking"]},{"id":27913,"value":" "},{"id":87958,"value":[]},{"id":45932,"value":[]}]','approved',null,null,null,null,null,null,null,null,null,null,null,'frontend','2019-06-11 10:59:32' );
INSERT INTO wp_bookly_appointments ( id,location_id,staff_id,staff_any,service_id,custom_service_name,custom_service_price,start_date,end_date,extras_duration,internal_note,google_event_id,google_event_etag,outlook_event_id,outlook_event_change_key,outlook_event_series_id,created_from,created )VALUES( 1200,null,11,0,6,null,null,'2019-06-11 17:00:00','2019-06-11 18:00:00',0,null,null,null,null,null,null,'bookly','2019-06-11 10:59:32' );
INSERT INTO wp_bookly_payments ( id,coupon_id,type,total,tax,paid,paid_type,gateway_price_correction,status,details,created )VALUES( 1200,null,'stripe',0,0,0,'in_full',0.00,'completed','{"items":[{"ca_id":1200,"appointment_date":"2019-06-11 17:00:00","service_name":"Library","service_price":90,"service_tax":"11.70","wait_listed":false,"deposit_format":null,"number_of_persons":1,"units":"1","duration":"3600","staff_name":"Library","extras":[]}],"coupon":null,"subtotal":{"price":1,"deposit":0},"customer":"Strategic Objectives","tax_in_price":"excluded","tax_paid":"0.00","extras_multiply_nop":1}','2019-06-11 10:59:32' );
INSERT INTO wp_bookly_customer_appointments ( id,series_id,package_id,customer_id,appointment_id,payment_id,number_of_persons,units,notes,extras,extras_multiply_nop,extras_consider_duration,custom_fields,status,status_changed_at,token,time_zone,time_zone_offset,rating,rating_comment,locale,collaborative_service_id,collaborative_token,compound_service_id,compound_token,created_from,created )VALUES( 1200,null,null,1167,1200,1200,1,1,'','[]',1,1,'[{"id":43107,"value":"na"},{"id":51989,"value":"Fashion"},{"id":27913,"value":""},{"id":72188,"value":["I agree to <a href="https:\/\/www.mintroom.ca\/Terms_and_Conditions.pdf?v=11122018" target="_blank">Terms and Conditions<\/a>"]},{"id":85555,"value":["I agree there will be no more than 10 guests in the room per booking"]},{"id":27913,"value":" "},{"id":87958,"value":[]},{"id":45932,"value":[]}]','approved',null,null,null,null,null,null,null,null,null,null,null,'frontend','2019-06-11 10:59:32' );
INSERT INTO wp_bookly_appointments ( id,location_id,staff_id,staff_any,service_id,custom_service_name,custom_service_price,start_date,end_date,extras_duration,internal_note,google_event_id,google_event_etag,outlook_event_id,outlook_event_change_key,outlook_event_series_id,created_from,created )VALUES( 1201,null,11,0,6,null,null,'2019-06-11 18:00:00','2019-06-11 19:00:00',0,null,null,null,null,null,null,'bookly','2019-06-11 10:59:32' );
INSERT INTO wp_bookly_payments ( id,coupon_id,type,total,tax,paid,paid_type,gateway_price_correction,status,details,created )VALUES( 1201,null,'stripe',0,0,0,'in_full',0.00,'completed','{"items":[{"ca_id":1201,"appointment_date":"2019-06-11 18:00:00","service_name":"Library","service_price":90,"service_tax":"11.70","wait_listed":false,"deposit_format":null,"number_of_persons":1,"units":"1","duration":"3600","staff_name":"Library","extras":[]}],"coupon":null,"subtotal":{"price":1,"deposit":0},"customer":"Strategic Objectives","tax_in_price":"excluded","tax_paid":"0.00","extras_multiply_nop":1}','2019-06-11 10:59:32' );
INSERT INTO wp_bookly_customer_appointments ( id,series_id,package_id,customer_id,appointment_id,payment_id,number_of_persons,units,notes,extras,extras_multiply_nop,extras_consider_duration,custom_fields,status,status_changed_at,token,time_zone,time_zone_offset,rating,rating_comment,locale,collaborative_service_id,collaborative_token,compound_service_id,compound_token,created_from,created )VALUES( 1201,null,null,1167,1201,1201,1,1,'','[]',1,1,'[{"id":43107,"value":"na"},{"id":51989,"value":"Fashion"},{"id":27913,"value":""},{"id":72188,"value":["I agree to <a href="https:\/\/www.mintroom.ca\/Terms_and_Conditions.pdf?v=11122018" target="_blank">Terms and Conditions<\/a>"]},{"id":85555,"value":["I agree there will be no more than 10 guests in the room per booking"]},{"id":27913,"value":" "},{"id":87958,"value":[]},{"id":45932,"value":[]}]','approved',null,null,null,null,null,null,null,null,null,null,null,'frontend','2019-06-11 10:59:32' );
INSERT INTO wp_bookly_appointments ( id,location_id,staff_id,staff_any,service_id,custom_service_name,custom_service_price,start_date,end_date,extras_duration,internal_note,google_event_id,google_event_etag,outlook_event_id,outlook_event_change_key,outlook_event_series_id,created_from,created )VALUES( 1202,null,11,0,6,null,null,'2019-06-11 19:00:00','2019-06-11 20:00:00',0,null,null,null,null,null,null,'bookly','2019-06-11 10:59:32' );
INSERT INTO wp_bookly_payments ( id,coupon_id,type,total,tax,paid,paid_type,gateway_price_correction,status,details,created )VALUES( 1202,null,'stripe',0,0,0,'in_full',0.00,'completed','{"items":[{"ca_id":1202,"appointment_date":"2019-06-11 19:00:00","service_name":"Library","service_price":90,"service_tax":"11.70","wait_listed":false,"deposit_format":null,"number_of_persons":1,"units":"1","duration":"3600","staff_name":"Library","extras":[]}],"coupon":null,"subtotal":{"price":1,"deposit":0},"customer":"Strategic Objectives","tax_in_price":"excluded","tax_paid":"0.00","extras_multiply_nop":1}','2019-06-11 10:59:32' );
INSERT INTO wp_bookly_customer_appointments ( id,series_id,package_id,customer_id,appointment_id,payment_id,number_of_persons,units,notes,extras,extras_multiply_nop,extras_consider_duration,custom_fields,status,status_changed_at,token,time_zone,time_zone_offset,rating,rating_comment,locale,collaborative_service_id,collaborative_token,compound_service_id,compound_token,created_from,created )VALUES( 1202,null,null,1167,1202,1202,1,1,'','[]',1,1,'[{"id":43107,"value":"na"},{"id":51989,"value":"Fashion"},{"id":27913,"value":""},{"id":72188,"value":["I agree to <a href="https:\/\/www.mintroom.ca\/Terms_and_Conditions.pdf?v=11122018" target="_blank">Terms and Conditions<\/a>"]},{"id":85555,"value":["I agree there will be no more than 10 guests in the room per booking"]},{"id":27913,"value":" "},{"id":87958,"value":[]},{"id":45932,"value":[]}]','approved',null,null,null,null,null,null,null,null,null,null,null,'frontend','2019-06-11 10:59:32' );
INSERT INTO wp_bookly_appointments ( id,location_id,staff_id,staff_any,service_id,custom_service_name,custom_service_price,start_date,end_date,extras_duration,internal_note,google_event_id,google_event_etag,outlook_event_id,outlook_event_change_key,outlook_event_series_id,created_from,created )VALUES( 1203,null,12,0,7,null,null,'2019-06-11 08:00:00','2019-06-11 09:00:00',0,null,null,null,null,null,null,'bookly','2019-06-11 10:59:32' );
INSERT INTO wp_bookly_payments ( id,coupon_id,type,total,tax,paid,paid_type,gateway_price_correction,status,details,created )VALUES( 1203,null,'stripe',0,0,0,'in_full',0.00,'completed','{"items":[{"ca_id":1203,"appointment_date":"2019-06-11 08:00:00","service_name":"Lounge","service_price":55,"service_tax":"7.15","wait_listed":false,"deposit_format":null,"number_of_persons":1,"units":"1","duration":"3600","staff_name":"Lounge","extras":[]}],"coupon":null,"subtotal":{"price":660,"deposit":0},"customer":"Strategic Objectives","tax_in_price":"excluded","tax_paid":"0.00","extras_multiply_nop":1}','2019-06-11 10:59:32' );
INSERT INTO wp_bookly_customer_appointments ( id,series_id,package_id,customer_id,appointment_id,payment_id,number_of_persons,units,notes,extras,extras_multiply_nop,extras_consider_duration,custom_fields,status,status_changed_at,token,time_zone,time_zone_offset,rating,rating_comment,locale,collaborative_service_id,collaborative_token,compound_service_id,compound_token,created_from,created )VALUES( 1203,null,null,1167,1203,1203,1,1,'','[]',1,1,'[{"id":43107,"value":"na"},{"id":51989,"value":"Fashion"},{"id":27913,"value":""},{"id":72188,"value":["I agree to <a href="https:\/\/www.mintroom.ca\/Terms_and_Conditions.pdf?v=11122018" target="_blank">Terms and Conditions<\/a>"]},{"id":85555,"value":["I agree there will be no more than 10 guests in the room per booking"]},{"id":27913,"value":" "},{"id":87958,"value":[]},{"id":45932,"value":[]}]','approved',null,null,null,null,null,null,null,null,null,null,null,'frontend','2019-06-11 10:59:32' );
INSERT INTO wp_bookly_appointments ( id,location_id,staff_id,staff_any,service_id,custom_service_name,custom_service_price,start_date,end_date,extras_duration,internal_note,google_event_id,google_event_etag,outlook_event_id,outlook_event_change_key,outlook_event_series_id,created_from,created )VALUES( 1204,null,12,0,7,null,null,'2019-06-11 09:00:00','2019-06-11 10:00:00',0,null,null,null,null,null,null,'bookly','2019-06-11 10:59:32' );
INSERT INTO wp_bookly_payments ( id,coupon_id,type,total,tax,paid,paid_type,gateway_price_correction,status,details,created )VALUES( 1204,null,'stripe',0,0,0,'in_full',0.00,'completed','{"items":[{"ca_id":1204,"appointment_date":"2019-06-11 09:00:00","service_name":"Lounge","service_price":55,"service_tax":"7.15","wait_listed":false,"deposit_format":null,"number_of_persons":1,"units":"1","duration":"3600","staff_name":"Lounge","extras":[]}],"coupon":null,"subtotal":{"price":660,"deposit":0},"customer":"Strategic Objectives","tax_in_price":"excluded","tax_paid":"0.00","extras_multiply_nop":1}','2019-06-11 10:59:32' );
INSERT INTO wp_bookly_customer_appointments ( id,series_id,package_id,customer_id,appointment_id,payment_id,number_of_persons,units,notes,extras,extras_multiply_nop,extras_consider_duration,custom_fields,status,status_changed_at,token,time_zone,time_zone_offset,rating,rating_comment,locale,collaborative_service_id,collaborative_token,compound_service_id,compound_token,created_from,created )VALUES( 1204,null,null,1167,1204,1204,1,1,'','[]',1,1,'[{"id":43107,"value":"na"},{"id":51989,"value":"Fashion"},{"id":27913,"value":""},{"id":72188,"value":["I agree to <a href="https:\/\/www.mintroom.ca\/Terms_and_Conditions.pdf?v=11122018" target="_blank">Terms and Conditions<\/a>"]},{"id":85555,"value":["I agree there will be no more than 10 guests in the room per booking"]},{"id":27913,"value":" "},{"id":87958,"value":[]},{"id":45932,"value":[]}]','approved',null,null,null,null,null,null,null,null,null,null,null,'frontend','2019-06-11 10:59:32' );
INSERT INTO wp_bookly_appointments ( id,location_id,staff_id,staff_any,service_id,custom_service_name,custom_service_price,start_date,end_date,extras_duration,internal_note,google_event_id,google_event_etag,outlook_event_id,outlook_event_change_key,outlook_event_series_id,created_from,created )VALUES( 1205,null,12,0,7,null,null,'2019-06-11 10:00:00','2019-06-11 11:00:00',0,null,null,null,null,null,null,'bookly','2019-06-11 10:59:32' );
INSERT INTO wp_bookly_payments ( id,coupon_id,type,total,tax,paid,paid_type,gateway_price_correction,status,details,created )VALUES( 1205,null,'stripe',0,0,0,'in_full',0.00,'completed','{"items":[{"ca_id":1205,"appointment_date":"2019-06-11 10:00:00","service_name":"Lounge","service_price":55,"service_tax":"7.15","wait_listed":false,"deposit_format":null,"number_of_persons":1,"units":"1","duration":"3600","staff_name":"Lounge","extras":[]}],"coupon":null,"subtotal":{"price":660,"deposit":0},"customer":"Strategic Objectives","tax_in_price":"excluded","tax_paid":"0.00","extras_multiply_nop":1}','2019-06-11 10:59:32' );
INSERT INTO wp_bookly_customer_appointments ( id,series_id,package_id,customer_id,appointment_id,payment_id,number_of_persons,units,notes,extras,extras_multiply_nop,extras_consider_duration,custom_fields,status,status_changed_at,token,time_zone,time_zone_offset,rating,rating_comment,locale,collaborative_service_id,collaborative_token,compound_service_id,compound_token,created_from,created )VALUES( 1205,null,null,1167,1205,1205,1,1,'','[]',1,1,'[{"id":43107,"value":"na"},{"id":51989,"value":"Fashion"},{"id":27913,"value":""},{"id":72188,"value":["I agree to <a href="https:\/\/www.mintroom.ca\/Terms_and_Conditions.pdf?v=11122018" target="_blank">Terms and Conditions<\/a>"]},{"id":85555,"value":["I agree there will be no more than 10 guests in the room per booking"]},{"id":27913,"value":" "},{"id":87958,"value":[]},{"id":45932,"value":[]}]','approved',null,null,null,null,null,null,null,null,null,null,null,'frontend','2019-06-11 10:59:32' );
INSERT INTO wp_bookly_appointments ( id,location_id,staff_id,staff_any,service_id,custom_service_name,custom_service_price,start_date,end_date,extras_duration,internal_note,google_event_id,google_event_etag,outlook_event_id,outlook_event_change_key,outlook_event_series_id,created_from,created )VALUES( 1206,null,12,0,7,null,null,'2019-06-11 11:00:00','2019-06-11 12:00:00',0,null,null,null,null,null,null,'bookly','2019-06-11 10:59:32' );
INSERT INTO wp_bookly_payments ( id,coupon_id,type,total,tax,paid,paid_type,gateway_price_correction,status,details,created )VALUES( 1206,null,'stripe',0,0,0,'in_full',0.00,'completed','{"items":[{"ca_id":1206,"appointment_date":"2019-06-11 11:00:00","service_name":"Lounge","service_price":55,"service_tax":"7.15","wait_listed":false,"deposit_format":null,"number_of_persons":1,"units":"1","duration":"3600","staff_name":"Lounge","extras":[]}],"coupon":null,"subtotal":{"price":660,"deposit":0},"customer":"Strategic Objectives","tax_in_price":"excluded","tax_paid":"0.00","extras_multiply_nop":1}','2019-06-11 10:59:32' );
INSERT INTO wp_bookly_customer_appointments ( id,series_id,package_id,customer_id,appointment_id,payment_id,number_of_persons,units,notes,extras,extras_multiply_nop,extras_consider_duration,custom_fields,status,status_changed_at,token,time_zone,time_zone_offset,rating,rating_comment,locale,collaborative_service_id,collaborative_token,compound_service_id,compound_token,created_from,created )VALUES( 1206,null,null,1167,1206,1206,1,1,'','[]',1,1,'[{"id":43107,"value":"na"},{"id":51989,"value":"Fashion"},{"id":27913,"value":""},{"id":72188,"value":["I agree to <a href="https:\/\/www.mintroom.ca\/Terms_and_Conditions.pdf?v=11122018" target="_blank">Terms and Conditions<\/a>"]},{"id":85555,"value":["I agree there will be no more than 10 guests in the room per booking"]},{"id":27913,"value":" "},{"id":87958,"value":[]},{"id":45932,"value":[]}]','approved',null,null,null,null,null,null,null,null,null,null,null,'frontend','2019-06-11 10:59:32' );
INSERT INTO wp_bookly_appointments ( id,location_id,staff_id,staff_any,service_id,custom_service_name,custom_service_price,start_date,end_date,extras_duration,internal_note,google_event_id,google_event_etag,outlook_event_id,outlook_event_change_key,outlook_event_series_id,created_from,created )VALUES( 1207,null,12,0,7,null,null,'2019-06-11 12:00:00','2019-06-11 13:00:00',0,null,null,null,null,null,null,'bookly','2019-06-11 10:59:32' );
INSERT INTO wp_bookly_payments ( id,coupon_id,type,total,tax,paid,paid_type,gateway_price_correction,status,details,created )VALUES( 1207,null,'stripe',0,0,0,'in_full',0.00,'completed','{"items":[{"ca_id":1207,"appointment_date":"2019-06-11 12:00:00","service_name":"Lounge","service_price":55,"service_tax":"7.15","wait_listed":false,"deposit_format":null,"number_of_persons":1,"units":"1","duration":"3600","staff_name":"Lounge","extras":[]}],"coupon":null,"subtotal":{"price":660,"deposit":0},"customer":"Strategic Objectives","tax_in_price":"excluded","tax_paid":"0.00","extras_multiply_nop":1}','2019-06-11 10:59:32' );
INSERT INTO wp_bookly_customer_appointments ( id,series_id,package_id,customer_id,appointment_id,payment_id,number_of_persons,units,notes,extras,extras_multiply_nop,extras_consider_duration,custom_fields,status,status_changed_at,token,time_zone,time_zone_offset,rating,rating_comment,locale,collaborative_service_id,collaborative_token,compound_service_id,compound_token,created_from,created )VALUES( 1207,null,null,1167,1207,1207,1,1,'','[]',1,1,'[{"id":43107,"value":"na"},{"id":51989,"value":"Fashion"},{"id":27913,"value":""},{"id":72188,"value":["I agree to <a href="https:\/\/www.mintroom.ca\/Terms_and_Conditions.pdf?v=11122018" target="_blank">Terms and Conditions<\/a>"]},{"id":85555,"value":["I agree there will be no more than 10 guests in the room per booking"]},{"id":27913,"value":" "},{"id":87958,"value":[]},{"id":45932,"value":[]}]','approved',null,null,null,null,null,null,null,null,null,null,null,'frontend','2019-06-11 10:59:32' );
INSERT INTO wp_bookly_appointments ( id,location_id,staff_id,staff_any,service_id,custom_service_name,custom_service_price,start_date,end_date,extras_duration,internal_note,google_event_id,google_event_etag,outlook_event_id,outlook_event_change_key,outlook_event_series_id,created_from,created )VALUES( 1208,null,12,0,7,null,null,'2019-06-11 13:00:00','2019-06-11 14:00:00',0,null,null,null,null,null,null,'bookly','2019-06-11 10:59:32' );
INSERT INTO wp_bookly_payments ( id,coupon_id,type,total,tax,paid,paid_type,gateway_price_correction,status,details,created )VALUES( 1208,null,'stripe',0,0,0,'in_full',0.00,'completed','{"items":[{"ca_id":1208,"appointment_date":"2019-06-11 13:00:00","service_name":"Lounge","service_price":55,"service_tax":"7.15","wait_listed":false,"deposit_format":null,"number_of_persons":1,"units":"1","duration":"3600","staff_name":"Lounge","extras":[]}],"coupon":null,"subtotal":{"price":660,"deposit":0},"customer":"Strategic Objectives","tax_in_price":"excluded","tax_paid":"0.00","extras_multiply_nop":1}','2019-06-11 10:59:32' );
INSERT INTO wp_bookly_customer_appointments ( id,series_id,package_id,customer_id,appointment_id,payment_id,number_of_persons,units,notes,extras,extras_multiply_nop,extras_consider_duration,custom_fields,status,status_changed_at,token,time_zone,time_zone_offset,rating,rating_comment,locale,collaborative_service_id,collaborative_token,compound_service_id,compound_token,created_from,created )VALUES( 1208,null,null,1167,1208,1208,1,1,'','[]',1,1,'[{"id":43107,"value":"na"},{"id":51989,"value":"Fashion"},{"id":27913,"value":""},{"id":72188,"value":["I agree to <a href="https:\/\/www.mintroom.ca\/Terms_and_Conditions.pdf?v=11122018" target="_blank">Terms and Conditions<\/a>"]},{"id":85555,"value":["I agree there will be no more than 10 guests in the room per booking"]},{"id":27913,"value":" "},{"id":87958,"value":[]},{"id":45932,"value":[]}]','approved',null,null,null,null,null,null,null,null,null,null,null,'frontend','2019-06-11 10:59:32' );
INSERT INTO wp_bookly_appointments ( id,location_id,staff_id,staff_any,service_id,custom_service_name,custom_service_price,start_date,end_date,extras_duration,internal_note,google_event_id,google_event_etag,outlook_event_id,outlook_event_change_key,outlook_event_series_id,created_from,created )VALUES( 1209,null,12,0,7,null,null,'2019-06-11 14:00:00','2019-06-11 15:00:00',0,null,null,null,null,null,null,'bookly','2019-06-11 10:59:32' );
INSERT INTO wp_bookly_payments ( id,coupon_id,type,total,tax,paid,paid_type,gateway_price_correction,status,details,created )VALUES( 1209,null,'stripe',0,0,0,'in_full',0.00,'completed','{"items":[{"ca_id":1209,"appointment_date":"2019-06-11 14:00:00","service_name":"Lounge","service_price":55,"service_tax":"7.15","wait_listed":false,"deposit_format":null,"number_of_persons":1,"units":"1","duration":"3600","staff_name":"Lounge","extras":[]}],"coupon":null,"subtotal":{"price":660,"deposit":0},"customer":"Strategic Objectives","tax_in_price":"excluded","tax_paid":"0.00","extras_multiply_nop":1}','2019-06-11 10:59:32' );
INSERT INTO wp_bookly_customer_appointments ( id,series_id,package_id,customer_id,appointment_id,payment_id,number_of_persons,units,notes,extras,extras_multiply_nop,extras_consider_duration,custom_fields,status,status_changed_at,token,time_zone,time_zone_offset,rating,rating_comment,locale,collaborative_service_id,collaborative_token,compound_service_id,compound_token,created_from,created )VALUES( 1209,null,null,1167,1209,1209,1,1,'','[]',1,1,'[{"id":43107,"value":"na"},{"id":51989,"value":"Fashion"},{"id":27913,"value":""},{"id":72188,"value":["I agree to <a href="https:\/\/www.mintroom.ca\/Terms_and_Conditions.pdf?v=11122018" target="_blank">Terms and Conditions<\/a>"]},{"id":85555,"value":["I agree there will be no more than 10 guests in the room per booking"]},{"id":27913,"value":" "},{"id":87958,"value":[]},{"id":45932,"value":[]}]','approved',null,null,null,null,null,null,null,null,null,null,null,'frontend','2019-06-11 10:59:32' );
INSERT INTO wp_bookly_appointments ( id,location_id,staff_id,staff_any,service_id,custom_service_name,custom_service_price,start_date,end_date,extras_duration,internal_note,google_event_id,google_event_etag,outlook_event_id,outlook_event_change_key,outlook_event_series_id,created_from,created )VALUES( 1210,null,12,0,7,null,null,'2019-06-11 15:00:00','2019-06-11 16:00:00',0,null,null,null,null,null,null,'bookly','2019-06-11 10:59:32' );
INSERT INTO wp_bookly_payments ( id,coupon_id,type,total,tax,paid,paid_type,gateway_price_correction,status,details,created )VALUES( 1210,null,'stripe',0,0,0,'in_full',0.00,'completed','{"items":[{"ca_id":1210,"appointment_date":"2019-06-11 15:00:00","service_name":"Lounge","service_price":55,"service_tax":"7.15","wait_listed":false,"deposit_format":null,"number_of_persons":1,"units":"1","duration":"3600","staff_name":"Lounge","extras":[]}],"coupon":null,"subtotal":{"price":660,"deposit":0},"customer":"Strategic Objectives","tax_in_price":"excluded","tax_paid":"0.00","extras_multiply_nop":1}','2019-06-11 10:59:32' );
INSERT INTO wp_bookly_customer_appointments ( id,series_id,package_id,customer_id,appointment_id,payment_id,number_of_persons,units,notes,extras,extras_multiply_nop,extras_consider_duration,custom_fields,status,status_changed_at,token,time_zone,time_zone_offset,rating,rating_comment,locale,collaborative_service_id,collaborative_token,compound_service_id,compound_token,created_from,created )VALUES( 1210,null,null,1167,1210,1210,1,1,'','[]',1,1,'[{"id":43107,"value":"na"},{"id":51989,"value":"Fashion"},{"id":27913,"value":""},{"id":72188,"value":["I agree to <a href="https:\/\/www.mintroom.ca\/Terms_and_Conditions.pdf?v=11122018" target="_blank">Terms and Conditions<\/a>"]},{"id":85555,"value":["I agree there will be no more than 10 guests in the room per booking"]},{"id":27913,"value":" "},{"id":87958,"value":[]},{"id":45932,"value":[]}]','approved',null,null,null,null,null,null,null,null,null,null,null,'frontend','2019-06-11 10:59:32' );
INSERT INTO wp_bookly_appointments ( id,location_id,staff_id,staff_any,service_id,custom_service_name,custom_service_price,start_date,end_date,extras_duration,internal_note,google_event_id,google_event_etag,outlook_event_id,outlook_event_change_key,outlook_event_series_id,created_from,created )VALUES( 1211,null,12,0,7,null,null,'2019-06-11 16:00:00','2019-06-11 17:00:00',0,null,null,null,null,null,null,'bookly','2019-06-11 10:59:32' );
INSERT INTO wp_bookly_payments ( id,coupon_id,type,total,tax,paid,paid_type,gateway_price_correction,status,details,created )VALUES( 1211,null,'stripe',0,0,0,'in_full',0.00,'completed','{"items":[{"ca_id":1211,"appointment_date":"2019-06-11 16:00:00","service_name":"Lounge","service_price":55,"service_tax":"7.15","wait_listed":false,"deposit_format":null,"number_of_persons":1,"units":"1","duration":"3600","staff_name":"Lounge","extras":[]}],"coupon":null,"subtotal":{"price":660,"deposit":0},"customer":"Strategic Objectives","tax_in_price":"excluded","tax_paid":"0.00","extras_multiply_nop":1}','2019-06-11 10:59:32' );
INSERT INTO wp_bookly_customer_appointments ( id,series_id,package_id,customer_id,appointment_id,payment_id,number_of_persons,units,notes,extras,extras_multiply_nop,extras_consider_duration,custom_fields,status,status_changed_at,token,time_zone,time_zone_offset,rating,rating_comment,locale,collaborative_service_id,collaborative_token,compound_service_id,compound_token,created_from,created )VALUES( 1211,null,null,1167,1211,1211,1,1,'','[]',1,1,'[{"id":43107,"value":"na"},{"id":51989,"value":"Fashion"},{"id":27913,"value":""},{"id":72188,"value":["I agree to <a href="https:\/\/www.mintroom.ca\/Terms_and_Conditions.pdf?v=11122018" target="_blank">Terms and Conditions<\/a>"]},{"id":85555,"value":["I agree there will be no more than 10 guests in the room per booking"]},{"id":27913,"value":" "},{"id":87958,"value":[]},{"id":45932,"value":[]}]','approved',null,null,null,null,null,null,null,null,null,null,null,'frontend','2019-06-11 10:59:32' );
INSERT INTO wp_bookly_appointments ( id,location_id,staff_id,staff_any,service_id,custom_service_name,custom_service_price,start_date,end_date,extras_duration,internal_note,google_event_id,google_event_etag,outlook_event_id,outlook_event_change_key,outlook_event_series_id,created_from,created )VALUES( 1212,null,12,0,7,null,null,'2019-06-11 17:00:00','2019-06-11 18:00:00',0,null,null,null,null,null,null,'bookly','2019-06-11 10:59:32' );
INSERT INTO wp_bookly_payments ( id,coupon_id,type,total,tax,paid,paid_type,gateway_price_correction,status,details,created )VALUES( 1212,null,'stripe',0,0,0,'in_full',0.00,'completed','{"items":[{"ca_id":1212,"appointment_date":"2019-06-11 17:00:00","service_name":"Lounge","service_price":55,"service_tax":"7.15","wait_listed":false,"deposit_format":null,"number_of_persons":1,"units":"1","duration":"3600","staff_name":"Lounge","extras":[]}],"coupon":null,"subtotal":{"price":660,"deposit":0},"customer":"Strategic Objectives","tax_in_price":"excluded","tax_paid":"0.00","extras_multiply_nop":1}','2019-06-11 10:59:32' );
INSERT INTO wp_bookly_customer_appointments ( id,series_id,package_id,customer_id,appointment_id,payment_id,number_of_persons,units,notes,extras,extras_multiply_nop,extras_consider_duration,custom_fields,status,status_changed_at,token,time_zone,time_zone_offset,rating,rating_comment,locale,collaborative_service_id,collaborative_token,compound_service_id,compound_token,created_from,created )VALUES( 1212,null,null,1167,1212,1212,1,1,'','[]',1,1,'[{"id":43107,"value":"na"},{"id":51989,"value":"Fashion"},{"id":27913,"value":""},{"id":72188,"value":["I agree to <a href="https:\/\/www.mintroom.ca\/Terms_and_Conditions.pdf?v=11122018" target="_blank">Terms and Conditions<\/a>"]},{"id":85555,"value":["I agree there will be no more than 10 guests in the room per booking"]},{"id":27913,"value":" "},{"id":87958,"value":[]},{"id":45932,"value":[]}]','approved',null,null,null,null,null,null,null,null,null,null,null,'frontend','2019-06-11 10:59:32' );
INSERT INTO wp_bookly_appointments ( id,location_id,staff_id,staff_any,service_id,custom_service_name,custom_service_price,start_date,end_date,extras_duration,internal_note,google_event_id,google_event_etag,outlook_event_id,outlook_event_change_key,outlook_event_series_id,created_from,created )VALUES( 1213,null,12,0,7,null,null,'2019-06-11 18:00:00','2019-06-11 19:00:00',0,null,null,null,null,null,null,'bookly','2019-06-11 10:59:32' );
INSERT INTO wp_bookly_payments ( id,coupon_id,type,total,tax,paid,paid_type,gateway_price_correction,status,details,created )VALUES( 1213,null,'stripe',0,0,0,'in_full',0.00,'completed','{"items":[{"ca_id":1213,"appointment_date":"2019-06-11 18:00:00","service_name":"Lounge","service_price":55,"service_tax":"7.15","wait_listed":false,"deposit_format":null,"number_of_persons":1,"units":"1","duration":"3600","staff_name":"Lounge","extras":[]}],"coupon":null,"subtotal":{"price":660,"deposit":0},"customer":"Strategic Objectives","tax_in_price":"excluded","tax_paid":"0.00","extras_multiply_nop":1}','2019-06-11 10:59:32' );
INSERT INTO wp_bookly_customer_appointments ( id,series_id,package_id,customer_id,appointment_id,payment_id,number_of_persons,units,notes,extras,extras_multiply_nop,extras_consider_duration,custom_fields,status,status_changed_at,token,time_zone,time_zone_offset,rating,rating_comment,locale,collaborative_service_id,collaborative_token,compound_service_id,compound_token,created_from,created )VALUES( 1213,null,null,1167,1213,1213,1,1,'','[]',1,1,'[{"id":43107,"value":"na"},{"id":51989,"value":"Fashion"},{"id":27913,"value":""},{"id":72188,"value":["I agree to <a href="https:\/\/www.mintroom.ca\/Terms_and_Conditions.pdf?v=11122018" target="_blank">Terms and Conditions<\/a>"]},{"id":85555,"value":["I agree there will be no more than 10 guests in the room per booking"]},{"id":27913,"value":" "},{"id":87958,"value":[]},{"id":45932,"value":[]}]','approved',null,null,null,null,null,null,null,null,null,null,null,'frontend','2019-06-11 10:59:32' );
INSERT INTO wp_bookly_appointments ( id,location_id,staff_id,staff_any,service_id,custom_service_name,custom_service_price,start_date,end_date,extras_duration,internal_note,google_event_id,google_event_etag,outlook_event_id,outlook_event_change_key,outlook_event_series_id,created_from,created )VALUES( 1214,null,12,0,7,null,null,'2019-06-11 19:00:00','2019-06-11 20:00:00',0,null,null,null,null,null,null,'bookly','2019-06-11 10:59:32' );
INSERT INTO wp_bookly_payments ( id,coupon_id,type,total,tax,paid,paid_type,gateway_price_correction,status,details,created )VALUES( 1214,null,'stripe',0,0,0,'in_full',0.00,'completed','{"items":[{"ca_id":1214,"appointment_date":"2019-06-11 19:00:00","service_name":"Lounge","service_price":55,"service_tax":"7.15","wait_listed":false,"deposit_format":null,"number_of_persons":1,"units":"1","duration":"3600","staff_name":"Lounge","extras":[]}],"coupon":null,"subtotal":{"price":660,"deposit":0},"customer":"Strategic Objectives","tax_in_price":"excluded","tax_paid":"0.00","extras_multiply_nop":1}','2019-06-11 10:59:32' );
INSERT INTO wp_bookly_customer_appointments ( id,series_id,package_id,customer_id,appointment_id,payment_id,number_of_persons,units,notes,extras,extras_multiply_nop,extras_consider_duration,custom_fields,status,status_changed_at,token,time_zone,time_zone_offset,rating,rating_comment,locale,collaborative_service_id,collaborative_token,compound_service_id,compound_token,created_from,created )VALUES( 1214,null,null,1167,1214,1214,1,1,'','[]',1,1,'[{"id":43107,"value":"na"},{"id":51989,"value":"Fashion"},{"id":27913,"value":""},{"id":72188,"value":["I agree to <a href="https:\/\/www.mintroom.ca\/Terms_and_Conditions.pdf?v=11122018" target="_blank">Terms and Conditions<\/a>"]},{"id":85555,"value":["I agree there will be no more than 10 guests in the room per booking"]},{"id":27913,"value":" "},{"id":87958,"value":[]},{"id":45932,"value":[]}]','approved',null,null,null,null,null,null,null,null,null,null,null,'frontend','2019-06-11 10:59:32' );
INSERT INTO wp_bookly_appointments ( id,location_id,staff_id,staff_any,service_id,custom_service_name,custom_service_price,start_date,end_date,extras_duration,internal_note,google_event_id,google_event_etag,outlook_event_id,outlook_event_change_key,outlook_event_series_id,created_from,created )VALUES( 1215,null,9,0,4,null,null,'2019-06-22 11:00:00','2019-06-22 12:00:00',0,null,null,null,null,null,null,'bookly','2019-06-11 10:59:32' );
INSERT INTO wp_bookly_customers ( id,wp_user_id,facebook_id,group_id,full_name,first_name,last_name,phone,email,birthday,country,state,postcode,city,street,street_number,additional_address,notes,info_fields,credit,created )VALUES( 1215,null,null,null,'Janelle Gokule','Janelle Gokule','','9055870343','kulephotography@gmail.com*',null,'','','','','','','','',null,0,'2019-06-11 10:59:32' );
INSERT INTO wp_bookly_payments ( id,coupon_id,type,total,tax,paid,paid_type,gateway_price_correction,status,details,created )VALUES( 1215,null,'stripe',101.7,11.7,101.7,'in_full',0.00,'completed','{"items":[{"ca_id":1215,"appointment_date":"2019-06-22 11:00:00","service_name":"Ballroom","service_price":90,"service_tax":"11.70","wait_listed":false,"deposit_format":null,"number_of_persons":1,"units":"1","duration":"3600","staff_name":"Ballroom","extras":[]}],"coupon":null,"subtotal":{"price":90,"deposit":0},"customer":"Janelle Gokule","tax_in_price":"excluded","tax_paid":"11.70","extras_multiply_nop":1}','2019-06-11 10:59:32' );
INSERT INTO wp_bookly_customer_appointments ( id,series_id,package_id,customer_id,appointment_id,payment_id,number_of_persons,units,notes,extras,extras_multiply_nop,extras_consider_duration,custom_fields,status,status_changed_at,token,time_zone,time_zone_offset,rating,rating_comment,locale,collaborative_service_id,collaborative_token,compound_service_id,compound_token,created_from,created )VALUES( 1215,null,null,1215,1215,1215,1,1,'','[]',1,1,'[{"id":43107,"value":"Janelle Gokule"},{"id":51989,"value":"Anniversary"},{"id":27913,"value":""},{"id":72188,"value":["I agree to <a href="https:\/\/www.mintroom.ca\/Terms_and_Conditions.pdf?v=11122018" target="_blank">Terms and Conditions<\/a>"]},{"id":85555,"value":["I agree there will be no more than 10 guests in the room per booking"]},{"id":27913,"value":" "},{"id":87958,"value":[]},{"id":45932,"value":[]}]','approved',null,null,null,null,null,null,null,null,null,null,null,'frontend','2019-06-11 10:59:32' );
INSERT INTO wp_bookly_appointments ( id,location_id,staff_id,staff_any,service_id,custom_service_name,custom_service_price,start_date,end_date,extras_duration,internal_note,google_event_id,google_event_etag,outlook_event_id,outlook_event_change_key,outlook_event_series_id,created_from,created )VALUES( 1216,null,11,0,6,null,null,'2019-08-17 14:00:00','2019-08-17 15:00:00',0,null,null,null,null,null,null,'bookly','2019-06-11 10:59:32' );
INSERT INTO wp_bookly_customers ( id,wp_user_id,facebook_id,group_id,full_name,first_name,last_name,phone,email,birthday,country,state,postcode,city,street,street_number,additional_address,notes,info_fields,credit,created )VALUES( 1216,null,null,null,'Francesca','Francesca','','647 454 0934','fmaringola1@gmail.com*',null,'','','','','','','','',null,0,'2019-06-11 10:59:32' );
INSERT INTO wp_bookly_payments ( id,coupon_id,type,total,tax,paid,paid_type,gateway_price_correction,status,details,created )VALUES( 1216,null,'stripe',101.7,11.7,101.7,'in_full',0.00,'completed','{"items":[{"ca_id":1216,"appointment_date":"2019-08-17 14:00:00","service_name":"Library","service_price":90,"service_tax":"11.70","wait_listed":false,"deposit_format":null,"number_of_persons":1,"units":"1","duration":"3600","staff_name":"Library","extras":[]}],"coupon":null,"subtotal":{"price":90,"deposit":0},"customer":"Francesca","tax_in_price":"excluded","tax_paid":"11.70","extras_multiply_nop":1}','2019-06-11 10:59:32' );
INSERT INTO wp_bookly_customer_appointments ( id,series_id,package_id,customer_id,appointment_id,payment_id,number_of_persons,units,notes,extras,extras_multiply_nop,extras_consider_duration,custom_fields,status,status_changed_at,token,time_zone,time_zone_offset,rating,rating_comment,locale,collaborative_service_id,collaborative_token,compound_service_id,compound_token,created_from,created )VALUES( 1216,null,null,1216,1216,1216,1,1,'Spoke with Drew on April 11th, 2019 regarding going over capacity for a couple of photos. ','[]',1,1,'[{"id":43107,"value":"Helen Keletzis"},{"id":51989,"value":"Wedding"},{"id":27913,"value":""},{"id":72188,"value":["I agree to <a href="https:\/\/www.mintroom.ca\/Terms_and_Conditions.pdf?v=11122018" target="_blank">Terms and Conditions<\/a>"]},{"id":85555,"value":["I agree there will be no more than 10 guests in the room per booking"]},{"id":27913,"value":" "},{"id":87958,"value":[]},{"id":45932,"value":[]}]','approved',null,null,null,null,null,null,null,null,null,null,null,'frontend','2019-06-11 10:59:32' );
INSERT INTO wp_bookly_appointments ( id,location_id,staff_id,staff_any,service_id,custom_service_name,custom_service_price,start_date,end_date,extras_duration,internal_note,google_event_id,google_event_etag,outlook_event_id,outlook_event_change_key,outlook_event_series_id,created_from,created )VALUES( 1217,null,12,0,7,null,null,'2019-08-17 15:00:00','2019-08-17 16:00:00',0,null,null,null,null,null,null,'bookly','2019-06-11 10:59:32' );
INSERT INTO wp_bookly_customers ( id,wp_user_id,facebook_id,group_id,full_name,first_name,last_name,phone,email,birthday,country,state,postcode,city,street,street_number,additional_address,notes,info_fields,credit,created )VALUES( 1217,null,null,null,'Francesca','Francesca','','647 454 0934','Fmaringola1@gmail.com*',null,'','','','','','','','',null,0,'2019-06-11 10:59:32' );
INSERT INTO wp_bookly_payments ( id,coupon_id,type,total,tax,paid,paid_type,gateway_price_correction,status,details,created )VALUES( 1217,null,'stripe',62.15,7.15,62.15,'in_full',0.00,'completed','{"items":[{"ca_id":1217,"appointment_date":"2019-08-17 15:00:00","service_name":"Lounge","service_price":55,"service_tax":"7.15","wait_listed":false,"deposit_format":null,"number_of_persons":1,"units":"1","duration":"3600","staff_name":"Lounge","extras":[]}],"coupon":null,"subtotal":{"price":55,"deposit":0},"customer":"Francesca","tax_in_price":"excluded","tax_paid":"7.15","extras_multiply_nop":1}','2019-06-11 10:59:32' );
INSERT INTO wp_bookly_customer_appointments ( id,series_id,package_id,customer_id,appointment_id,payment_id,number_of_persons,units,notes,extras,extras_multiply_nop,extras_consider_duration,custom_fields,status,status_changed_at,token,time_zone,time_zone_offset,rating,rating_comment,locale,collaborative_service_id,collaborative_token,compound_service_id,compound_token,created_from,created )VALUES( 1217,null,null,1217,1217,1217,1,1,'Spoke with Drew on April 11th, 2019 regarding going over capacity for a couple of photos ','[]',1,1,'[{"id":43107,"value":"Helen Keletzis"},{"id":51989,"value":"Wedding"},{"id":27913,"value":""},{"id":72188,"value":["I agree to <a href="https:\/\/www.mintroom.ca\/Terms_and_Conditions.pdf?v=11122018" target="_blank">Terms and Conditions<\/a>"]},{"id":85555,"value":["I agree there will be no more than 10 guests in the room per booking"]},{"id":27913,"value":" "},{"id":87958,"value":[]},{"id":45932,"value":[]}]','approved',null,null,null,null,null,null,null,null,null,null,null,'frontend','2019-06-11 10:59:32' );
INSERT INTO wp_bookly_appointments ( id,location_id,staff_id,staff_any,service_id,custom_service_name,custom_service_price,start_date,end_date,extras_duration,internal_note,google_event_id,google_event_etag,outlook_event_id,outlook_event_change_key,outlook_event_series_id,created_from,created )VALUES( 1218,null,10,0,5,null,null,'2019-12-21 12:00:00','2019-12-21 13:00:00',0,null,null,null,null,null,null,'bookly','2019-06-11 10:59:32' );
INSERT INTO wp_bookly_customers ( id,wp_user_id,facebook_id,group_id,full_name,first_name,last_name,phone,email,birthday,country,state,postcode,city,street,street_number,additional_address,notes,info_fields,credit,created )VALUES( 1218,null,null,null,'Tamara Lockwood','Tamara Lockwood','','6473822420','tlockwood03@gmail.com*',null,'','','','','','','','',null,0,'2019-06-11 10:59:32' );
INSERT INTO wp_bookly_payments ( id,coupon_id,type,total,tax,paid,paid_type,gateway_price_correction,status,details,created )VALUES( 1218,null,'stripe',203.4,23.4,203.4,'in_full',0.00,'completed','{"items":[{"ca_id":1218,"appointment_date":"2019-12-21 12:00:00","service_name":"Conservatory","service_price":90,"service_tax":"11.70","wait_listed":false,"deposit_format":null,"number_of_persons":1,"units":"1","duration":"3600","staff_name":"Conservatory","extras":[]}],"coupon":null,"subtotal":{"price":180,"deposit":0},"customer":"Tamara Lockwood","tax_in_price":"excluded","tax_paid":"23.40","extras_multiply_nop":1}','2019-06-11 10:59:32' );
INSERT INTO wp_bookly_customer_appointments ( id,series_id,package_id,customer_id,appointment_id,payment_id,number_of_persons,units,notes,extras,extras_multiply_nop,extras_consider_duration,custom_fields,status,status_changed_at,token,time_zone,time_zone_offset,rating,rating_comment,locale,collaborative_service_id,collaborative_token,compound_service_id,compound_token,created_from,created )VALUES( 1218,null,null,1218,1218,1218,1,1,'Is it possible to have the green velvet couch in this room that is pictured in the White Loft? My couple *really* wants this couch for photos. We would be happy to book the white loft, but weren`t sure if it would be completely decorated for Christmas at that time. If someone could confirm with me if Christmas decor will be set up here this year, and if so, how much of the room will be decorated, it would be greatly appreciated. If there is still a lot of white space available, I would change the reservation to ensure they have the couch. Thanks in advance!','[]',1,1,'[{"id":43107,"value":"Tamara Lockwood"},{"id":51989,"value":"Wedding"},{"id":27913,"value":""},{"id":72188,"value":["I agree to <a href="https:\/\/www.mintroom.ca\/Terms_and_Conditions.pdf?v=11122018" target="_blank">Terms and Conditions<\/a>"]},{"id":85555,"value":["I agree there will be no more than 10 guests in the room per booking"]},{"id":27913,"value":" "},{"id":87958,"value":[]},{"id":45932,"value":[]}]','approved',null,null,null,null,null,null,null,null,null,null,null,'frontend','2019-06-11 10:59:32' );
INSERT INTO wp_bookly_appointments ( id,location_id,staff_id,staff_any,service_id,custom_service_name,custom_service_price,start_date,end_date,extras_duration,internal_note,google_event_id,google_event_etag,outlook_event_id,outlook_event_change_key,outlook_event_series_id,created_from,created )VALUES( 1219,null,10,0,5,null,null,'2019-12-21 13:00:00','2019-12-21 14:00:00',0,null,null,null,null,null,null,'bookly','2019-06-11 10:59:32' );
INSERT INTO wp_bookly_payments ( id,coupon_id,type,total,tax,paid,paid_type,gateway_price_correction,status,details,created )VALUES( 1219,null,'stripe',203.4,23.4,203.4,'in_full',0.00,'completed','{"items":[{"ca_id":1219,"appointment_date":"2019-12-21 13:00:00","service_name":"Conservatory","service_price":90,"service_tax":"11.70","wait_listed":false,"deposit_format":null,"number_of_persons":1,"units":"1","duration":"3600","staff_name":"Conservatory","extras":[]}],"coupon":null,"subtotal":{"price":180,"deposit":0},"customer":"Tamara Lockwood","tax_in_price":"excluded","tax_paid":"23.40","extras_multiply_nop":1}','2019-06-11 10:59:32' );
INSERT INTO wp_bookly_customer_appointments ( id,series_id,package_id,customer_id,appointment_id,payment_id,number_of_persons,units,notes,extras,extras_multiply_nop,extras_consider_duration,custom_fields,status,status_changed_at,token,time_zone,time_zone_offset,rating,rating_comment,locale,collaborative_service_id,collaborative_token,compound_service_id,compound_token,created_from,created )VALUES( 1219,null,null,1218,1219,1219,1,1,'Is it possible to have the green velvet couch in this room that is pictured in the White Loft? My couple *really* wants this couch for photos. We would be happy to book the white loft, but weren`t sure if it would be completely decorated for Christmas at that time. If someone could confirm with me if Christmas decor will be set up here this year, and if so, how much of the room will be decorated, it would be greatly appreciated. If there is still a lot of white space available, I would change the reservation to ensure they have the couch. Thanks in advance!','[]',1,1,'[{"id":43107,"value":"Tamara Lockwood"},{"id":51989,"value":"Wedding"},{"id":27913,"value":""},{"id":72188,"value":["I agree to <a href="https:\/\/www.mintroom.ca\/Terms_and_Conditions.pdf?v=11122018" target="_blank">Terms and Conditions<\/a>"]},{"id":85555,"value":["I agree there will be no more than 10 guests in the room per booking"]},{"id":27913,"value":" "},{"id":87958,"value":[]},{"id":45932,"value":[]}]','approved',null,null,null,null,null,null,null,null,null,null,null,'frontend','2019-06-11 10:59:32' );
INSERT INTO wp_bookly_appointments ( id,location_id,staff_id,staff_any,service_id,custom_service_name,custom_service_price,start_date,end_date,extras_duration,internal_note,google_event_id,google_event_etag,outlook_event_id,outlook_event_change_key,outlook_event_series_id,created_from,created )VALUES( 1220,null,10,0,5,null,null,'2019-06-23 15:00:00','2019-06-23 16:00:00',0,null,null,null,null,null,null,'bookly','2019-06-11 10:59:32' );
INSERT INTO wp_bookly_customers ( id,wp_user_id,facebook_id,group_id,full_name,first_name,last_name,phone,email,birthday,country,state,postcode,city,street,street_number,additional_address,notes,info_fields,credit,created )VALUES( 1220,null,null,null,'Karan Tharmakulaseelan','Karan Tharmakulaseelan','','6472257033','karant1094@gmail.com*',null,'','','','','','','','',null,0,'2019-06-11 10:59:32' );
INSERT INTO wp_bookly_payments ( id,coupon_id,type,total,tax,paid,paid_type,gateway_price_correction,status,details,created )VALUES( 1220,null,'stripe',203.4,23.4,203.4,'in_full',0.00,'completed','{"items":[{"ca_id":1220,"appointment_date":"2019-06-23 15:00:00","service_name":"Conservatory","service_price":90,"service_tax":"11.70","wait_listed":false,"deposit_format":null,"number_of_persons":1,"units":"1","duration":"3600","staff_name":"Conservatory","extras":[]}],"coupon":null,"subtotal":{"price":180,"deposit":0},"customer":"Karan Tharmakulaseelan","tax_in_price":"excluded","tax_paid":"23.40","extras_multiply_nop":1}','2019-06-11 10:59:32' );
INSERT INTO wp_bookly_customer_appointments ( id,series_id,package_id,customer_id,appointment_id,payment_id,number_of_persons,units,notes,extras,extras_multiply_nop,extras_consider_duration,custom_fields,status,status_changed_at,token,time_zone,time_zone_offset,rating,rating_comment,locale,collaborative_service_id,collaborative_token,compound_service_id,compound_token,created_from,created )VALUES( 1220,null,null,1220,1220,1220,1,1,'There will be around, 15 people around 4-5 pm I have also booked the Ballroom at this time, to accommodate for the number of people. ','[]',1,1,'[{"id":43107,"value":"Giva "},{"id":51989,"value":"Proposal "},{"id":27913,"value":""},{"id":72188,"value":["I agree to <a href="https:\/\/www.mintroom.ca\/Terms_and_Conditions.pdf?v=11122018" target="_blank">Terms and Conditions<\/a>"]},{"id":85555,"value":["I agree there will be no more than 10 guests in the room per booking"]},{"id":27913,"value":" "},{"id":87958,"value":[]},{"id":45932,"value":[]}]','approved',null,null,null,null,null,null,null,null,null,null,null,'frontend','2019-06-11 10:59:32' );
INSERT INTO wp_bookly_appointments ( id,location_id,staff_id,staff_any,service_id,custom_service_name,custom_service_price,start_date,end_date,extras_duration,internal_note,google_event_id,google_event_etag,outlook_event_id,outlook_event_change_key,outlook_event_series_id,created_from,created )VALUES( 1221,null,10,0,5,null,null,'2019-06-23 16:00:00','2019-06-23 17:00:00',0,null,null,null,null,null,null,'bookly','2019-06-11 10:59:32' );
INSERT INTO wp_bookly_payments ( id,coupon_id,type,total,tax,paid,paid_type,gateway_price_correction,status,details,created )VALUES( 1221,null,'stripe',203.4,23.4,203.4,'in_full',0.00,'completed','{"items":[{"ca_id":1221,"appointment_date":"2019-06-23 16:00:00","service_name":"Conservatory","service_price":90,"service_tax":"11.70","wait_listed":false,"deposit_format":null,"number_of_persons":1,"units":"1","duration":"3600","staff_name":"Conservatory","extras":[]}],"coupon":null,"subtotal":{"price":180,"deposit":0},"customer":"Karan Tharmakulaseelan","tax_in_price":"excluded","tax_paid":"23.40","extras_multiply_nop":1}','2019-06-11 10:59:32' );
INSERT INTO wp_bookly_customer_appointments ( id,series_id,package_id,customer_id,appointment_id,payment_id,number_of_persons,units,notes,extras,extras_multiply_nop,extras_consider_duration,custom_fields,status,status_changed_at,token,time_zone,time_zone_offset,rating,rating_comment,locale,collaborative_service_id,collaborative_token,compound_service_id,compound_token,created_from,created )VALUES( 1221,null,null,1220,1221,1221,1,1,'There will be around, 15 people around 4-5 pm I have also booked the Ballroom at this time, to accommodate for the number of people. ','[]',1,1,'[{"id":43107,"value":"Giva "},{"id":51989,"value":"Proposal "},{"id":27913,"value":""},{"id":72188,"value":["I agree to <a href="https:\/\/www.mintroom.ca\/Terms_and_Conditions.pdf?v=11122018" target="_blank">Terms and Conditions<\/a>"]},{"id":85555,"value":["I agree there will be no more than 10 guests in the room per booking"]},{"id":27913,"value":" "},{"id":87958,"value":[]},{"id":45932,"value":[]}]','approved',null,null,null,null,null,null,null,null,null,null,null,'frontend','2019-06-11 10:59:32' );
INSERT INTO wp_bookly_appointments ( id,location_id,staff_id,staff_any,service_id,custom_service_name,custom_service_price,start_date,end_date,extras_duration,internal_note,google_event_id,google_event_etag,outlook_event_id,outlook_event_change_key,outlook_event_series_id,created_from,created )VALUES( 1222,null,9,0,4,null,null,'2019-06-23 16:00:00','2019-06-23 17:00:00',0,null,null,null,null,null,null,'bookly','2019-06-11 10:59:32' );
INSERT INTO wp_bookly_payments ( id,coupon_id,type,total,tax,paid,paid_type,gateway_price_correction,status,details,created )VALUES( 1222,null,'stripe',203.4,23.4,203.4,'in_full',0.00,'completed','{"items":[{"ca_id":1222,"appointment_date":"2019-06-23 16:00:00","service_name":"Ballroom","service_price":90,"service_tax":"11.70","wait_listed":false,"deposit_format":null,"number_of_persons":1,"units":"1","duration":"3600","staff_name":"Ballroom","extras":[]}],"coupon":null,"subtotal":{"price":180,"deposit":0},"customer":"Karan Tharmakulaseelan","tax_in_price":"excluded","tax_paid":"23.40","extras_multiply_nop":1}','2019-06-11 10:59:32' );
INSERT INTO wp_bookly_customer_appointments ( id,series_id,package_id,customer_id,appointment_id,payment_id,number_of_persons,units,notes,extras,extras_multiply_nop,extras_consider_duration,custom_fields,status,status_changed_at,token,time_zone,time_zone_offset,rating,rating_comment,locale,collaborative_service_id,collaborative_token,compound_service_id,compound_token,created_from,created )VALUES( 1222,null,null,1220,1222,1222,1,1,'From 4-5pm there will be around 15 people I have booked the conservatory room, to accommodate for the space .','[]',1,1,'[{"id":43107,"value":"Giva "},{"id":51989,"value":"Proposal Shoot "},{"id":27913,"value":""},{"id":72188,"value":["I agree to <a href="https:\/\/www.mintroom.ca\/Terms_and_Conditions.pdf?v=11122018" target="_blank">Terms and Conditions<\/a>"]},{"id":85555,"value":["I agree there will be no more than 10 guests in the room per booking"]},{"id":27913,"value":" "},{"id":87958,"value":[]},{"id":45932,"value":[]}]','approved',null,null,null,null,null,null,null,null,null,null,null,'frontend','2019-06-11 10:59:32' );
INSERT INTO wp_bookly_appointments ( id,location_id,staff_id,staff_any,service_id,custom_service_name,custom_service_price,start_date,end_date,extras_duration,internal_note,google_event_id,google_event_etag,outlook_event_id,outlook_event_change_key,outlook_event_series_id,created_from,created )VALUES( 1223,null,9,0,4,null,null,'2019-06-23 17:00:00','2019-06-23 18:00:00',0,null,null,null,null,null,null,'bookly','2019-06-11 10:59:32' );
INSERT INTO wp_bookly_payments ( id,coupon_id,type,total,tax,paid,paid_type,gateway_price_correction,status,details,created )VALUES( 1223,null,'stripe',203.4,23.4,203.4,'in_full',0.00,'completed','{"items":[{"ca_id":1223,"appointment_date":"2019-06-23 17:00:00","service_name":"Ballroom","service_price":90,"service_tax":"11.70","wait_listed":false,"deposit_format":null,"number_of_persons":1,"units":"1","duration":"3600","staff_name":"Ballroom","extras":[]}],"coupon":null,"subtotal":{"price":180,"deposit":0},"customer":"Karan Tharmakulaseelan","tax_in_price":"excluded","tax_paid":"23.40","extras_multiply_nop":1}','2019-06-11 10:59:32' );
INSERT INTO wp_bookly_customer_appointments ( id,series_id,package_id,customer_id,appointment_id,payment_id,number_of_persons,units,notes,extras,extras_multiply_nop,extras_consider_duration,custom_fields,status,status_changed_at,token,time_zone,time_zone_offset,rating,rating_comment,locale,collaborative_service_id,collaborative_token,compound_service_id,compound_token,created_from,created )VALUES( 1223,null,null,1220,1223,1223,1,1,'From 4-5pm there will be around 15 people I have booked the conservatory room, to accommodate for the space .','[]',1,1,'[{"id":43107,"value":"Giva "},{"id":51989,"value":"Proposal Shoot "},{"id":27913,"value":""},{"id":72188,"value":["I agree to <a href="https:\/\/www.mintroom.ca\/Terms_and_Conditions.pdf?v=11122018" target="_blank">Terms and Conditions<\/a>"]},{"id":85555,"value":["I agree there will be no more than 10 guests in the room per booking"]},{"id":27913,"value":" "},{"id":87958,"value":[]},{"id":45932,"value":[]}]','approved',null,null,null,null,null,null,null,null,null,null,null,'frontend','2019-06-11 10:59:32' );
INSERT INTO wp_bookly_appointments ( id,location_id,staff_id,staff_any,service_id,custom_service_name,custom_service_price,start_date,end_date,extras_duration,internal_note,google_event_id,google_event_etag,outlook_event_id,outlook_event_change_key,outlook_event_series_id,created_from,created )VALUES( 1224,null,9,0,4,null,null,'2019-09-07 15:00:00','2019-09-07 16:00:00',0,null,null,null,null,null,null,'bookly','2019-06-11 10:59:32' );
INSERT INTO wp_bookly_customers ( id,wp_user_id,facebook_id,group_id,full_name,first_name,last_name,phone,email,birthday,country,state,postcode,city,street,street_number,additional_address,notes,info_fields,credit,created )VALUES( 1224,null,null,null,'Heather Hobbs','Heather Hobbs','','7054774617','heatherghobbs@hotmail.com*',null,'','','','','','','','',null,0,'2019-06-11 10:59:32' );
INSERT INTO wp_bookly_payments ( id,coupon_id,type,total,tax,paid,paid_type,gateway_price_correction,status,details,created )VALUES( 1224,null,'stripe',101.7,11.7,101.7,'in_full',0.00,'completed','{"items":[{"ca_id":1224,"appointment_date":"2019-09-07 15:00:00","service_name":"Ballroom","service_price":90,"service_tax":"11.70","wait_listed":false,"deposit_format":null,"number_of_persons":1,"units":"1","duration":"3600","staff_name":"Ballroom","extras":[]}],"coupon":null,"subtotal":{"price":90,"deposit":0},"customer":"Heather Hobbs","tax_in_price":"excluded","tax_paid":"11.70","extras_multiply_nop":1}','2019-06-11 10:59:32' );
INSERT INTO wp_bookly_customer_appointments ( id,series_id,package_id,customer_id,appointment_id,payment_id,number_of_persons,units,notes,extras,extras_multiply_nop,extras_consider_duration,custom_fields,status,status_changed_at,token,time_zone,time_zone_offset,rating,rating_comment,locale,collaborative_service_id,collaborative_token,compound_service_id,compound_token,created_from,created )VALUES( 1224,null,null,1224,1224,1224,1,1,'','[]',1,1,'[{"id":43107,"value":"Mango Studios "},{"id":51989,"value":"Wedding"},{"id":27913,"value":""},{"id":72188,"value":["I agree to <a href="https:\/\/www.mintroom.ca\/Terms_and_Conditions.pdf?v=11122018" target="_blank">Terms and Conditions<\/a>"]},{"id":85555,"value":["I agree there will be no more than 10 guests in the room per booking"]},{"id":27913,"value":" "},{"id":87958,"value":[]},{"id":45932,"value":[]}]','approved',null,null,null,null,null,null,null,null,null,null,null,'frontend','2019-06-11 10:59:32' );
INSERT INTO wp_bookly_appointments ( id,location_id,staff_id,staff_any,service_id,custom_service_name,custom_service_price,start_date,end_date,extras_duration,internal_note,google_event_id,google_event_etag,outlook_event_id,outlook_event_change_key,outlook_event_series_id,created_from,created )VALUES( 1225,null,11,0,6,null,null,'2019-09-07 15:00:00','2019-09-07 16:00:00',0,null,null,null,null,null,null,'bookly','2019-06-11 10:59:32' );
INSERT INTO wp_bookly_payments ( id,coupon_id,type,total,tax,paid,paid_type,gateway_price_correction,status,details,created )VALUES( 1225,null,'stripe',101.7,11.7,101.7,'in_full',0.00,'completed','{"items":[{"ca_id":1225,"appointment_date":"2019-09-07 15:00:00","service_name":"Library","service_price":90,"service_tax":"11.70","wait_listed":false,"deposit_format":null,"number_of_persons":1,"units":"1","duration":"3600","staff_name":"Library","extras":[]}],"coupon":null,"subtotal":{"price":90,"deposit":0},"customer":"Heather Hobbs","tax_in_price":"excluded","tax_paid":"11.70","extras_multiply_nop":1}','2019-06-11 10:59:32' );
INSERT INTO wp_bookly_customer_appointments ( id,series_id,package_id,customer_id,appointment_id,payment_id,number_of_persons,units,notes,extras,extras_multiply_nop,extras_consider_duration,custom_fields,status,status_changed_at,token,time_zone,time_zone_offset,rating,rating_comment,locale,collaborative_service_id,collaborative_token,compound_service_id,compound_token,created_from,created )VALUES( 1225,null,null,1224,1225,1225,1,1,'','[]',1,1,'[{"id":43107,"value":"Mango Studios "},{"id":51989,"value":"Wedding"},{"id":27913,"value":""},{"id":72188,"value":["I agree to <a href="https:\/\/www.mintroom.ca\/Terms_and_Conditions.pdf?v=11122018" target="_blank">Terms and Conditions<\/a>"]},{"id":85555,"value":["I agree there will be no more than 10 guests in the room per booking"]},{"id":27913,"value":" "},{"id":87958,"value":[]},{"id":45932,"value":[]}]','approved',null,null,null,null,null,null,null,null,null,null,null,'frontend','2019-06-11 10:59:32' );
INSERT INTO wp_bookly_appointments ( id,location_id,staff_id,staff_any,service_id,custom_service_name,custom_service_price,start_date,end_date,extras_duration,internal_note,google_event_id,google_event_etag,outlook_event_id,outlook_event_change_key,outlook_event_series_id,created_from,created )VALUES( 1226,null,9,0,4,null,null,'2019-08-10 15:00:00','2019-08-10 16:00:00',0,null,null,null,null,null,null,'bookly','2019-06-11 10:59:32' );
INSERT INTO wp_bookly_customers ( id,wp_user_id,facebook_id,group_id,full_name,first_name,last_name,phone,email,birthday,country,state,postcode,city,street,street_number,additional_address,notes,info_fields,credit,created )VALUES( 1226,null,null,null,'Daniela Lagana','Daniela Lagana','','6474446384','mdwedding2019@gmail.com*',null,'','','','','','','','',null,0,'2019-06-11 10:59:32' );
INSERT INTO wp_bookly_payments ( id,coupon_id,type,total,tax,paid,paid_type,gateway_price_correction,status,details,created )VALUES( 1226,null,'stripe',101.7,11.7,101.7,'in_full',0.00,'completed','{"items":[{"ca_id":1226,"appointment_date":"2019-08-10 15:00:00","service_name":"Ballroom","service_price":90,"service_tax":"11.70","wait_listed":false,"deposit_format":null,"number_of_persons":1,"units":"1","duration":"3600","staff_name":"Ballroom","extras":[]}],"coupon":null,"subtotal":{"price":90,"deposit":0},"customer":"Daniela Lagana","tax_in_price":"excluded","tax_paid":"11.70","extras_multiply_nop":1}','2019-06-11 10:59:32' );
INSERT INTO wp_bookly_customer_appointments ( id,series_id,package_id,customer_id,appointment_id,payment_id,number_of_persons,units,notes,extras,extras_multiply_nop,extras_consider_duration,custom_fields,status,status_changed_at,token,time_zone,time_zone_offset,rating,rating_comment,locale,collaborative_service_id,collaborative_token,compound_service_id,compound_token,created_from,created )VALUES( 1226,null,null,1226,1226,1226,1,1,'','[]',1,1,'[{"id":43107,"value":"Frame of Mind"},{"id":51989,"value":"Wedding"},{"id":27913,"value":""},{"id":72188,"value":["I agree to <a href="https:\/\/www.mintroom.ca\/Terms_and_Conditions.pdf?v=11122018" target="_blank">Terms and Conditions<\/a>"]},{"id":85555,"value":["I agree there will be no more than 10 guests in the room per booking"]},{"id":27913,"value":" "},{"id":87958,"value":[]},{"id":45932,"value":[]}]','approved',null,null,null,null,null,null,null,null,null,null,null,'frontend','2019-06-11 10:59:32' );
INSERT INTO wp_bookly_appointments ( id,location_id,staff_id,staff_any,service_id,custom_service_name,custom_service_price,start_date,end_date,extras_duration,internal_note,google_event_id,google_event_etag,outlook_event_id,outlook_event_change_key,outlook_event_series_id,created_from,created )VALUES( 1227,null,9,0,4,null,null,'2019-10-06 12:00:00','2019-10-06 13:00:00',0,null,null,null,null,null,null,'bookly','2019-06-11 10:59:32' );
INSERT INTO wp_bookly_customers ( id,wp_user_id,facebook_id,group_id,full_name,first_name,last_name,phone,email,birthday,country,state,postcode,city,street,street_number,additional_address,notes,info_fields,credit,created )VALUES( 1227,null,null,null,'Yvonne Chan','Yvonne Chan','','4162300273','addie.yuen@gmail.com*',null,'','','','','','','','',null,0,'2019-06-11 10:59:32' );
INSERT INTO wp_bookly_payments ( id,coupon_id,type,total,tax,paid,paid_type,gateway_price_correction,status,details,created )VALUES( 1227,null,'stripe',101.7,11.7,101.7,'in_full',0.00,'completed','{"items":[{"ca_id":1227,"appointment_date":"2019-10-06 12:00:00","service_name":"Ballroom","service_price":90,"service_tax":"11.70","wait_listed":false,"deposit_format":null,"number_of_persons":1,"units":"1","duration":"3600","staff_name":"Ballroom","extras":[]}],"coupon":null,"subtotal":{"price":90,"deposit":0},"customer":"Yvonne Chan","tax_in_price":"excluded","tax_paid":"11.70","extras_multiply_nop":1}','2019-06-11 10:59:32' );
INSERT INTO wp_bookly_customer_appointments ( id,series_id,package_id,customer_id,appointment_id,payment_id,number_of_persons,units,notes,extras,extras_multiply_nop,extras_consider_duration,custom_fields,status,status_changed_at,token,time_zone,time_zone_offset,rating,rating_comment,locale,collaborative_service_id,collaborative_token,compound_service_id,compound_token,created_from,created )VALUES( 1227,null,null,1227,1227,1227,1,1,'Hi, we will be renting the Ballroom and the Conservatory from 12-1pm on Oct 6, 2019 since we have more than 10 people and then rent out the Library from 1-2pm and we will be under capacity for this room. thank you. ','[]',1,1,'[{"id":43107,"value":"Photos by Anum"},{"id":51989,"value":"Wedding"},{"id":27913,"value":""},{"id":72188,"value":["I agree to <a href="https:\/\/www.mintroom.ca\/Terms_and_Conditions.pdf?v=11122018" target="_blank">Terms and Conditions<\/a>"]},{"id":85555,"value":["I agree there will be no more than 10 guests in the room per booking"]},{"id":27913,"value":" "},{"id":87958,"value":[]},{"id":45932,"value":[]}]','approved',null,null,null,null,null,null,null,null,null,null,null,'frontend','2019-06-11 10:59:32' );
INSERT INTO wp_bookly_appointments ( id,location_id,staff_id,staff_any,service_id,custom_service_name,custom_service_price,start_date,end_date,extras_duration,internal_note,google_event_id,google_event_etag,outlook_event_id,outlook_event_change_key,outlook_event_series_id,created_from,created )VALUES( 1228,null,10,0,5,null,null,'2019-10-06 12:00:00','2019-10-06 13:00:00',0,null,null,null,null,null,null,'bookly','2019-06-11 10:59:32' );
INSERT INTO wp_bookly_payments ( id,coupon_id,type,total,tax,paid,paid_type,gateway_price_correction,status,details,created )VALUES( 1228,null,'stripe',101.7,11.7,101.7,'in_full',0.00,'completed','{"items":[{"ca_id":1228,"appointment_date":"2019-10-06 12:00:00","service_name":"Conservatory","service_price":90,"service_tax":"11.70","wait_listed":false,"deposit_format":null,"number_of_persons":1,"units":"1","duration":"3600","staff_name":"Conservatory","extras":[]}],"coupon":null,"subtotal":{"price":90,"deposit":0},"customer":"Yvonne Chan","tax_in_price":"excluded","tax_paid":"11.70","extras_multiply_nop":1}','2019-06-11 10:59:32' );
INSERT INTO wp_bookly_customer_appointments ( id,series_id,package_id,customer_id,appointment_id,payment_id,number_of_persons,units,notes,extras,extras_multiply_nop,extras_consider_duration,custom_fields,status,status_changed_at,token,time_zone,time_zone_offset,rating,rating_comment,locale,collaborative_service_id,collaborative_token,compound_service_id,compound_token,created_from,created )VALUES( 1228,null,null,1227,1228,1228,1,1,'Hi, we will be renting the Ballroom and the Conservatory from 12-1pm on Oct 6, 2019 since we have more than 10 people and then rent out the Library from 1-2pm and we will be under capacity for this room. thank you.','[]',1,1,'[{"id":43107,"value":"Photos by Anum"},{"id":51989,"value":"Wedding"},{"id":27913,"value":""},{"id":72188,"value":["I agree to <a href="https:\/\/www.mintroom.ca\/Terms_and_Conditions.pdf?v=11122018" target="_blank">Terms and Conditions<\/a>"]},{"id":85555,"value":["I agree there will be no more than 10 guests in the room per booking"]},{"id":27913,"value":" "},{"id":87958,"value":[]},{"id":45932,"value":[]}]','approved',null,null,null,null,null,null,null,null,null,null,null,'frontend','2019-06-11 10:59:32' );
INSERT INTO wp_bookly_appointments ( id,location_id,staff_id,staff_any,service_id,custom_service_name,custom_service_price,start_date,end_date,extras_duration,internal_note,google_event_id,google_event_etag,outlook_event_id,outlook_event_change_key,outlook_event_series_id,created_from,created )VALUES( 1229,null,11,0,6,null,null,'2019-10-06 13:00:00','2019-10-06 14:00:00',0,null,null,null,null,null,null,'bookly','2019-06-11 10:59:32' );
INSERT INTO wp_bookly_payments ( id,coupon_id,type,total,tax,paid,paid_type,gateway_price_correction,status,details,created )VALUES( 1229,null,'stripe',101.7,11.7,101.7,'in_full',0.00,'completed','{"items":[{"ca_id":1229,"appointment_date":"2019-10-06 13:00:00","service_name":"Library","service_price":90,"service_tax":"11.70","wait_listed":false,"deposit_format":null,"number_of_persons":1,"units":"1","duration":"3600","staff_name":"Library","extras":[]}],"coupon":null,"subtotal":{"price":90,"deposit":0},"customer":"Yvonne Chan","tax_in_price":"excluded","tax_paid":"11.70","extras_multiply_nop":1}','2019-06-11 10:59:32' );
INSERT INTO wp_bookly_customer_appointments ( id,series_id,package_id,customer_id,appointment_id,payment_id,number_of_persons,units,notes,extras,extras_multiply_nop,extras_consider_duration,custom_fields,status,status_changed_at,token,time_zone,time_zone_offset,rating,rating_comment,locale,collaborative_service_id,collaborative_token,compound_service_id,compound_token,created_from,created )VALUES( 1229,null,null,1227,1229,1229,1,1,'Hi, we will be renting the Ballroom and the Conservatory from 12-1pm on Oct 6, 2019 since we have more than 10 people and then rent out the Library from 1-2pm and we will be under capacity for this room. thank you.','[]',1,1,'[{"id":43107,"value":"Photos by Anum"},{"id":51989,"value":"Wedding"},{"id":27913,"value":""},{"id":72188,"value":["I agree to <a href="https:\/\/www.mintroom.ca\/Terms_and_Conditions.pdf?v=11122018" target="_blank">Terms and Conditions<\/a>"]},{"id":85555,"value":["I agree there will be no more than 10 guests in the room per booking"]},{"id":27913,"value":" "},{"id":87958,"value":[]},{"id":45932,"value":[]}]','approved',null,null,null,null,null,null,null,null,null,null,null,'frontend','2019-06-11 10:59:32' );
INSERT INTO wp_bookly_appointments ( id,location_id,staff_id,staff_any,service_id,custom_service_name,custom_service_price,start_date,end_date,extras_duration,internal_note,google_event_id,google_event_etag,outlook_event_id,outlook_event_change_key,outlook_event_series_id,created_from,created )VALUES( 1230,null,9,0,4,null,null,'2019-06-30 13:00:00','2019-06-30 14:00:00',0,null,null,null,null,null,null,'bookly','2019-06-11 10:59:32' );
INSERT INTO wp_bookly_customers ( id,wp_user_id,facebook_id,group_id,full_name,first_name,last_name,phone,email,birthday,country,state,postcode,city,street,street_number,additional_address,notes,info_fields,credit,created )VALUES( 1230,null,null,null,'Adam Stein','Adam Stein','','6472034678','jordi.adam2018@gmail.com*',null,'','','','','','','','',null,0,'2019-06-11 10:59:32' );
INSERT INTO wp_bookly_payments ( id,coupon_id,type,total,tax,paid,paid_type,gateway_price_correction,status,details,created )VALUES( 1230,null,'stripe',101.7,11.7,101.7,'in_full',0.00,'completed','{"items":[{"ca_id":1230,"appointment_date":"2019-06-30 13:00:00","service_name":"Ballroom","service_price":90,"service_tax":"11.70","wait_listed":false,"deposit_format":null,"number_of_persons":1,"units":"1","duration":"3600","staff_name":"Ballroom","extras":[]}],"coupon":null,"subtotal":{"price":90,"deposit":0},"customer":"Adam Stein","tax_in_price":"excluded","tax_paid":"11.70","extras_multiply_nop":1}','2019-06-11 10:59:32' );
INSERT INTO wp_bookly_customer_appointments ( id,series_id,package_id,customer_id,appointment_id,payment_id,number_of_persons,units,notes,extras,extras_multiply_nop,extras_consider_duration,custom_fields,status,status_changed_at,token,time_zone,time_zone_offset,rating,rating_comment,locale,collaborative_service_id,collaborative_token,compound_service_id,compound_token,created_from,created )VALUES( 1230,null,null,1230,1230,1230,1,1,'','[]',1,1,'[{"id":43107,"value":"Eric Benchimol"},{"id":51989,"value":"Wedding"},{"id":27913,"value":""},{"id":72188,"value":["I agree to <a href="https:\/\/www.mintroom.ca\/Terms_and_Conditions.pdf?v=11122018" target="_blank">Terms and Conditions<\/a>"]},{"id":85555,"value":["I agree there will be no more than 10 guests in the room per booking"]},{"id":27913,"value":" "},{"id":87958,"value":[]},{"id":45932,"value":[]}]','approved',null,null,null,null,null,null,null,null,null,null,null,'frontend','2019-06-11 10:59:32' );
INSERT INTO wp_bookly_appointments ( id,location_id,staff_id,staff_any,service_id,custom_service_name,custom_service_price,start_date,end_date,extras_duration,internal_note,google_event_id,google_event_etag,outlook_event_id,outlook_event_change_key,outlook_event_series_id,created_from,created )VALUES( 1231,null,9,0,4,null,null,'2019-07-07 12:00:00','2019-07-07 13:00:00',0,null,null,null,null,null,null,'bookly','2019-06-11 10:59:32' );
INSERT INTO wp_bookly_appointments ( id,location_id,staff_id,staff_any,service_id,custom_service_name,custom_service_price,start_date,end_date,extras_duration,internal_note,google_event_id,google_event_etag,outlook_event_id,outlook_event_change_key,outlook_event_series_id,created_from,created )VALUES( 3231,null,13,0,8,null,null,'2019-07-07 12:00:00','2019-07-07 13:00:00',0,null,null,null,null,null,null,'bookly','2019-06-11 10:59:32' );
INSERT INTO wp_bookly_appointments ( id,location_id,staff_id,staff_any,service_id,custom_service_name,custom_service_price,start_date,end_date,extras_duration,internal_note,google_event_id,google_event_etag,outlook_event_id,outlook_event_change_key,outlook_event_series_id,created_from,created )VALUES( 4231,null,14,0,9,null,null,'2019-07-07 12:00:00','2019-07-07 13:00:00',0,null,null,null,null,null,null,'bookly','2019-06-11 10:59:32' );
INSERT INTO wp_bookly_customers ( id,wp_user_id,facebook_id,group_id,full_name,first_name,last_name,phone,email,birthday,country,state,postcode,city,street,street_number,additional_address,notes,info_fields,credit,created )VALUES( 1231,null,null,null,'SUNN SUNN S HALLIKERI','SUNN SUNN S HALLIKERI','','7137246475','shallikeri@gmail.com*',null,'','','','','','','','',null,0,'2019-06-11 10:59:32' );
INSERT INTO wp_bookly_customer_appointments ( id,series_id,package_id,customer_id,appointment_id,payment_id,number_of_persons,units,notes,extras,extras_multiply_nop,extras_consider_duration,custom_fields,status,status_changed_at,token,time_zone,time_zone_offset,rating,rating_comment,locale,collaborative_service_id,collaborative_token,compound_service_id,compound_token,created_from,created )VALUES( 1231,null,null,1231,1231,1231,1,1,'','[]',1,1,'[{"id":43107,"value":"Bruna Sanchez"},{"id":51989,"value":"Wedding"},{"id":27913,"value":""},{"id":72188,"value":["I agree to <a href="https:\/\/www.mintroom.ca\/Terms_and_Conditions.pdf?v=11122018" target="_blank">Terms and Conditions<\/a>"]},{"id":85555,"value":["I agree there will be no more than 10 guests in the room per booking"]},{"id":27913,"value":" "},{"id":87958,"value":[]},{"id":45932,"value":[]}]','approved',null,null,null,null,null,null,null,null,null,null,null,'frontend','2019-06-11 10:59:32' );
INSERT INTO wp_bookly_appointments ( id,location_id,staff_id,staff_any,service_id,custom_service_name,custom_service_price,start_date,end_date,extras_duration,internal_note,google_event_id,google_event_etag,outlook_event_id,outlook_event_change_key,outlook_event_series_id,created_from,created )VALUES( 1232,null,9,0,4,null,null,'2019-07-07 13:00:00','2019-07-07 14:00:00',0,null,null,null,null,null,null,'bookly','2019-06-11 10:59:32' );
INSERT INTO wp_bookly_appointments ( id,location_id,staff_id,staff_any,service_id,custom_service_name,custom_service_price,start_date,end_date,extras_duration,internal_note,google_event_id,google_event_etag,outlook_event_id,outlook_event_change_key,outlook_event_series_id,created_from,created )VALUES( 3232,null,13,0,8,null,null,'2019-07-07 13:00:00','2019-07-07 14:00:00',0,null,null,null,null,null,null,'bookly','2019-06-11 10:59:32' );
INSERT INTO wp_bookly_appointments ( id,location_id,staff_id,staff_any,service_id,custom_service_name,custom_service_price,start_date,end_date,extras_duration,internal_note,google_event_id,google_event_etag,outlook_event_id,outlook_event_change_key,outlook_event_series_id,created_from,created )VALUES( 4232,null,14,0,9,null,null,'2019-07-07 13:00:00','2019-07-07 14:00:00',0,null,null,null,null,null,null,'bookly','2019-06-11 10:59:32' );
INSERT INTO wp_bookly_customer_appointments ( id,series_id,package_id,customer_id,appointment_id,payment_id,number_of_persons,units,notes,extras,extras_multiply_nop,extras_consider_duration,custom_fields,status,status_changed_at,token,time_zone,time_zone_offset,rating,rating_comment,locale,collaborative_service_id,collaborative_token,compound_service_id,compound_token,created_from,created )VALUES( 1232,null,null,1231,1232,1232,1,1,'','[]',1,1,'[{"id":43107,"value":"Bruna Sanchez"},{"id":51989,"value":"Wedding"},{"id":27913,"value":""},{"id":72188,"value":["I agree to <a href="https:\/\/www.mintroom.ca\/Terms_and_Conditions.pdf?v=11122018" target="_blank">Terms and Conditions<\/a>"]},{"id":85555,"value":["I agree there will be no more than 10 guests in the room per booking"]},{"id":27913,"value":" "},{"id":87958,"value":[]},{"id":45932,"value":[]}]','approved',null,null,null,null,null,null,null,null,null,null,null,'frontend','2019-06-11 10:59:32' );
INSERT INTO wp_bookly_appointments ( id,location_id,staff_id,staff_any,service_id,custom_service_name,custom_service_price,start_date,end_date,extras_duration,internal_note,google_event_id,google_event_etag,outlook_event_id,outlook_event_change_key,outlook_event_series_id,created_from,created )VALUES( 1233,null,9,0,4,null,null,'2019-10-26 08:00:00','2019-10-26 09:00:00',0,null,null,null,null,null,null,'bookly','2019-06-11 10:59:32' );
INSERT INTO wp_bookly_customers ( id,wp_user_id,facebook_id,group_id,full_name,first_name,last_name,phone,email,birthday,country,state,postcode,city,street,street_number,additional_address,notes,info_fields,credit,created )VALUES( 1233,null,null,null,'Nazia Khan','Nazia Khan','','6479618349','n.khan@live.ca*',null,'','','','','','','','',null,0,'2019-06-11 10:59:32' );
INSERT INTO wp_bookly_payments ( id,coupon_id,type,total,tax,paid,paid_type,gateway_price_correction,status,details,created )VALUES( 1233,null,'stripe',101.7,11.7,101.7,'in_full',0.00,'completed','{"items":[{"ca_id":1233,"appointment_date":"2019-10-26 08:00:00","service_name":"Ballroom","service_price":90,"service_tax":"11.70","wait_listed":false,"deposit_format":null,"number_of_persons":1,"units":"1","duration":"3600","staff_name":"Ballroom","extras":[]}],"coupon":null,"subtotal":{"price":90,"deposit":0},"customer":"Nazia Khan","tax_in_price":"excluded","tax_paid":"11.70","extras_multiply_nop":1}','2019-06-11 10:59:32' );
INSERT INTO wp_bookly_customer_appointments ( id,series_id,package_id,customer_id,appointment_id,payment_id,number_of_persons,units,notes,extras,extras_multiply_nop,extras_consider_duration,custom_fields,status,status_changed_at,token,time_zone,time_zone_offset,rating,rating_comment,locale,collaborative_service_id,collaborative_token,compound_service_id,compound_token,created_from,created )VALUES( 1233,null,null,1233,1233,1233,1,1,'','[]',1,1,'[{"id":43107,"value":"Iman Visuala"},{"id":51989,"value":"Wedding"},{"id":27913,"value":""},{"id":72188,"value":["I agree to <a href="https:\/\/www.mintroom.ca\/Terms_and_Conditions.pdf?v=11122018" target="_blank">Terms and Conditions<\/a>"]},{"id":85555,"value":["I agree there will be no more than 10 guests in the room per booking"]},{"id":27913,"value":" "},{"id":87958,"value":[]},{"id":45932,"value":[]}]','approved',null,null,null,null,null,null,null,null,null,null,null,'frontend','2019-06-11 10:59:32' );
INSERT INTO wp_bookly_appointments ( id,location_id,staff_id,staff_any,service_id,custom_service_name,custom_service_price,start_date,end_date,extras_duration,internal_note,google_event_id,google_event_etag,outlook_event_id,outlook_event_change_key,outlook_event_series_id,created_from,created )VALUES( 1234,null,11,0,6,null,null,'2019-10-26 09:00:00','2019-10-26 10:00:00',0,null,null,null,null,null,null,'bookly','2019-06-11 10:59:32' );
INSERT INTO wp_bookly_payments ( id,coupon_id,type,total,tax,paid,paid_type,gateway_price_correction,status,details,created )VALUES( 1234,null,'stripe',101.7,11.7,101.7,'in_full',0.00,'completed','{"items":[{"ca_id":1234,"appointment_date":"2019-10-26 09:00:00","service_name":"Library","service_price":90,"service_tax":"11.70","wait_listed":false,"deposit_format":null,"number_of_persons":1,"units":"1","duration":"3600","staff_name":"Library","extras":[]}],"coupon":null,"subtotal":{"price":90,"deposit":0},"customer":"Nazia Khan","tax_in_price":"excluded","tax_paid":"11.70","extras_multiply_nop":1}','2019-06-11 10:59:32' );
INSERT INTO wp_bookly_customer_appointments ( id,series_id,package_id,customer_id,appointment_id,payment_id,number_of_persons,units,notes,extras,extras_multiply_nop,extras_consider_duration,custom_fields,status,status_changed_at,token,time_zone,time_zone_offset,rating,rating_comment,locale,collaborative_service_id,collaborative_token,compound_service_id,compound_token,created_from,created )VALUES( 1234,null,null,1233,1234,1234,1,1,'','[]',1,1,'[{"id":43107,"value":"Iman Visuals"},{"id":51989,"value":"Wedding"},{"id":27913,"value":""},{"id":72188,"value":["I agree to <a href="https:\/\/www.mintroom.ca\/Terms_and_Conditions.pdf?v=11122018" target="_blank">Terms and Conditions<\/a>"]},{"id":85555,"value":["I agree there will be no more than 10 guests in the room per booking"]},{"id":27913,"value":" "},{"id":87958,"value":[]},{"id":45932,"value":[]}]','approved',null,null,null,null,null,null,null,null,null,null,null,'frontend','2019-06-11 10:59:32' );
INSERT INTO wp_bookly_appointments ( id,location_id,staff_id,staff_any,service_id,custom_service_name,custom_service_price,start_date,end_date,extras_duration,internal_note,google_event_id,google_event_etag,outlook_event_id,outlook_event_change_key,outlook_event_series_id,created_from,created )VALUES( 1235,null,12,0,7,null,null,'2019-07-05 12:00:00','2019-07-05 13:00:00',0,null,null,null,null,null,null,'bookly','2019-06-11 10:59:32' );
INSERT INTO wp_bookly_payments ( id,coupon_id,type,total,tax,paid,paid_type,gateway_price_correction,status,details,created )VALUES( 1235,null,'stripe',124.3,14.3,124.3,'in_full',0.00,'completed','{"items":[{"ca_id":1235,"appointment_date":"2019-07-05 12:00:00","service_name":"Lounge","service_price":55,"service_tax":"7.15","wait_listed":false,"deposit_format":null,"number_of_persons":1,"units":"1","duration":"3600","staff_name":"Lounge","extras":[]}],"coupon":null,"subtotal":{"price":110,"deposit":0},"customer":"Connie Degiorgio","tax_in_price":"excluded","tax_paid":"14.30","extras_multiply_nop":1}','2019-06-11 10:59:32' );
INSERT INTO wp_bookly_customer_appointments ( id,series_id,package_id,customer_id,appointment_id,payment_id,number_of_persons,units,notes,extras,extras_multiply_nop,extras_consider_duration,custom_fields,status,status_changed_at,token,time_zone,time_zone_offset,rating,rating_comment,locale,collaborative_service_id,collaborative_token,compound_service_id,compound_token,created_from,created )VALUES( 1235,null,null,1113,1235,1235,1,1,'','[]',1,1,'[{"id":43107,"value":"Connie Degiorgio"},{"id":51989,"value":"Wedding"},{"id":27913,"value":""},{"id":72188,"value":["I agree to <a href="https:\/\/www.mintroom.ca\/Terms_and_Conditions.pdf?v=11122018" target="_blank">Terms and Conditions<\/a>"]},{"id":85555,"value":["I agree there will be no more than 10 guests in the room per booking"]},{"id":27913,"value":" "},{"id":87958,"value":[]},{"id":45932,"value":[]}]','approved',null,null,null,null,null,null,null,null,null,null,null,'frontend','2019-06-11 10:59:32' );
INSERT INTO wp_bookly_appointments ( id,location_id,staff_id,staff_any,service_id,custom_service_name,custom_service_price,start_date,end_date,extras_duration,internal_note,google_event_id,google_event_etag,outlook_event_id,outlook_event_change_key,outlook_event_series_id,created_from,created )VALUES( 1236,null,12,0,7,null,null,'2019-09-21 11:00:00','2019-09-21 12:00:00',0,null,null,null,null,null,null,'bookly','2019-06-11 10:59:32' );
INSERT INTO wp_bookly_appointments ( id,location_id,staff_id,staff_any,service_id,custom_service_name,custom_service_price,start_date,end_date,extras_duration,internal_note,google_event_id,google_event_etag,outlook_event_id,outlook_event_change_key,outlook_event_series_id,created_from,created )VALUES( 3236,null,13,0,8,null,null,'2019-09-21 11:00:00','2019-09-21 12:00:00',0,null,null,null,null,null,null,'bookly','2019-06-11 10:59:32' );
INSERT INTO wp_bookly_customers ( id,wp_user_id,facebook_id,group_id,full_name,first_name,last_name,phone,email,birthday,country,state,postcode,city,street,street_number,additional_address,notes,info_fields,credit,created )VALUES( 1236,null,null,null,'Cristina Lucca','Cristina Lucca','','647-469-5045','cristinalucca@gmail.com*',null,'','','','','','','','',null,0,'2019-06-11 10:59:32' );
INSERT INTO wp_bookly_customer_appointments ( id,series_id,package_id,customer_id,appointment_id,payment_id,number_of_persons,units,notes,extras,extras_multiply_nop,extras_consider_duration,custom_fields,status,status_changed_at,token,time_zone,time_zone_offset,rating,rating_comment,locale,collaborative_service_id,collaborative_token,compound_service_id,compound_token,created_from,created )VALUES( 1236,null,null,1236,1236,1236,1,1,'','[]',1,1,'[{"id":43107,"value":"Isabel Padolina"},{"id":51989,"value":"Fashion"},{"id":27913,"value":""},{"id":72188,"value":["I agree to <a href="https:\/\/www.mintroom.ca\/Terms_and_Conditions.pdf?v=11122018" target="_blank">Terms and Conditions<\/a>"]},{"id":85555,"value":["I agree there will be no more than 10 guests in the room per booking"]},{"id":27913,"value":" "},{"id":87958,"value":[]},{"id":45932,"value":[]}]','approved',null,null,null,null,null,null,null,null,null,null,null,'frontend','2019-06-11 10:59:32' );
INSERT INTO wp_bookly_appointments ( id,location_id,staff_id,staff_any,service_id,custom_service_name,custom_service_price,start_date,end_date,extras_duration,internal_note,google_event_id,google_event_etag,outlook_event_id,outlook_event_change_key,outlook_event_series_id,created_from,created )VALUES( 1237,null,12,0,7,null,null,'2019-09-21 12:00:00','2019-09-21 13:00:00',0,null,null,null,null,null,null,'bookly','2019-06-11 10:59:32' );
INSERT INTO wp_bookly_appointments ( id,location_id,staff_id,staff_any,service_id,custom_service_name,custom_service_price,start_date,end_date,extras_duration,internal_note,google_event_id,google_event_etag,outlook_event_id,outlook_event_change_key,outlook_event_series_id,created_from,created )VALUES( 3237,null,13,0,8,null,null,'2019-09-21 12:00:00','2019-09-21 13:00:00',0,null,null,null,null,null,null,'bookly','2019-06-11 10:59:32' );
INSERT INTO wp_bookly_customer_appointments ( id,series_id,package_id,customer_id,appointment_id,payment_id,number_of_persons,units,notes,extras,extras_multiply_nop,extras_consider_duration,custom_fields,status,status_changed_at,token,time_zone,time_zone_offset,rating,rating_comment,locale,collaborative_service_id,collaborative_token,compound_service_id,compound_token,created_from,created )VALUES( 1237,null,null,1236,1237,1237,1,1,'','[]',1,1,'[{"id":43107,"value":"Isabel Padolina"},{"id":51989,"value":"Fashion"},{"id":27913,"value":""},{"id":72188,"value":["I agree to <a href="https:\/\/www.mintroom.ca\/Terms_and_Conditions.pdf?v=11122018" target="_blank">Terms and Conditions<\/a>"]},{"id":85555,"value":["I agree there will be no more than 10 guests in the room per booking"]},{"id":27913,"value":" "},{"id":87958,"value":[]},{"id":45932,"value":[]}]','approved',null,null,null,null,null,null,null,null,null,null,null,'frontend','2019-06-11 10:59:32' );
INSERT INTO wp_bookly_appointments ( id,location_id,staff_id,staff_any,service_id,custom_service_name,custom_service_price,start_date,end_date,extras_duration,internal_note,google_event_id,google_event_etag,outlook_event_id,outlook_event_change_key,outlook_event_series_id,created_from,created )VALUES( 1238,null,9,0,4,null,null,'2019-11-16 13:00:00','2019-11-16 14:00:00',0,null,null,null,null,null,null,'bookly','2019-06-11 10:59:32' );
INSERT INTO wp_bookly_customers ( id,wp_user_id,facebook_id,group_id,full_name,first_name,last_name,phone,email,birthday,country,state,postcode,city,street,street_number,additional_address,notes,info_fields,credit,created )VALUES( 1238,null,null,null,'Jena Lorusso','Jena Lorusso','','4168548066','jenalorusso@gmail.com*',null,'','','','','','','','',null,0,'2019-06-11 10:59:32' );
INSERT INTO wp_bookly_payments ( id,coupon_id,type,total,tax,paid,paid_type,gateway_price_correction,status,details,created )VALUES( 1238,null,'stripe',406.8,46.8,406.8,'in_full',0.00,'completed','{"items":[{"ca_id":1238,"appointment_date":"2019-11-16 13:00:00","service_name":"Ballroom","service_price":90,"service_tax":"11.70","wait_listed":false,"deposit_format":null,"number_of_persons":1,"units":"1","duration":"3600","staff_name":"Ballroom","extras":[]}],"coupon":null,"subtotal":{"price":360,"deposit":0},"customer":"Jena Lorusso","tax_in_price":"excluded","tax_paid":"46.80","extras_multiply_nop":1}','2019-06-11 10:59:32' );
INSERT INTO wp_bookly_customer_appointments ( id,series_id,package_id,customer_id,appointment_id,payment_id,number_of_persons,units,notes,extras,extras_multiply_nop,extras_consider_duration,custom_fields,status,status_changed_at,token,time_zone,time_zone_offset,rating,rating_comment,locale,collaborative_service_id,collaborative_token,compound_service_id,compound_token,created_from,created )VALUES( 1238,null,null,1238,1238,1238,1,1,'','[]',1,1,'[{"id":43107,"value":"Jessica Silveira"},{"id":51989,"value":"Wedding"},{"id":27913,"value":""},{"id":72188,"value":["I agree to <a href="https:\/\/www.mintroom.ca\/Terms_and_Conditions.pdf?v=11122018" target="_blank">Terms and Conditions<\/a>"]},{"id":85555,"value":["I agree there will be no more than 10 guests in the room per booking"]},{"id":27913,"value":" "},{"id":87958,"value":[]},{"id":45932,"value":[]}]','approved',null,null,null,null,null,null,null,null,null,null,null,'frontend','2019-06-11 10:59:32' );
INSERT INTO wp_bookly_appointments ( id,location_id,staff_id,staff_any,service_id,custom_service_name,custom_service_price,start_date,end_date,extras_duration,internal_note,google_event_id,google_event_etag,outlook_event_id,outlook_event_change_key,outlook_event_series_id,created_from,created )VALUES( 1239,null,9,0,4,null,null,'2019-11-16 14:00:00','2019-11-16 15:00:00',0,null,null,null,null,null,null,'bookly','2019-06-11 10:59:32' );
INSERT INTO wp_bookly_payments ( id,coupon_id,type,total,tax,paid,paid_type,gateway_price_correction,status,details,created )VALUES( 1239,null,'stripe',406.8,46.8,406.8,'in_full',0.00,'completed','{"items":[{"ca_id":1239,"appointment_date":"2019-11-16 14:00:00","service_name":"Ballroom","service_price":90,"service_tax":"11.70","wait_listed":false,"deposit_format":null,"number_of_persons":1,"units":"1","duration":"3600","staff_name":"Ballroom","extras":[]}],"coupon":null,"subtotal":{"price":360,"deposit":0},"customer":"Jena Lorusso","tax_in_price":"excluded","tax_paid":"46.80","extras_multiply_nop":1}','2019-06-11 10:59:32' );
INSERT INTO wp_bookly_customer_appointments ( id,series_id,package_id,customer_id,appointment_id,payment_id,number_of_persons,units,notes,extras,extras_multiply_nop,extras_consider_duration,custom_fields,status,status_changed_at,token,time_zone,time_zone_offset,rating,rating_comment,locale,collaborative_service_id,collaborative_token,compound_service_id,compound_token,created_from,created )VALUES( 1239,null,null,1238,1239,1239,1,1,'','[]',1,1,'[{"id":43107,"value":"Jessica Silveira"},{"id":51989,"value":"Wedding"},{"id":27913,"value":""},{"id":72188,"value":["I agree to <a href="https:\/\/www.mintroom.ca\/Terms_and_Conditions.pdf?v=11122018" target="_blank">Terms and Conditions<\/a>"]},{"id":85555,"value":["I agree there will be no more than 10 guests in the room per booking"]},{"id":27913,"value":" "},{"id":87958,"value":[]},{"id":45932,"value":[]}]','approved',null,null,null,null,null,null,null,null,null,null,null,'frontend','2019-06-11 10:59:32' );
INSERT INTO wp_bookly_appointments ( id,location_id,staff_id,staff_any,service_id,custom_service_name,custom_service_price,start_date,end_date,extras_duration,internal_note,google_event_id,google_event_etag,outlook_event_id,outlook_event_change_key,outlook_event_series_id,created_from,created )VALUES( 1240,null,9,0,4,null,null,'2019-11-16 15:00:00','2019-11-16 16:00:00',0,null,null,null,null,null,null,'bookly','2019-06-11 10:59:32' );
INSERT INTO wp_bookly_payments ( id,coupon_id,type,total,tax,paid,paid_type,gateway_price_correction,status,details,created )VALUES( 1240,null,'stripe',406.8,46.8,406.8,'in_full',0.00,'completed','{"items":[{"ca_id":1240,"appointment_date":"2019-11-16 15:00:00","service_name":"Ballroom","service_price":90,"service_tax":"11.70","wait_listed":false,"deposit_format":null,"number_of_persons":1,"units":"1","duration":"3600","staff_name":"Ballroom","extras":[]}],"coupon":null,"subtotal":{"price":360,"deposit":0},"customer":"Jena Lorusso","tax_in_price":"excluded","tax_paid":"46.80","extras_multiply_nop":1}','2019-06-11 10:59:32' );
INSERT INTO wp_bookly_customer_appointments ( id,series_id,package_id,customer_id,appointment_id,payment_id,number_of_persons,units,notes,extras,extras_multiply_nop,extras_consider_duration,custom_fields,status,status_changed_at,token,time_zone,time_zone_offset,rating,rating_comment,locale,collaborative_service_id,collaborative_token,compound_service_id,compound_token,created_from,created )VALUES( 1240,null,null,1238,1240,1240,1,1,'','[]',1,1,'[{"id":43107,"value":"Jessica Silveira"},{"id":51989,"value":"Wedding"},{"id":27913,"value":""},{"id":72188,"value":["I agree to <a href="https:\/\/www.mintroom.ca\/Terms_and_Conditions.pdf?v=11122018" target="_blank">Terms and Conditions<\/a>"]},{"id":85555,"value":["I agree there will be no more than 10 guests in the room per booking"]},{"id":27913,"value":" "},{"id":87958,"value":[]},{"id":45932,"value":[]}]','approved',null,null,null,null,null,null,null,null,null,null,null,'frontend','2019-06-11 10:59:32' );
INSERT INTO wp_bookly_appointments ( id,location_id,staff_id,staff_any,service_id,custom_service_name,custom_service_price,start_date,end_date,extras_duration,internal_note,google_event_id,google_event_etag,outlook_event_id,outlook_event_change_key,outlook_event_series_id,created_from,created )VALUES( 1241,null,9,0,4,null,null,'2019-11-16 16:00:00','2019-11-16 17:00:00',0,null,null,null,null,null,null,'bookly','2019-06-11 10:59:32' );
INSERT INTO wp_bookly_payments ( id,coupon_id,type,total,tax,paid,paid_type,gateway_price_correction,status,details,created )VALUES( 1241,null,'stripe',406.8,46.8,406.8,'in_full',0.00,'completed','{"items":[{"ca_id":1241,"appointment_date":"2019-11-16 16:00:00","service_name":"Ballroom","service_price":90,"service_tax":"11.70","wait_listed":false,"deposit_format":null,"number_of_persons":1,"units":"1","duration":"3600","staff_name":"Ballroom","extras":[]}],"coupon":null,"subtotal":{"price":360,"deposit":0},"customer":"Jena Lorusso","tax_in_price":"excluded","tax_paid":"46.80","extras_multiply_nop":1}','2019-06-11 10:59:32' );
INSERT INTO wp_bookly_customer_appointments ( id,series_id,package_id,customer_id,appointment_id,payment_id,number_of_persons,units,notes,extras,extras_multiply_nop,extras_consider_duration,custom_fields,status,status_changed_at,token,time_zone,time_zone_offset,rating,rating_comment,locale,collaborative_service_id,collaborative_token,compound_service_id,compound_token,created_from,created )VALUES( 1241,null,null,1238,1241,1241,1,1,'','[]',1,1,'[{"id":43107,"value":"Jessica Silveira"},{"id":51989,"value":"Wedding"},{"id":27913,"value":""},{"id":72188,"value":["I agree to <a href="https:\/\/www.mintroom.ca\/Terms_and_Conditions.pdf?v=11122018" target="_blank">Terms and Conditions<\/a>"]},{"id":85555,"value":["I agree there will be no more than 10 guests in the room per booking"]},{"id":27913,"value":" "},{"id":87958,"value":[]},{"id":45932,"value":[]}]','approved',null,null,null,null,null,null,null,null,null,null,null,'frontend','2019-06-11 10:59:32' );
INSERT INTO wp_bookly_appointments ( id,location_id,staff_id,staff_any,service_id,custom_service_name,custom_service_price,start_date,end_date,extras_duration,internal_note,google_event_id,google_event_etag,outlook_event_id,outlook_event_change_key,outlook_event_series_id,created_from,created )VALUES( 1242,null,10,0,5,null,null,'2019-11-16 13:00:00','2019-11-16 14:00:00',0,null,null,null,null,null,null,'bookly','2019-06-11 10:59:32' );
INSERT INTO wp_bookly_payments ( id,coupon_id,type,total,tax,paid,paid_type,gateway_price_correction,status,details,created )VALUES( 1242,null,'stripe',406.8,46.8,406.8,'in_full',0.00,'completed','{"items":[{"ca_id":1242,"appointment_date":"2019-11-16 13:00:00","service_name":"Conservatory","service_price":90,"service_tax":"11.70","wait_listed":false,"deposit_format":null,"number_of_persons":1,"units":"1","duration":"3600","staff_name":"Conservatory","extras":[]}],"coupon":null,"subtotal":{"price":360,"deposit":0},"customer":"Jena Lorusso","tax_in_price":"excluded","tax_paid":"46.80","extras_multiply_nop":1}','2019-06-11 10:59:32' );
INSERT INTO wp_bookly_customer_appointments ( id,series_id,package_id,customer_id,appointment_id,payment_id,number_of_persons,units,notes,extras,extras_multiply_nop,extras_consider_duration,custom_fields,status,status_changed_at,token,time_zone,time_zone_offset,rating,rating_comment,locale,collaborative_service_id,collaborative_token,compound_service_id,compound_token,created_from,created )VALUES( 1242,null,null,1238,1242,1242,1,1,'','[]',1,1,'[{"id":43107,"value":"Jessica Silveira"},{"id":51989,"value":"Wedding"},{"id":27913,"value":""},{"id":72188,"value":["I agree to <a href="https:\/\/www.mintroom.ca\/Terms_and_Conditions.pdf?v=11122018" target="_blank">Terms and Conditions<\/a>"]},{"id":85555,"value":["I agree there will be no more than 10 guests in the room per booking"]},{"id":27913,"value":" "},{"id":87958,"value":[]},{"id":45932,"value":[]}]','approved',null,null,null,null,null,null,null,null,null,null,null,'frontend','2019-06-11 10:59:32' );
INSERT INTO wp_bookly_appointments ( id,location_id,staff_id,staff_any,service_id,custom_service_name,custom_service_price,start_date,end_date,extras_duration,internal_note,google_event_id,google_event_etag,outlook_event_id,outlook_event_change_key,outlook_event_series_id,created_from,created )VALUES( 1243,null,10,0,5,null,null,'2019-11-16 14:00:00','2019-11-16 15:00:00',0,null,null,null,null,null,null,'bookly','2019-06-11 10:59:32' );
INSERT INTO wp_bookly_payments ( id,coupon_id,type,total,tax,paid,paid_type,gateway_price_correction,status,details,created )VALUES( 1243,null,'stripe',406.8,46.8,406.8,'in_full',0.00,'completed','{"items":[{"ca_id":1243,"appointment_date":"2019-11-16 14:00:00","service_name":"Conservatory","service_price":90,"service_tax":"11.70","wait_listed":false,"deposit_format":null,"number_of_persons":1,"units":"1","duration":"3600","staff_name":"Conservatory","extras":[]}],"coupon":null,"subtotal":{"price":360,"deposit":0},"customer":"Jena Lorusso","tax_in_price":"excluded","tax_paid":"46.80","extras_multiply_nop":1}','2019-06-11 10:59:32' );
INSERT INTO wp_bookly_customer_appointments ( id,series_id,package_id,customer_id,appointment_id,payment_id,number_of_persons,units,notes,extras,extras_multiply_nop,extras_consider_duration,custom_fields,status,status_changed_at,token,time_zone,time_zone_offset,rating,rating_comment,locale,collaborative_service_id,collaborative_token,compound_service_id,compound_token,created_from,created )VALUES( 1243,null,null,1238,1243,1243,1,1,'','[]',1,1,'[{"id":43107,"value":"Jessica Silveira"},{"id":51989,"value":"Wedding"},{"id":27913,"value":""},{"id":72188,"value":["I agree to <a href="https:\/\/www.mintroom.ca\/Terms_and_Conditions.pdf?v=11122018" target="_blank">Terms and Conditions<\/a>"]},{"id":85555,"value":["I agree there will be no more than 10 guests in the room per booking"]},{"id":27913,"value":" "},{"id":87958,"value":[]},{"id":45932,"value":[]}]','approved',null,null,null,null,null,null,null,null,null,null,null,'frontend','2019-06-11 10:59:32' );
INSERT INTO wp_bookly_appointments ( id,location_id,staff_id,staff_any,service_id,custom_service_name,custom_service_price,start_date,end_date,extras_duration,internal_note,google_event_id,google_event_etag,outlook_event_id,outlook_event_change_key,outlook_event_series_id,created_from,created )VALUES( 1244,null,10,0,5,null,null,'2019-11-16 15:00:00','2019-11-16 16:00:00',0,null,null,null,null,null,null,'bookly','2019-06-11 10:59:32' );
INSERT INTO wp_bookly_payments ( id,coupon_id,type,total,tax,paid,paid_type,gateway_price_correction,status,details,created )VALUES( 1244,null,'stripe',406.8,46.8,406.8,'in_full',0.00,'completed','{"items":[{"ca_id":1244,"appointment_date":"2019-11-16 15:00:00","service_name":"Conservatory","service_price":90,"service_tax":"11.70","wait_listed":false,"deposit_format":null,"number_of_persons":1,"units":"1","duration":"3600","staff_name":"Conservatory","extras":[]}],"coupon":null,"subtotal":{"price":360,"deposit":0},"customer":"Jena Lorusso","tax_in_price":"excluded","tax_paid":"46.80","extras_multiply_nop":1}','2019-06-11 10:59:32' );
INSERT INTO wp_bookly_customer_appointments ( id,series_id,package_id,customer_id,appointment_id,payment_id,number_of_persons,units,notes,extras,extras_multiply_nop,extras_consider_duration,custom_fields,status,status_changed_at,token,time_zone,time_zone_offset,rating,rating_comment,locale,collaborative_service_id,collaborative_token,compound_service_id,compound_token,created_from,created )VALUES( 1244,null,null,1238,1244,1244,1,1,'','[]',1,1,'[{"id":43107,"value":"Jessica Silveira"},{"id":51989,"value":"Wedding"},{"id":27913,"value":""},{"id":72188,"value":["I agree to <a href="https:\/\/www.mintroom.ca\/Terms_and_Conditions.pdf?v=11122018" target="_blank">Terms and Conditions<\/a>"]},{"id":85555,"value":["I agree there will be no more than 10 guests in the room per booking"]},{"id":27913,"value":" "},{"id":87958,"value":[]},{"id":45932,"value":[]}]','approved',null,null,null,null,null,null,null,null,null,null,null,'frontend','2019-06-11 10:59:32' );
INSERT INTO wp_bookly_appointments ( id,location_id,staff_id,staff_any,service_id,custom_service_name,custom_service_price,start_date,end_date,extras_duration,internal_note,google_event_id,google_event_etag,outlook_event_id,outlook_event_change_key,outlook_event_series_id,created_from,created )VALUES( 1245,null,10,0,5,null,null,'2019-11-16 16:00:00','2019-11-16 17:00:00',0,null,null,null,null,null,null,'bookly','2019-06-11 10:59:32' );
INSERT INTO wp_bookly_payments ( id,coupon_id,type,total,tax,paid,paid_type,gateway_price_correction,status,details,created )VALUES( 1245,null,'stripe',406.8,46.8,406.8,'in_full',0.00,'completed','{"items":[{"ca_id":1245,"appointment_date":"2019-11-16 16:00:00","service_name":"Conservatory","service_price":90,"service_tax":"11.70","wait_listed":false,"deposit_format":null,"number_of_persons":1,"units":"1","duration":"3600","staff_name":"Conservatory","extras":[]}],"coupon":null,"subtotal":{"price":360,"deposit":0},"customer":"Jena Lorusso","tax_in_price":"excluded","tax_paid":"46.80","extras_multiply_nop":1}','2019-06-11 10:59:32' );
INSERT INTO wp_bookly_customer_appointments ( id,series_id,package_id,customer_id,appointment_id,payment_id,number_of_persons,units,notes,extras,extras_multiply_nop,extras_consider_duration,custom_fields,status,status_changed_at,token,time_zone,time_zone_offset,rating,rating_comment,locale,collaborative_service_id,collaborative_token,compound_service_id,compound_token,created_from,created )VALUES( 1245,null,null,1238,1245,1245,1,1,'','[]',1,1,'[{"id":43107,"value":"Jessica Silveira"},{"id":51989,"value":"Wedding"},{"id":27913,"value":""},{"id":72188,"value":["I agree to <a href="https:\/\/www.mintroom.ca\/Terms_and_Conditions.pdf?v=11122018" target="_blank">Terms and Conditions<\/a>"]},{"id":85555,"value":["I agree there will be no more than 10 guests in the room per booking"]},{"id":27913,"value":" "},{"id":87958,"value":[]},{"id":45932,"value":[]}]','approved',null,null,null,null,null,null,null,null,null,null,null,'frontend','2019-06-11 10:59:32' );
INSERT INTO wp_bookly_appointments ( id,location_id,staff_id,staff_any,service_id,custom_service_name,custom_service_price,start_date,end_date,extras_duration,internal_note,google_event_id,google_event_etag,outlook_event_id,outlook_event_change_key,outlook_event_series_id,created_from,created )VALUES( 1246,null,12,0,7,null,null,'2019-11-16 14:00:00','2019-11-16 15:00:00',0,null,null,null,null,null,null,'bookly','2019-06-11 10:59:32' );
INSERT INTO wp_bookly_payments ( id,coupon_id,type,total,tax,paid,paid_type,gateway_price_correction,status,details,created )VALUES( 1246,null,'stripe',124.3,14.3,124.3,'in_full',0.00,'completed','{"items":[{"ca_id":1246,"appointment_date":"2019-11-16 14:00:00","service_name":"Lounge","service_price":55,"service_tax":"7.15","wait_listed":false,"deposit_format":null,"number_of_persons":1,"units":"1","duration":"3600","staff_name":"Lounge","extras":[]}],"coupon":null,"subtotal":{"price":110,"deposit":0},"customer":"Jena Lorusso","tax_in_price":"excluded","tax_paid":"14.30","extras_multiply_nop":1}','2019-06-11 10:59:32' );
INSERT INTO wp_bookly_customer_appointments ( id,series_id,package_id,customer_id,appointment_id,payment_id,number_of_persons,units,notes,extras,extras_multiply_nop,extras_consider_duration,custom_fields,status,status_changed_at,token,time_zone,time_zone_offset,rating,rating_comment,locale,collaborative_service_id,collaborative_token,compound_service_id,compound_token,created_from,created )VALUES( 1246,null,null,1238,1246,1246,1,1,'','[]',1,1,'[{"id":43107,"value":"Jessica Silveira"},{"id":51989,"value":"Wedding"},{"id":27913,"value":""},{"id":72188,"value":["I agree to <a href="https:\/\/www.mintroom.ca\/Terms_and_Conditions.pdf?v=11122018" target="_blank">Terms and Conditions<\/a>"]},{"id":85555,"value":["I agree there will be no more than 10 guests in the room per booking"]},{"id":27913,"value":" "},{"id":87958,"value":[]},{"id":45932,"value":[]}]','approved',null,null,null,null,null,null,null,null,null,null,null,'frontend','2019-06-11 10:59:32' );
INSERT INTO wp_bookly_appointments ( id,location_id,staff_id,staff_any,service_id,custom_service_name,custom_service_price,start_date,end_date,extras_duration,internal_note,google_event_id,google_event_etag,outlook_event_id,outlook_event_change_key,outlook_event_series_id,created_from,created )VALUES( 1247,null,12,0,7,null,null,'2019-11-16 15:00:00','2019-11-16 16:00:00',0,null,null,null,null,null,null,'bookly','2019-06-11 10:59:32' );
INSERT INTO wp_bookly_payments ( id,coupon_id,type,total,tax,paid,paid_type,gateway_price_correction,status,details,created )VALUES( 1247,null,'stripe',124.3,14.3,124.3,'in_full',0.00,'completed','{"items":[{"ca_id":1247,"appointment_date":"2019-11-16 15:00:00","service_name":"Lounge","service_price":55,"service_tax":"7.15","wait_listed":false,"deposit_format":null,"number_of_persons":1,"units":"1","duration":"3600","staff_name":"Lounge","extras":[]}],"coupon":null,"subtotal":{"price":110,"deposit":0},"customer":"Jena Lorusso","tax_in_price":"excluded","tax_paid":"14.30","extras_multiply_nop":1}','2019-06-11 10:59:32' );
INSERT INTO wp_bookly_customer_appointments ( id,series_id,package_id,customer_id,appointment_id,payment_id,number_of_persons,units,notes,extras,extras_multiply_nop,extras_consider_duration,custom_fields,status,status_changed_at,token,time_zone,time_zone_offset,rating,rating_comment,locale,collaborative_service_id,collaborative_token,compound_service_id,compound_token,created_from,created )VALUES( 1247,null,null,1238,1247,1247,1,1,'','[]',1,1,'[{"id":43107,"value":"Jessica Silveira"},{"id":51989,"value":"Wedding"},{"id":27913,"value":""},{"id":72188,"value":["I agree to <a href="https:\/\/www.mintroom.ca\/Terms_and_Conditions.pdf?v=11122018" target="_blank">Terms and Conditions<\/a>"]},{"id":85555,"value":["I agree there will be no more than 10 guests in the room per booking"]},{"id":27913,"value":" "},{"id":87958,"value":[]},{"id":45932,"value":[]}]','approved',null,null,null,null,null,null,null,null,null,null,null,'frontend','2019-06-11 10:59:32' );
INSERT INTO wp_bookly_appointments ( id,location_id,staff_id,staff_any,service_id,custom_service_name,custom_service_price,start_date,end_date,extras_duration,internal_note,google_event_id,google_event_etag,outlook_event_id,outlook_event_change_key,outlook_event_series_id,created_from,created )VALUES( 1248,null,9,0,4,null,null,'2019-06-23 12:00:00','2019-06-23 13:00:00',0,null,null,null,null,null,null,'bookly','2019-06-11 10:59:32' );
INSERT INTO wp_bookly_customers ( id,wp_user_id,facebook_id,group_id,full_name,first_name,last_name,phone,email,birthday,country,state,postcode,city,street,street_number,additional_address,notes,info_fields,credit,created )VALUES( 1248,null,null,null,'Anna Wood','Anna Wood','','2269293547','Annawood2701@gmail.com*',null,'','','','','','','','',null,0,'2019-06-11 10:59:32' );
INSERT INTO wp_bookly_payments ( id,coupon_id,type,total,tax,paid,paid_type,gateway_price_correction,status,details,created )VALUES( 1248,null,'stripe',101.7,11.7,101.7,'in_full',0.00,'completed','{"items":[{"ca_id":1248,"appointment_date":"2019-06-23 12:00:00","service_name":"Ballroom","service_price":90,"service_tax":"11.70","wait_listed":false,"deposit_format":null,"number_of_persons":1,"units":"1","duration":"3600","staff_name":"Ballroom","extras":[]}],"coupon":null,"subtotal":{"price":90,"deposit":0},"customer":"Anna Wood","tax_in_price":"excluded","tax_paid":"11.70","extras_multiply_nop":1}','2019-06-11 10:59:32' );
INSERT INTO wp_bookly_customer_appointments ( id,series_id,package_id,customer_id,appointment_id,payment_id,number_of_persons,units,notes,extras,extras_multiply_nop,extras_consider_duration,custom_fields,status,status_changed_at,token,time_zone,time_zone_offset,rating,rating_comment,locale,collaborative_service_id,collaborative_token,compound_service_id,compound_token,created_from,created )VALUES( 1248,null,null,1248,1248,1248,1,1,'','[]',1,1,'[{"id":43107,"value":"Anastasiia "},{"id":51989,"value":"Family"},{"id":27913,"value":""},{"id":72188,"value":["I agree to <a href="https:\/\/www.mintroom.ca\/Terms_and_Conditions.pdf?v=11122018" target="_blank">Terms and Conditions<\/a>"]},{"id":85555,"value":["I agree there will be no more than 10 guests in the room per booking"]},{"id":27913,"value":" "},{"id":87958,"value":[]},{"id":45932,"value":[]}]','approved',null,null,null,null,null,null,null,null,null,null,null,'frontend','2019-06-11 10:59:32' );
INSERT INTO wp_bookly_appointments ( id,location_id,staff_id,staff_any,service_id,custom_service_name,custom_service_price,start_date,end_date,extras_duration,internal_note,google_event_id,google_event_etag,outlook_event_id,outlook_event_change_key,outlook_event_series_id,created_from,created )VALUES( 1249,null,12,0,7,null,null,'2019-06-17 13:00:00','2019-06-17 14:00:00',0,null,null,null,null,null,null,'bookly','2019-06-11 10:59:32' );
INSERT INTO wp_bookly_appointments ( id,location_id,staff_id,staff_any,service_id,custom_service_name,custom_service_price,start_date,end_date,extras_duration,internal_note,google_event_id,google_event_etag,outlook_event_id,outlook_event_change_key,outlook_event_series_id,created_from,created )VALUES( 3249,null,13,0,8,null,null,'2019-06-17 13:00:00','2019-06-17 14:00:00',0,null,null,null,null,null,null,'bookly','2019-06-11 10:59:32' );
INSERT INTO wp_bookly_customers ( id,wp_user_id,facebook_id,group_id,full_name,first_name,last_name,phone,email,birthday,country,state,postcode,city,street,street_number,additional_address,notes,info_fields,credit,created )VALUES( 1249,null,null,null,'Shana DeRoche','Shana DeRoche','','4169090561','hello@dreamweaverevents.ca*',null,'','','','','','','','',null,0,'2019-06-11 10:59:32' );
INSERT INTO wp_bookly_customer_appointments ( id,series_id,package_id,customer_id,appointment_id,payment_id,number_of_persons,units,notes,extras,extras_multiply_nop,extras_consider_duration,custom_fields,status,status_changed_at,token,time_zone,time_zone_offset,rating,rating_comment,locale,collaborative_service_id,collaborative_token,compound_service_id,compound_token,created_from,created )VALUES( 1249,null,null,1249,1249,1249,1,1,'','[]',1,1,'[{"id":43107,"value":"Nadav Rosenberg - Manning Ave"},{"id":51989,"value":"Wedding"},{"id":27913,"value":""},{"id":72188,"value":["I agree to <a href="https:\/\/www.mintroom.ca\/Terms_and_Conditions.pdf?v=11122018" target="_blank">Terms and Conditions<\/a>"]},{"id":85555,"value":["I agree there will be no more than 10 guests in the room per booking"]},{"id":27913,"value":" "},{"id":87958,"value":[]},{"id":45932,"value":[]}]','approved',null,null,null,null,null,null,null,null,null,null,null,'frontend','2019-06-11 10:59:32' );
INSERT INTO wp_bookly_appointments ( id,location_id,staff_id,staff_any,service_id,custom_service_name,custom_service_price,start_date,end_date,extras_duration,internal_note,google_event_id,google_event_etag,outlook_event_id,outlook_event_change_key,outlook_event_series_id,created_from,created )VALUES( 1250,null,12,0,7,null,null,'2019-06-17 14:00:00','2019-06-17 15:00:00',0,null,null,null,null,null,null,'bookly','2019-06-11 10:59:32' );
INSERT INTO wp_bookly_appointments ( id,location_id,staff_id,staff_any,service_id,custom_service_name,custom_service_price,start_date,end_date,extras_duration,internal_note,google_event_id,google_event_etag,outlook_event_id,outlook_event_change_key,outlook_event_series_id,created_from,created )VALUES( 3250,null,13,0,8,null,null,'2019-06-17 14:00:00','2019-06-17 15:00:00',0,null,null,null,null,null,null,'bookly','2019-06-11 10:59:32' );
INSERT INTO wp_bookly_customer_appointments ( id,series_id,package_id,customer_id,appointment_id,payment_id,number_of_persons,units,notes,extras,extras_multiply_nop,extras_consider_duration,custom_fields,status,status_changed_at,token,time_zone,time_zone_offset,rating,rating_comment,locale,collaborative_service_id,collaborative_token,compound_service_id,compound_token,created_from,created )VALUES( 1250,null,null,1249,1250,1250,1,1,'','[]',1,1,'[{"id":43107,"value":"Nadav Rosenberg - Manning Ave"},{"id":51989,"value":"Wedding"},{"id":27913,"value":""},{"id":72188,"value":["I agree to <a href="https:\/\/www.mintroom.ca\/Terms_and_Conditions.pdf?v=11122018" target="_blank">Terms and Conditions<\/a>"]},{"id":85555,"value":["I agree there will be no more than 10 guests in the room per booking"]},{"id":27913,"value":" "},{"id":87958,"value":[]},{"id":45932,"value":[]}]','approved',null,null,null,null,null,null,null,null,null,null,null,'frontend','2019-06-11 10:59:32' );
INSERT INTO wp_bookly_appointments ( id,location_id,staff_id,staff_any,service_id,custom_service_name,custom_service_price,start_date,end_date,extras_duration,internal_note,google_event_id,google_event_etag,outlook_event_id,outlook_event_change_key,outlook_event_series_id,created_from,created )VALUES( 1251,null,12,0,7,null,null,'2019-06-17 15:00:00','2019-06-17 16:00:00',0,null,null,null,null,null,null,'bookly','2019-06-11 10:59:32' );
INSERT INTO wp_bookly_appointments ( id,location_id,staff_id,staff_any,service_id,custom_service_name,custom_service_price,start_date,end_date,extras_duration,internal_note,google_event_id,google_event_etag,outlook_event_id,outlook_event_change_key,outlook_event_series_id,created_from,created )VALUES( 3251,null,13,0,8,null,null,'2019-06-17 15:00:00','2019-06-17 16:00:00',0,null,null,null,null,null,null,'bookly','2019-06-11 10:59:32' );
INSERT INTO wp_bookly_customer_appointments ( id,series_id,package_id,customer_id,appointment_id,payment_id,number_of_persons,units,notes,extras,extras_multiply_nop,extras_consider_duration,custom_fields,status,status_changed_at,token,time_zone,time_zone_offset,rating,rating_comment,locale,collaborative_service_id,collaborative_token,compound_service_id,compound_token,created_from,created )VALUES( 1251,null,null,1249,1251,1251,1,1,'','[]',1,1,'[{"id":43107,"value":"Nadav Rosenberg - Manning Ave"},{"id":51989,"value":"Wedding"},{"id":27913,"value":""},{"id":72188,"value":["I agree to <a href="https:\/\/www.mintroom.ca\/Terms_and_Conditions.pdf?v=11122018" target="_blank">Terms and Conditions<\/a>"]},{"id":85555,"value":["I agree there will be no more than 10 guests in the room per booking"]},{"id":27913,"value":" "},{"id":87958,"value":[]},{"id":45932,"value":[]}]','approved',null,null,null,null,null,null,null,null,null,null,null,'frontend','2019-06-11 10:59:32' );
INSERT INTO wp_bookly_appointments ( id,location_id,staff_id,staff_any,service_id,custom_service_name,custom_service_price,start_date,end_date,extras_duration,internal_note,google_event_id,google_event_etag,outlook_event_id,outlook_event_change_key,outlook_event_series_id,created_from,created )VALUES( 1252,null,12,0,7,null,null,'2019-06-17 16:00:00','2019-06-17 17:00:00',0,null,null,null,null,null,null,'bookly','2019-06-11 10:59:32' );
INSERT INTO wp_bookly_appointments ( id,location_id,staff_id,staff_any,service_id,custom_service_name,custom_service_price,start_date,end_date,extras_duration,internal_note,google_event_id,google_event_etag,outlook_event_id,outlook_event_change_key,outlook_event_series_id,created_from,created )VALUES( 3252,null,13,0,8,null,null,'2019-06-17 16:00:00','2019-06-17 17:00:00',0,null,null,null,null,null,null,'bookly','2019-06-11 10:59:32' );
INSERT INTO wp_bookly_customer_appointments ( id,series_id,package_id,customer_id,appointment_id,payment_id,number_of_persons,units,notes,extras,extras_multiply_nop,extras_consider_duration,custom_fields,status,status_changed_at,token,time_zone,time_zone_offset,rating,rating_comment,locale,collaborative_service_id,collaborative_token,compound_service_id,compound_token,created_from,created )VALUES( 1252,null,null,1249,1252,1252,1,1,'','[]',1,1,'[{"id":43107,"value":"Nadav Rosenberg - Manning Ave"},{"id":51989,"value":"Wedding"},{"id":27913,"value":""},{"id":72188,"value":["I agree to <a href="https:\/\/www.mintroom.ca\/Terms_and_Conditions.pdf?v=11122018" target="_blank">Terms and Conditions<\/a>"]},{"id":85555,"value":["I agree there will be no more than 10 guests in the room per booking"]},{"id":27913,"value":" "},{"id":87958,"value":[]},{"id":45932,"value":[]}]','approved',null,null,null,null,null,null,null,null,null,null,null,'frontend','2019-06-11 10:59:32' );
INSERT INTO wp_bookly_appointments ( id,location_id,staff_id,staff_any,service_id,custom_service_name,custom_service_price,start_date,end_date,extras_duration,internal_note,google_event_id,google_event_etag,outlook_event_id,outlook_event_change_key,outlook_event_series_id,created_from,created )VALUES( 1253,null,10,0,5,null,null,'2019-10-05 14:00:00','2019-10-05 15:00:00',0,null,null,null,null,null,null,'bookly','2019-06-11 10:59:32' );
INSERT INTO wp_bookly_customers ( id,wp_user_id,facebook_id,group_id,full_name,first_name,last_name,phone,email,birthday,country,state,postcode,city,street,street_number,additional_address,notes,info_fields,credit,created )VALUES( 1253,null,null,null,'Taylor MacDonald','Taylor MacDonald','','5192091503','taylorkmacdonald@gmail.com*',null,'','','','','','','','',null,0,'2019-06-11 10:59:32' );
INSERT INTO wp_bookly_payments ( id,coupon_id,type,total,tax,paid,paid_type,gateway_price_correction,status,details,created )VALUES( 1253,null,'stripe',203.4,23.4,203.4,'in_full',0.00,'completed','{"items":[{"ca_id":1253,"appointment_date":"2019-10-05 14:00:00","service_name":"Conservatory","service_price":90,"service_tax":"11.70","wait_listed":false,"deposit_format":null,"number_of_persons":1,"units":"1","duration":"3600","staff_name":"Conservatory","extras":[]}],"coupon":null,"subtotal":{"price":180,"deposit":0},"customer":"Taylor MacDonald","tax_in_price":"excluded","tax_paid":"23.40","extras_multiply_nop":1}','2019-06-11 10:59:32' );
INSERT INTO wp_bookly_customer_appointments ( id,series_id,package_id,customer_id,appointment_id,payment_id,number_of_persons,units,notes,extras,extras_multiply_nop,extras_consider_duration,custom_fields,status,status_changed_at,token,time_zone,time_zone_offset,rating,rating_comment,locale,collaborative_service_id,collaborative_token,compound_service_id,compound_token,created_from,created )VALUES( 1253,null,null,1253,1253,1253,1,1,'I have the Ballroom booked for the same timeslot as well :)','[]',1,1,'[{"id":43107,"value":"Evgueni Lapitski"},{"id":51989,"value":"Wedding"},{"id":27913,"value":""},{"id":72188,"value":["I agree to <a href="https:\/\/www.mintroom.ca\/Terms_and_Conditions.pdf?v=11122018" target="_blank">Terms and Conditions<\/a>"]},{"id":85555,"value":["I agree there will be no more than 10 guests in the room per booking"]},{"id":27913,"value":" "},{"id":87958,"value":[]},{"id":45932,"value":[]}]','approved',null,null,null,null,null,null,null,null,null,null,null,'frontend','2019-06-11 10:59:32' );
INSERT INTO wp_bookly_appointments ( id,location_id,staff_id,staff_any,service_id,custom_service_name,custom_service_price,start_date,end_date,extras_duration,internal_note,google_event_id,google_event_etag,outlook_event_id,outlook_event_change_key,outlook_event_series_id,created_from,created )VALUES( 1254,null,10,0,5,null,null,'2019-10-05 15:00:00','2019-10-05 16:00:00',0,null,null,null,null,null,null,'bookly','2019-06-11 10:59:32' );
INSERT INTO wp_bookly_payments ( id,coupon_id,type,total,tax,paid,paid_type,gateway_price_correction,status,details,created )VALUES( 1254,null,'stripe',203.4,23.4,203.4,'in_full',0.00,'completed','{"items":[{"ca_id":1254,"appointment_date":"2019-10-05 15:00:00","service_name":"Conservatory","service_price":90,"service_tax":"11.70","wait_listed":false,"deposit_format":null,"number_of_persons":1,"units":"1","duration":"3600","staff_name":"Conservatory","extras":[]}],"coupon":null,"subtotal":{"price":180,"deposit":0},"customer":"Taylor MacDonald","tax_in_price":"excluded","tax_paid":"23.40","extras_multiply_nop":1}','2019-06-11 10:59:32' );
INSERT INTO wp_bookly_customer_appointments ( id,series_id,package_id,customer_id,appointment_id,payment_id,number_of_persons,units,notes,extras,extras_multiply_nop,extras_consider_duration,custom_fields,status,status_changed_at,token,time_zone,time_zone_offset,rating,rating_comment,locale,collaborative_service_id,collaborative_token,compound_service_id,compound_token,created_from,created )VALUES( 1254,null,null,1253,1254,1254,1,1,'I have the Ballroom booked for the same timeslot as well :)','[]',1,1,'[{"id":43107,"value":"Evgueni Lapitski"},{"id":51989,"value":"Wedding"},{"id":27913,"value":""},{"id":72188,"value":["I agree to <a href="https:\/\/www.mintroom.ca\/Terms_and_Conditions.pdf?v=11122018" target="_blank">Terms and Conditions<\/a>"]},{"id":85555,"value":["I agree there will be no more than 10 guests in the room per booking"]},{"id":27913,"value":" "},{"id":87958,"value":[]},{"id":45932,"value":[]}]','approved',null,null,null,null,null,null,null,null,null,null,null,'frontend','2019-06-11 10:59:32' );
INSERT INTO wp_bookly_appointments ( id,location_id,staff_id,staff_any,service_id,custom_service_name,custom_service_price,start_date,end_date,extras_duration,internal_note,google_event_id,google_event_etag,outlook_event_id,outlook_event_change_key,outlook_event_series_id,created_from,created )VALUES( 1255,null,10,0,5,null,null,'2019-10-05 13:00:00','2019-10-05 14:00:00',0,null,null,null,null,null,null,'bookly','2019-06-11 10:59:32' );
INSERT INTO wp_bookly_customers ( id,wp_user_id,facebook_id,group_id,full_name,first_name,last_name,phone,email,birthday,country,state,postcode,city,street,street_number,additional_address,notes,info_fields,credit,created )VALUES( 1255,null,null,null,'Massimo Bevilacqua','Massimo Bevilacqua','','4168899541','massimo_107@hotmail.com*',null,'','','','','','','','',null,0,'2019-06-11 10:59:32' );
INSERT INTO wp_bookly_payments ( id,coupon_id,type,total,tax,paid,paid_type,gateway_price_correction,status,details,created )VALUES( 1255,56,'stripe',91.53,10.53,91.53,'in_full',0.00,'completed','{"items":[{"ca_id":1255,"appointment_date":"2019-10-05 13:00:00","service_name":"Conservatory","service_price":90,"service_tax":"11.70","wait_listed":false,"deposit_format":null,"number_of_persons":1,"units":"1","duration":"3600","staff_name":"Conservatory","extras":[]}],"coupon":{"code":"MRNEWSLETTER","discount":10,"deduction":"0.00"},"subtotal":{"price":90,"deposit":0},"customer":"Massimo Bevilacqua","tax_in_price":"excluded","tax_paid":"10.53","extras_multiply_nop":1}','2019-06-11 10:59:32' );
INSERT INTO wp_bookly_customer_appointments ( id,series_id,package_id,customer_id,appointment_id,payment_id,number_of_persons,units,notes,extras,extras_multiply_nop,extras_consider_duration,custom_fields,status,status_changed_at,token,time_zone,time_zone_offset,rating,rating_comment,locale,collaborative_service_id,collaborative_token,compound_service_id,compound_token,created_from,created )VALUES( 1255,null,null,1255,1255,1255,1,1,'','[]',1,1,'[{"id":43107,"value":"Mango Studios- Liza"},{"id":51989,"value":"Wedding"},{"id":27913,"value":""},{"id":72188,"value":["I agree to <a href="https:\/\/www.mintroom.ca\/Terms_and_Conditions.pdf?v=11122018" target="_blank">Terms and Conditions<\/a>"]},{"id":85555,"value":["I agree there will be no more than 10 guests in the room per booking"]},{"id":27913,"value":" "},{"id":87958,"value":[]},{"id":45932,"value":[]}]','approved',null,null,null,null,null,null,null,null,null,null,null,'frontend','2019-06-11 10:59:32' );
INSERT INTO wp_bookly_appointments ( id,location_id,staff_id,staff_any,service_id,custom_service_name,custom_service_price,start_date,end_date,extras_duration,internal_note,google_event_id,google_event_etag,outlook_event_id,outlook_event_change_key,outlook_event_series_id,created_from,created )VALUES( 1256,null,11,0,6,null,null,'2019-10-05 14:00:00','2019-10-05 15:00:00',0,null,null,null,null,null,null,'bookly','2019-06-11 10:59:32' );
INSERT INTO wp_bookly_customers ( id,wp_user_id,facebook_id,group_id,full_name,first_name,last_name,phone,email,birthday,country,state,postcode,city,street,street_number,additional_address,notes,info_fields,credit,created )VALUES( 1256,null,null,null,'Vanessa Domingues','Vanessa Domingues','','6476804055','vanessadomingues26@hotmail.com*',null,'','','','','','','','',null,0,'2019-06-11 10:59:32' );
INSERT INTO wp_bookly_payments ( id,coupon_id,type,total,tax,paid,paid_type,gateway_price_correction,status,details,created )VALUES( 1256,56,'stripe',91.53,10.53,91.53,'in_full',0.00,'completed','{"items":[{"ca_id":1256,"appointment_date":"2019-10-05 14:00:00","service_name":"Library","service_price":90,"service_tax":"11.70","wait_listed":false,"deposit_format":null,"number_of_persons":1,"units":"1","duration":"3600","staff_name":"Library","extras":[]}],"coupon":{"code":"MRNEWSLETTER","discount":10,"deduction":"0.00"},"subtotal":{"price":90,"deposit":0},"customer":"Vanessa Domingues","tax_in_price":"excluded","tax_paid":"10.53","extras_multiply_nop":1}','2019-06-11 10:59:32' );
INSERT INTO wp_bookly_customer_appointments ( id,series_id,package_id,customer_id,appointment_id,payment_id,number_of_persons,units,notes,extras,extras_multiply_nop,extras_consider_duration,custom_fields,status,status_changed_at,token,time_zone,time_zone_offset,rating,rating_comment,locale,collaborative_service_id,collaborative_token,compound_service_id,compound_token,created_from,created )VALUES( 1256,null,null,1256,1256,1256,1,1,'','[]',1,1,'[{"id":43107,"value":"Mango Studios- Liza"},{"id":51989,"value":"Wedding"},{"id":27913,"value":""},{"id":72188,"value":["I agree to <a href="https:\/\/www.mintroom.ca\/Terms_and_Conditions.pdf?v=11122018" target="_blank">Terms and Conditions<\/a>"]},{"id":85555,"value":["I agree there will be no more than 10 guests in the room per booking"]},{"id":27913,"value":" "},{"id":87958,"value":[]},{"id":45932,"value":[]}]','approved',null,null,null,null,null,null,null,null,null,null,null,'frontend','2019-06-11 10:59:32' );
INSERT INTO wp_bookly_appointments ( id,location_id,staff_id,staff_any,service_id,custom_service_name,custom_service_price,start_date,end_date,extras_duration,internal_note,google_event_id,google_event_etag,outlook_event_id,outlook_event_change_key,outlook_event_series_id,created_from,created )VALUES( 1257,null,9,0,4,null,null,'2019-10-11 13:00:00','2019-10-11 14:00:00',0,null,null,null,null,null,null,'bookly','2019-06-11 10:59:32' );
INSERT INTO wp_bookly_customers ( id,wp_user_id,facebook_id,group_id,full_name,first_name,last_name,phone,email,birthday,country,state,postcode,city,street,street_number,additional_address,notes,info_fields,credit,created )VALUES( 1257,null,null,null,'KRISTEEN VALERIO','KRISTEEN VALERIO','','6572995037','KRISTEEN.VALERIO@GMAIL.COM*',null,'','','','','','','','',null,0,'2019-06-11 10:59:32' );
INSERT INTO wp_bookly_payments ( id,coupon_id,type,total,tax,paid,paid_type,gateway_price_correction,status,details,created )VALUES( 1257,null,'stripe',101.7,11.7,101.7,'in_full',0.00,'completed','{"items":[{"ca_id":1257,"appointment_date":"2019-10-11 13:00:00","service_name":"Ballroom","service_price":90,"service_tax":"11.70","wait_listed":false,"deposit_format":null,"number_of_persons":1,"units":"1","duration":"3600","staff_name":"Ballroom","extras":[]}],"coupon":null,"subtotal":{"price":90,"deposit":0},"customer":"KRISTEEN VALERIO","tax_in_price":"excluded","tax_paid":"11.70","extras_multiply_nop":1}','2019-06-11 10:59:32' );
INSERT INTO wp_bookly_customer_appointments ( id,series_id,package_id,customer_id,appointment_id,payment_id,number_of_persons,units,notes,extras,extras_multiply_nop,extras_consider_duration,custom_fields,status,status_changed_at,token,time_zone,time_zone_offset,rating,rating_comment,locale,collaborative_service_id,collaborative_token,compound_service_id,compound_token,created_from,created )VALUES( 1257,null,null,1257,1257,1257,1,1,'We have 12 people in our wedding group including photographer. Have spoken to Drew about our capacity and acknowledge another room needs to be booked . The Library and Lounge ( 1400-1500) will be booked.','[]',1,1,'[{"id":43107,"value":"Belinda"},{"id":51989,"value":"Wedding"},{"id":27913,"value":""},{"id":72188,"value":["I agree to <a href="https:\/\/www.mintroom.ca\/Terms_and_Conditions.pdf?v=11122018" target="_blank">Terms and Conditions<\/a>"]},{"id":85555,"value":["I agree there will be no more than 10 guests in the room per booking"]},{"id":27913,"value":" "},{"id":87958,"value":[]},{"id":45932,"value":[]}]','approved',null,null,null,null,null,null,null,null,null,null,null,'frontend','2019-06-11 10:59:32' );
INSERT INTO wp_bookly_appointments ( id,location_id,staff_id,staff_any,service_id,custom_service_name,custom_service_price,start_date,end_date,extras_duration,internal_note,google_event_id,google_event_etag,outlook_event_id,outlook_event_change_key,outlook_event_series_id,created_from,created )VALUES( 1258,null,11,0,6,null,null,'2019-10-11 14:00:00','2019-10-11 15:00:00',0,null,null,null,null,null,null,'bookly','2019-06-11 10:59:32' );
INSERT INTO wp_bookly_payments ( id,coupon_id,type,total,tax,paid,paid_type,gateway_price_correction,status,details,created )VALUES( 1258,null,'stripe',101.7,11.7,101.7,'in_full',0.00,'completed','{"items":[{"ca_id":1258,"appointment_date":"2019-10-11 14:00:00","service_name":"Library","service_price":90,"service_tax":"11.70","wait_listed":false,"deposit_format":null,"number_of_persons":1,"units":"1","duration":"3600","staff_name":"Library","extras":[]}],"coupon":null,"subtotal":{"price":90,"deposit":0},"customer":"KRISTEEN VALERIO","tax_in_price":"excluded","tax_paid":"11.70","extras_multiply_nop":1}','2019-06-11 10:59:32' );
INSERT INTO wp_bookly_customer_appointments ( id,series_id,package_id,customer_id,appointment_id,payment_id,number_of_persons,units,notes,extras,extras_multiply_nop,extras_consider_duration,custom_fields,status,status_changed_at,token,time_zone,time_zone_offset,rating,rating_comment,locale,collaborative_service_id,collaborative_token,compound_service_id,compound_token,created_from,created )VALUES( 1258,null,null,1257,1258,1258,1,1,'We have 12 people in our bridal group. Have spoken to Drew and is aware. Will book an additional room, Lounge, for the legal capacity requirements.','[]',1,1,'[{"id":43107,"value":"Belinda"},{"id":51989,"value":"Wedding"},{"id":27913,"value":""},{"id":72188,"value":["I agree to <a href="https:\/\/www.mintroom.ca\/Terms_and_Conditions.pdf?v=11122018" target="_blank">Terms and Conditions<\/a>"]},{"id":85555,"value":["I agree there will be no more than 10 guests in the room per booking"]},{"id":27913,"value":" "},{"id":87958,"value":[]},{"id":45932,"value":[]}]','approved',null,null,null,null,null,null,null,null,null,null,null,'frontend','2019-06-11 10:59:32' );
INSERT INTO wp_bookly_appointments ( id,location_id,staff_id,staff_any,service_id,custom_service_name,custom_service_price,start_date,end_date,extras_duration,internal_note,google_event_id,google_event_etag,outlook_event_id,outlook_event_change_key,outlook_event_series_id,created_from,created )VALUES( 1259,null,12,0,7,null,null,'2019-10-11 13:00:00','2019-10-11 14:00:00',0,null,null,null,null,null,null,'bookly','2019-06-11 10:59:32' );
INSERT INTO wp_bookly_payments ( id,coupon_id,type,total,tax,paid,paid_type,gateway_price_correction,status,details,created )VALUES( 1259,null,'stripe',62.15,7.15,62.15,'in_full',0.00,'completed','{"items":[{"ca_id":1259,"appointment_date":"2019-10-11 13:00:00","service_name":"Lounge","service_price":55,"service_tax":"7.15","wait_listed":false,"deposit_format":null,"number_of_persons":1,"units":"1","duration":"3600","staff_name":"Lounge","extras":[]}],"coupon":null,"subtotal":{"price":55,"deposit":0},"customer":"KRISTEEN VALERIO","tax_in_price":"excluded","tax_paid":"7.15","extras_multiply_nop":1}','2019-06-11 10:59:32' );
INSERT INTO wp_bookly_customer_appointments ( id,series_id,package_id,customer_id,appointment_id,payment_id,number_of_persons,units,notes,extras,extras_multiply_nop,extras_consider_duration,custom_fields,status,status_changed_at,token,time_zone,time_zone_offset,rating,rating_comment,locale,collaborative_service_id,collaborative_token,compound_service_id,compound_token,created_from,created )VALUES( 1259,null,null,1257,1259,1259,1,1,'We have 12 people in our wedding party including photographer. Spoken to Drew and is aware. Ive have booked three rooms in total to help with the legal capacity: Ballroom and Lounge from 1300-1400 and Library from 1400-1500. Thanks!','[]',1,1,'[{"id":43107,"value":"Belinda"},{"id":51989,"value":"Wedding"},{"id":27913,"value":""},{"id":72188,"value":["I agree to <a href="https:\/\/www.mintroom.ca\/Terms_and_Conditions.pdf?v=11122018" target="_blank">Terms and Conditions<\/a>"]},{"id":85555,"value":["I agree there will be no more than 10 guests in the room per booking"]},{"id":27913,"value":" "},{"id":87958,"value":[]},{"id":45932,"value":[]}]','approved',null,null,null,null,null,null,null,null,null,null,null,'frontend','2019-06-11 10:59:32' );
INSERT INTO wp_bookly_appointments ( id,location_id,staff_id,staff_any,service_id,custom_service_name,custom_service_price,start_date,end_date,extras_duration,internal_note,google_event_id,google_event_etag,outlook_event_id,outlook_event_change_key,outlook_event_series_id,created_from,created )VALUES( 1260,null,12,0,7,null,null,'2019-06-15 15:00:00','2019-06-15 16:00:00',0,null,null,null,null,null,null,'bookly','2019-06-11 10:59:32' );
INSERT INTO wp_bookly_payments ( id,coupon_id,type,total,tax,paid,paid_type,gateway_price_correction,status,details,created )VALUES( 1260,50,'coupon',0,0,0,'in_full',0.00,'completed','{"items":[{"ca_id":1260,"appointment_date":"2019-06-15 15:00:00","service_name":"Lounge","service_price":55,"service_tax":"7.15","wait_listed":false,"deposit_format":null,"number_of_persons":1,"units":"1","duration":"3600","staff_name":"Lounge","extras":[]}],"coupon":{"code":"PT_HUGE","discount":100,"deduction":"0.00"},"subtotal":{"price":55,"deposit":0},"customer":"Amanda Ferreira","tax_in_price":"excluded","tax_paid":"0.00","extras_multiply_nop":1}','2019-06-11 10:59:32' );
INSERT INTO wp_bookly_customer_appointments ( id,series_id,package_id,customer_id,appointment_id,payment_id,number_of_persons,units,notes,extras,extras_multiply_nop,extras_consider_duration,custom_fields,status,status_changed_at,token,time_zone,time_zone_offset,rating,rating_comment,locale,collaborative_service_id,collaborative_token,compound_service_id,compound_token,created_from,created )VALUES( 1260,null,null,1030,1260,1260,1,1,'','[]',1,1,'[{"id":43107,"value":"Helen Keletzis"},{"id":51989,"value":"Portrait"},{"id":27913,"value":""},{"id":72188,"value":["I agree to <a href="https:\/\/www.mintroom.ca\/Terms_and_Conditions.pdf?v=11122018" target="_blank">Terms and Conditions<\/a>"]},{"id":85555,"value":["I agree there will be no more than 10 guests in the room per booking"]},{"id":27913,"value":" "},{"id":87958,"value":[]},{"id":45932,"value":[]}]','approved',null,null,null,null,null,null,null,null,null,null,null,'frontend','2019-06-11 10:59:32' );
INSERT INTO wp_bookly_appointments ( id,location_id,staff_id,staff_any,service_id,custom_service_name,custom_service_price,start_date,end_date,extras_duration,internal_note,google_event_id,google_event_etag,outlook_event_id,outlook_event_change_key,outlook_event_series_id,created_from,created )VALUES( 1261,null,11,0,6,null,null,'2019-10-05 16:00:00','2019-10-05 17:00:00',0,null,null,null,null,null,null,'bookly','2019-06-11 10:59:32' );
INSERT INTO wp_bookly_customers ( id,wp_user_id,facebook_id,group_id,full_name,first_name,last_name,phone,email,birthday,country,state,postcode,city,street,street_number,additional_address,notes,info_fields,credit,created )VALUES( 1261,null,null,null,'Nicolas Petrera','Nicolas Petrera','','4168161543','nickpetrera@gmail.com*',null,'','','','','','','','',null,0,'2019-06-11 10:59:32' );
INSERT INTO wp_bookly_payments ( id,coupon_id,type,total,tax,paid,paid_type,gateway_price_correction,status,details,created )VALUES( 1261,null,'stripe',101.7,11.7,101.7,'in_full',0.00,'completed','{"items":[{"ca_id":1261,"appointment_date":"2019-10-05 16:00:00","service_name":"Library","service_price":90,"service_tax":"11.70","wait_listed":false,"deposit_format":null,"number_of_persons":1,"units":"1","duration":"3600","staff_name":"Library","extras":[]}],"coupon":null,"subtotal":{"price":90,"deposit":0},"customer":"Nicolas Petrera","tax_in_price":"excluded","tax_paid":"11.70","extras_multiply_nop":1}','2019-06-11 10:59:32' );
INSERT INTO wp_bookly_customer_appointments ( id,series_id,package_id,customer_id,appointment_id,payment_id,number_of_persons,units,notes,extras,extras_multiply_nop,extras_consider_duration,custom_fields,status,status_changed_at,token,time_zone,time_zone_offset,rating,rating_comment,locale,collaborative_service_id,collaborative_token,compound_service_id,compound_token,created_from,created )VALUES( 1261,null,null,1261,1261,1261,1,1,'','[]',1,1,'[{"id":43107,"value":"Val"},{"id":51989,"value":"Wedding"},{"id":27913,"value":""},{"id":72188,"value":["I agree to <a href="https:\/\/www.mintroom.ca\/Terms_and_Conditions.pdf?v=11122018" target="_blank">Terms and Conditions<\/a>"]},{"id":85555,"value":["I agree there will be no more than 10 guests in the room per booking"]},{"id":27913,"value":" "},{"id":87958,"value":[]},{"id":45932,"value":[]}]','approved',null,null,null,null,null,null,null,null,null,null,null,'frontend','2019-06-11 10:59:32' );
INSERT INTO wp_bookly_appointments ( id,location_id,staff_id,staff_any,service_id,custom_service_name,custom_service_price,start_date,end_date,extras_duration,internal_note,google_event_id,google_event_etag,outlook_event_id,outlook_event_change_key,outlook_event_series_id,created_from,created )VALUES( 1262,null,9,0,4,null,null,'2019-10-05 17:00:00','2019-10-05 18:00:00',0,null,null,null,null,null,null,'bookly','2019-06-11 10:59:32' );
INSERT INTO wp_bookly_payments ( id,coupon_id,type,total,tax,paid,paid_type,gateway_price_correction,status,details,created )VALUES( 1262,null,'stripe',101.7,11.7,101.7,'in_full',0.00,'completed','{"items":[{"ca_id":1262,"appointment_date":"2019-10-05 17:00:00","service_name":"Ballroom","service_price":90,"service_tax":"11.70","wait_listed":false,"deposit_format":null,"number_of_persons":1,"units":"1","duration":"3600","staff_name":"Ballroom","extras":[]}],"coupon":null,"subtotal":{"price":90,"deposit":0},"customer":"Nicolas Petrera","tax_in_price":"excluded","tax_paid":"11.70","extras_multiply_nop":1}','2019-06-11 10:59:32' );
INSERT INTO wp_bookly_customer_appointments ( id,series_id,package_id,customer_id,appointment_id,payment_id,number_of_persons,units,notes,extras,extras_multiply_nop,extras_consider_duration,custom_fields,status,status_changed_at,token,time_zone,time_zone_offset,rating,rating_comment,locale,collaborative_service_id,collaborative_token,compound_service_id,compound_token,created_from,created )VALUES( 1262,null,null,1261,1262,1262,1,1,'','[]',1,1,'[{"id":43107,"value":"Val"},{"id":51989,"value":"Wedding"},{"id":27913,"value":""},{"id":72188,"value":["I agree to <a href="https:\/\/www.mintroom.ca\/Terms_and_Conditions.pdf?v=11122018" target="_blank">Terms and Conditions<\/a>"]},{"id":85555,"value":["I agree there will be no more than 10 guests in the room per booking"]},{"id":27913,"value":" "},{"id":87958,"value":[]},{"id":45932,"value":[]}]','approved',null,null,null,null,null,null,null,null,null,null,null,'frontend','2019-06-11 10:59:32' );
INSERT INTO wp_bookly_appointments ( id,location_id,staff_id,staff_any,service_id,custom_service_name,custom_service_price,start_date,end_date,extras_duration,internal_note,google_event_id,google_event_etag,outlook_event_id,outlook_event_change_key,outlook_event_series_id,created_from,created )VALUES( 1263,null,9,0,4,null,null,'2019-06-15 13:00:00','2019-06-15 14:00:00',0,null,null,null,null,null,null,'bookly','2019-06-11 10:59:32' );
INSERT INTO wp_bookly_customers ( id,wp_user_id,facebook_id,group_id,full_name,first_name,last_name,phone,email,birthday,country,state,postcode,city,street,street_number,additional_address,notes,info_fields,credit,created )VALUES( 1263,null,null,null,'Jennifer Park','Jennifer Park','','6472081233','j__park@hotmail.com*',null,'','','','','','','','',null,0,'2019-06-11 10:59:32' );
INSERT INTO wp_bookly_payments ( id,coupon_id,type,total,tax,paid,paid_type,gateway_price_correction,status,details,created )VALUES( 1263,null,'stripe',101.7,11.7,101.7,'in_full',0.00,'completed','{"items":[{"ca_id":1263,"appointment_date":"2019-06-15 13:00:00","service_name":"Ballroom","service_price":90,"service_tax":"11.70","wait_listed":false,"deposit_format":null,"number_of_persons":1,"units":"1","duration":"3600","staff_name":"Ballroom","extras":[]}],"coupon":null,"subtotal":{"price":90,"deposit":0},"customer":"Jennifer Park","tax_in_price":"excluded","tax_paid":"11.70","extras_multiply_nop":1}','2019-06-11 10:59:32' );
INSERT INTO wp_bookly_customer_appointments ( id,series_id,package_id,customer_id,appointment_id,payment_id,number_of_persons,units,notes,extras,extras_multiply_nop,extras_consider_duration,custom_fields,status,status_changed_at,token,time_zone,time_zone_offset,rating,rating_comment,locale,collaborative_service_id,collaborative_token,compound_service_id,compound_token,created_from,created )VALUES( 1263,null,null,1263,1263,1263,1,1,'','[]',1,1,'[{"id":43107,"value":"Jennifer Park"},{"id":51989,"value":"Wedding"},{"id":27913,"value":""},{"id":72188,"value":["I agree to <a href="https:\/\/www.mintroom.ca\/Terms_and_Conditions.pdf?v=11122018" target="_blank">Terms and Conditions<\/a>"]},{"id":85555,"value":["I agree there will be no more than 10 guests in the room per booking"]},{"id":27913,"value":" "},{"id":87958,"value":[]},{"id":45932,"value":[]}]','approved',null,null,null,null,null,null,null,null,null,null,null,'frontend','2019-06-11 10:59:32' );
INSERT INTO wp_bookly_appointments ( id,location_id,staff_id,staff_any,service_id,custom_service_name,custom_service_price,start_date,end_date,extras_duration,internal_note,google_event_id,google_event_etag,outlook_event_id,outlook_event_change_key,outlook_event_series_id,created_from,created )VALUES( 1264,null,11,0,6,null,null,'2019-07-07 13:00:00','2019-07-07 14:00:00',0,null,null,null,null,null,null,'bookly','2019-06-11 10:59:32' );
INSERT INTO wp_bookly_customers ( id,wp_user_id,facebook_id,group_id,full_name,first_name,last_name,phone,email,birthday,country,state,postcode,city,street,street_number,additional_address,notes,info_fields,credit,created )VALUES( 1264,null,null,null,'felicia michelle eisler','felicia michelle eisler','','4166669522','feliciamalovatski@hotmail.com*',null,'','','','','','','','',null,0,'2019-06-11 10:59:32' );
INSERT INTO wp_bookly_payments ( id,coupon_id,type,total,tax,paid,paid_type,gateway_price_correction,status,details,created )VALUES( 1264,null,'stripe',101.7,11.7,101.7,'in_full',0.00,'completed','{"items":[{"ca_id":1264,"appointment_date":"2019-07-07 13:00:00","service_name":"Library","service_price":90,"service_tax":"11.70","wait_listed":false,"deposit_format":null,"number_of_persons":1,"units":"1","duration":"3600","staff_name":"Library","extras":[]}],"coupon":null,"subtotal":{"price":90,"deposit":0},"customer":"felicia michelle eisler","tax_in_price":"excluded","tax_paid":"11.70","extras_multiply_nop":1}','2019-06-11 10:59:32' );
INSERT INTO wp_bookly_customer_appointments ( id,series_id,package_id,customer_id,appointment_id,payment_id,number_of_persons,units,notes,extras,extras_multiply_nop,extras_consider_duration,custom_fields,status,status_changed_at,token,time_zone,time_zone_offset,rating,rating_comment,locale,collaborative_service_id,collaborative_token,compound_service_id,compound_token,created_from,created )VALUES( 1264,null,null,1264,1264,1264,1,1,'','[]',1,1,'[{"id":43107,"value":"Josh Harmer "},{"id":51989,"value":"pregnancy "},{"id":27913,"value":""},{"id":72188,"value":["I agree to <a href="https:\/\/www.mintroom.ca\/Terms_and_Conditions.pdf?v=11122018" target="_blank">Terms and Conditions<\/a>"]},{"id":85555,"value":["I agree there will be no more than 10 guests in the room per booking"]},{"id":27913,"value":" "},{"id":87958,"value":[]},{"id":45932,"value":[]}]','approved',null,null,null,null,null,null,null,null,null,null,null,'frontend','2019-06-11 10:59:32' );
INSERT INTO wp_bookly_appointments ( id,location_id,staff_id,staff_any,service_id,custom_service_name,custom_service_price,start_date,end_date,extras_duration,internal_note,google_event_id,google_event_etag,outlook_event_id,outlook_event_change_key,outlook_event_series_id,created_from,created )VALUES( 1265,null,9,0,4,null,null,'2019-07-07 14:00:00','2019-07-07 15:00:00',0,null,null,null,null,null,null,'bookly','2019-06-11 10:59:32' );
INSERT INTO wp_bookly_payments ( id,coupon_id,type,total,tax,paid,paid_type,gateway_price_correction,status,details,created )VALUES( 1265,null,'stripe',203.4,23.4,203.4,'in_full',0.00,'completed','{"items":[{"ca_id":1265,"appointment_date":"2019-07-07 14:00:00","service_name":"Ballroom","service_price":90,"service_tax":"11.70","wait_listed":false,"deposit_format":null,"number_of_persons":1,"units":"1","duration":"3600","staff_name":"Ballroom","extras":[]}],"coupon":null,"subtotal":{"price":180,"deposit":0},"customer":"Felicia Eisler","tax_in_price":"excluded","tax_paid":"23.40","extras_multiply_nop":1}','2019-06-11 10:59:32' );
INSERT INTO wp_bookly_customer_appointments ( id,series_id,package_id,customer_id,appointment_id,payment_id,number_of_persons,units,notes,extras,extras_multiply_nop,extras_consider_duration,custom_fields,status,status_changed_at,token,time_zone,time_zone_offset,rating,rating_comment,locale,collaborative_service_id,collaborative_token,compound_service_id,compound_token,created_from,created )VALUES( 1265,null,null,1264,1265,1265,1,1,'','[]',1,1,'[{"id":43107,"value":"josh Harmer"},{"id":51989,"value":"pregnancy"},{"id":27913,"value":""},{"id":72188,"value":["I agree to <a href="https:\/\/www.mintroom.ca\/Terms_and_Conditions.pdf?v=11122018" target="_blank">Terms and Conditions<\/a>"]},{"id":85555,"value":["I agree there will be no more than 10 guests in the room per booking"]},{"id":27913,"value":" "},{"id":87958,"value":[]},{"id":45932,"value":[]}]','approved',null,null,null,null,null,null,null,null,null,null,null,'frontend','2019-06-11 10:59:32' );
INSERT INTO wp_bookly_appointments ( id,location_id,staff_id,staff_any,service_id,custom_service_name,custom_service_price,start_date,end_date,extras_duration,internal_note,google_event_id,google_event_etag,outlook_event_id,outlook_event_change_key,outlook_event_series_id,created_from,created )VALUES( 1266,null,9,0,4,null,null,'2019-07-07 15:00:00','2019-07-07 16:00:00',0,null,null,null,null,null,null,'bookly','2019-06-11 10:59:32' );
INSERT INTO wp_bookly_payments ( id,coupon_id,type,total,tax,paid,paid_type,gateway_price_correction,status,details,created )VALUES( 1266,null,'stripe',203.4,23.4,203.4,'in_full',0.00,'completed','{"items":[{"ca_id":1266,"appointment_date":"2019-07-07 15:00:00","service_name":"Ballroom","service_price":90,"service_tax":"11.70","wait_listed":false,"deposit_format":null,"number_of_persons":1,"units":"1","duration":"3600","staff_name":"Ballroom","extras":[]}],"coupon":null,"subtotal":{"price":180,"deposit":0},"customer":"Felicia Eisler","tax_in_price":"excluded","tax_paid":"23.40","extras_multiply_nop":1}','2019-06-11 10:59:32' );
INSERT INTO wp_bookly_customer_appointments ( id,series_id,package_id,customer_id,appointment_id,payment_id,number_of_persons,units,notes,extras,extras_multiply_nop,extras_consider_duration,custom_fields,status,status_changed_at,token,time_zone,time_zone_offset,rating,rating_comment,locale,collaborative_service_id,collaborative_token,compound_service_id,compound_token,created_from,created )VALUES( 1266,null,null,1264,1266,1266,1,1,'','[]',1,1,'[{"id":43107,"value":"josh Harmer"},{"id":51989,"value":"pregnancy"},{"id":27913,"value":""},{"id":72188,"value":["I agree to <a href="https:\/\/www.mintroom.ca\/Terms_and_Conditions.pdf?v=11122018" target="_blank">Terms and Conditions<\/a>"]},{"id":85555,"value":["I agree there will be no more than 10 guests in the room per booking"]},{"id":27913,"value":" "},{"id":87958,"value":[]},{"id":45932,"value":[]}]','approved',null,null,null,null,null,null,null,null,null,null,null,'frontend','2019-06-11 10:59:32' );
INSERT INTO wp_bookly_appointments ( id,location_id,staff_id,staff_any,service_id,custom_service_name,custom_service_price,start_date,end_date,extras_duration,internal_note,google_event_id,google_event_etag,outlook_event_id,outlook_event_change_key,outlook_event_series_id,created_from,created )VALUES( 1267,null,9,0,4,null,null,'2019-06-16 16:00:00','2019-06-16 17:00:00',0,null,null,null,null,null,null,'bookly','2019-06-11 10:59:32' );
INSERT INTO wp_bookly_customers ( id,wp_user_id,facebook_id,group_id,full_name,first_name,last_name,phone,email,birthday,country,state,postcode,city,street,street_number,additional_address,notes,info_fields,credit,created )VALUES( 1267,null,null,null,'Margarita Sinaisky','Margarita Sinaisky','','4168715149','rita.sinaysky@gmail.com*',null,'','','','','','','','',null,0,'2019-06-11 10:59:32' );
INSERT INTO wp_bookly_payments ( id,coupon_id,type,total,tax,paid,paid_type,gateway_price_correction,status,details,created )VALUES( 1267,59,'stripe',183.06,21.06,183.06,'in_full',0.00,'completed','{"items":[{"ca_id":1267,"appointment_date":"2019-06-16 16:00:00","service_name":"Ballroom","service_price":90,"service_tax":"11.70","wait_listed":false,"deposit_format":null,"number_of_persons":1,"units":"1","duration":"3600","staff_name":"Ballroom","extras":[]}],"coupon":{"code":"NEWSLETTER","discount":10,"deduction":"0.00"},"subtotal":{"price":180,"deposit":0},"customer":"Margarita Sinaisky","tax_in_price":"excluded","tax_paid":"21.06","extras_multiply_nop":1}','2019-06-11 10:59:32' );
INSERT INTO wp_bookly_customer_appointments ( id,series_id,package_id,customer_id,appointment_id,payment_id,number_of_persons,units,notes,extras,extras_multiply_nop,extras_consider_duration,custom_fields,status,status_changed_at,token,time_zone,time_zone_offset,rating,rating_comment,locale,collaborative_service_id,collaborative_token,compound_service_id,compound_token,created_from,created )VALUES( 1267,null,null,1267,1267,1267,1,1,'','[]',1,1,'[{"id":43107,"value":"Marina Korol"},{"id":51989,"value":"Family"},{"id":27913,"value":""},{"id":72188,"value":["I agree to <a href="https:\/\/www.mintroom.ca\/Terms_and_Conditions.pdf?v=11122018" target="_blank">Terms and Conditions<\/a>"]},{"id":85555,"value":["I agree there will be no more than 10 guests in the room per booking"]},{"id":27913,"value":" "},{"id":87958,"value":[]},{"id":45932,"value":[]}]','approved',null,null,null,null,null,null,null,null,null,null,null,'frontend','2019-06-11 10:59:32' );
INSERT INTO wp_bookly_appointments ( id,location_id,staff_id,staff_any,service_id,custom_service_name,custom_service_price,start_date,end_date,extras_duration,internal_note,google_event_id,google_event_etag,outlook_event_id,outlook_event_change_key,outlook_event_series_id,created_from,created )VALUES( 1268,null,9,0,4,null,null,'2019-06-16 17:00:00','2019-06-16 18:00:00',0,null,null,null,null,null,null,'bookly','2019-06-11 10:59:32' );
INSERT INTO wp_bookly_payments ( id,coupon_id,type,total,tax,paid,paid_type,gateway_price_correction,status,details,created )VALUES( 1268,59,'stripe',183.06,21.06,183.06,'in_full',0.00,'completed','{"items":[{"ca_id":1268,"appointment_date":"2019-06-16 17:00:00","service_name":"Ballroom","service_price":90,"service_tax":"11.70","wait_listed":false,"deposit_format":null,"number_of_persons":1,"units":"1","duration":"3600","staff_name":"Ballroom","extras":[]}],"coupon":{"code":"NEWSLETTER","discount":10,"deduction":"0.00"},"subtotal":{"price":180,"deposit":0},"customer":"Margarita Sinaisky","tax_in_price":"excluded","tax_paid":"21.06","extras_multiply_nop":1}','2019-06-11 10:59:32' );
INSERT INTO wp_bookly_customer_appointments ( id,series_id,package_id,customer_id,appointment_id,payment_id,number_of_persons,units,notes,extras,extras_multiply_nop,extras_consider_duration,custom_fields,status,status_changed_at,token,time_zone,time_zone_offset,rating,rating_comment,locale,collaborative_service_id,collaborative_token,compound_service_id,compound_token,created_from,created )VALUES( 1268,null,null,1267,1268,1268,1,1,'','[]',1,1,'[{"id":43107,"value":"Marina Korol"},{"id":51989,"value":"Family"},{"id":27913,"value":""},{"id":72188,"value":["I agree to <a href="https:\/\/www.mintroom.ca\/Terms_and_Conditions.pdf?v=11122018" target="_blank">Terms and Conditions<\/a>"]},{"id":85555,"value":["I agree there will be no more than 10 guests in the room per booking"]},{"id":27913,"value":" "},{"id":87958,"value":[]},{"id":45932,"value":[]}]','approved',null,null,null,null,null,null,null,null,null,null,null,'frontend','2019-06-11 10:59:32' );
INSERT INTO wp_bookly_appointments ( id,location_id,staff_id,staff_any,service_id,custom_service_name,custom_service_price,start_date,end_date,extras_duration,internal_note,google_event_id,google_event_etag,outlook_event_id,outlook_event_change_key,outlook_event_series_id,created_from,created )VALUES( 1269,null,10,0,5,null,null,'2019-06-15 14:00:00','2019-06-15 15:00:00',0,null,null,null,null,null,null,'bookly','2019-06-11 10:59:32' );
INSERT INTO wp_bookly_customers ( id,wp_user_id,facebook_id,group_id,full_name,first_name,last_name,phone,email,birthday,country,state,postcode,city,street,street_number,additional_address,notes,info_fields,credit,created )VALUES( 1269,null,null,null,'Sara Abbattista','Sara Abbattista','','416-577-1986','sara_abbattista@hotmail.com*',null,'','','','','','','','',null,0,'2019-06-11 10:59:32' );
INSERT INTO wp_bookly_payments ( id,coupon_id,type,total,tax,paid,paid_type,gateway_price_correction,status,details,created )VALUES( 1269,null,'stripe',203.4,23.4,203.4,'in_full',0.00,'completed','{"items":[{"ca_id":1269,"appointment_date":"2019-06-15 14:00:00","service_name":"Conservatory","service_price":90,"service_tax":"11.70","wait_listed":false,"deposit_format":null,"number_of_persons":1,"units":"1","duration":"3600","staff_name":"Conservatory","extras":[]}],"coupon":null,"subtotal":{"price":180,"deposit":0},"customer":"Sara Abbattista","tax_in_price":"excluded","tax_paid":"23.40","extras_multiply_nop":1}','2019-06-11 10:59:32' );
INSERT INTO wp_bookly_customer_appointments ( id,series_id,package_id,customer_id,appointment_id,payment_id,number_of_persons,units,notes,extras,extras_multiply_nop,extras_consider_duration,custom_fields,status,status_changed_at,token,time_zone,time_zone_offset,rating,rating_comment,locale,collaborative_service_id,collaborative_token,compound_service_id,compound_token,created_from,created )VALUES( 1269,null,null,1269,1269,1269,1,1,'','[]',1,1,'[{"id":43107,"value":"Narsete Photogrpahy"},{"id":51989,"value":"Wedding"},{"id":27913,"value":""},{"id":72188,"value":["I agree to <a href="https:\/\/www.mintroom.ca\/Terms_and_Conditions.pdf?v=11122018" target="_blank">Terms and Conditions<\/a>"]},{"id":85555,"value":["I agree there will be no more than 10 guests in the room per booking"]},{"id":27913,"value":" "},{"id":87958,"value":[]},{"id":45932,"value":[]}]','approved',null,null,null,null,null,null,null,null,null,null,null,'frontend','2019-06-11 10:59:32' );
INSERT INTO wp_bookly_appointments ( id,location_id,staff_id,staff_any,service_id,custom_service_name,custom_service_price,start_date,end_date,extras_duration,internal_note,google_event_id,google_event_etag,outlook_event_id,outlook_event_change_key,outlook_event_series_id,created_from,created )VALUES( 1270,null,10,0,5,null,null,'2019-06-15 15:00:00','2019-06-15 16:00:00',0,null,null,null,null,null,null,'bookly','2019-06-11 10:59:32' );
INSERT INTO wp_bookly_payments ( id,coupon_id,type,total,tax,paid,paid_type,gateway_price_correction,status,details,created )VALUES( 1270,null,'stripe',203.4,23.4,203.4,'in_full',0.00,'completed','{"items":[{"ca_id":1270,"appointment_date":"2019-06-15 15:00:00","service_name":"Conservatory","service_price":90,"service_tax":"11.70","wait_listed":false,"deposit_format":null,"number_of_persons":1,"units":"1","duration":"3600","staff_name":"Conservatory","extras":[]}],"coupon":null,"subtotal":{"price":180,"deposit":0},"customer":"Sara Abbattista","tax_in_price":"excluded","tax_paid":"23.40","extras_multiply_nop":1}','2019-06-11 10:59:32' );
INSERT INTO wp_bookly_customer_appointments ( id,series_id,package_id,customer_id,appointment_id,payment_id,number_of_persons,units,notes,extras,extras_multiply_nop,extras_consider_duration,custom_fields,status,status_changed_at,token,time_zone,time_zone_offset,rating,rating_comment,locale,collaborative_service_id,collaborative_token,compound_service_id,compound_token,created_from,created )VALUES( 1270,null,null,1269,1270,1270,1,1,'','[]',1,1,'[{"id":43107,"value":"Narsete Photogrpahy"},{"id":51989,"value":"Wedding"},{"id":27913,"value":""},{"id":72188,"value":["I agree to <a href="https:\/\/www.mintroom.ca\/Terms_and_Conditions.pdf?v=11122018" target="_blank">Terms and Conditions<\/a>"]},{"id":85555,"value":["I agree there will be no more than 10 guests in the room per booking"]},{"id":27913,"value":" "},{"id":87958,"value":[]},{"id":45932,"value":[]}]','approved',null,null,null,null,null,null,null,null,null,null,null,'frontend','2019-06-11 10:59:32' );
INSERT INTO wp_bookly_appointments ( id,location_id,staff_id,staff_any,service_id,custom_service_name,custom_service_price,start_date,end_date,extras_duration,internal_note,google_event_id,google_event_etag,outlook_event_id,outlook_event_change_key,outlook_event_series_id,created_from,created )VALUES( 1271,null,12,0,7,null,null,'2019-06-15 14:00:00','2019-06-15 15:00:00',0,null,null,null,null,null,null,'bookly','2019-06-11 10:59:32' );
INSERT INTO wp_bookly_payments ( id,coupon_id,type,total,tax,paid,paid_type,gateway_price_correction,status,details,created )VALUES( 1271,null,'stripe',62.15,7.15,62.15,'in_full',0.00,'completed','{"items":[{"ca_id":1271,"appointment_date":"2019-06-15 14:00:00","service_name":"Lounge","service_price":55,"service_tax":"7.15","wait_listed":false,"deposit_format":null,"number_of_persons":1,"units":"1","duration":"3600","staff_name":"Lounge","extras":[]}],"coupon":null,"subtotal":{"price":55,"deposit":0},"customer":"Sara Abbattista","tax_in_price":"excluded","tax_paid":"7.15","extras_multiply_nop":1}','2019-06-11 10:59:32' );
INSERT INTO wp_bookly_customer_appointments ( id,series_id,package_id,customer_id,appointment_id,payment_id,number_of_persons,units,notes,extras,extras_multiply_nop,extras_consider_duration,custom_fields,status,status_changed_at,token,time_zone,time_zone_offset,rating,rating_comment,locale,collaborative_service_id,collaborative_token,compound_service_id,compound_token,created_from,created )VALUES( 1271,null,null,1269,1271,1271,1,1,'','[]',1,1,'[{"id":43107,"value":"Narsete Photogrpahy"},{"id":51989,"value":"Wedding"},{"id":27913,"value":""},{"id":72188,"value":["I agree to <a href="https:\/\/www.mintroom.ca\/Terms_and_Conditions.pdf?v=11122018" target="_blank">Terms and Conditions<\/a>"]},{"id":85555,"value":["I agree there will be no more than 10 guests in the room per booking"]},{"id":27913,"value":" "},{"id":87958,"value":[]},{"id":45932,"value":[]}]','approved',null,null,null,null,null,null,null,null,null,null,null,'frontend','2019-06-11 10:59:32' );
INSERT INTO wp_bookly_appointments ( id,location_id,staff_id,staff_any,service_id,custom_service_name,custom_service_price,start_date,end_date,extras_duration,internal_note,google_event_id,google_event_etag,outlook_event_id,outlook_event_change_key,outlook_event_series_id,created_from,created )VALUES( 1272,null,9,0,4,null,null,'2019-06-15 15:00:00','2019-06-15 16:00:00',0,null,null,null,null,null,null,'bookly','2019-06-11 10:59:32' );
INSERT INTO wp_bookly_payments ( id,coupon_id,type,total,tax,paid,paid_type,gateway_price_correction,status,details,created )VALUES( 1272,null,'stripe',101.7,11.7,101.7,'in_full',0.00,'completed','{"items":[{"ca_id":1272,"appointment_date":"2019-06-15 15:00:00","service_name":"Ballroom","service_price":90,"service_tax":"11.70","wait_listed":false,"deposit_format":null,"number_of_persons":1,"units":"1","duration":"3600","staff_name":"Ballroom","extras":[]}],"coupon":null,"subtotal":{"price":90,"deposit":0},"customer":"Sara Abbattista","tax_in_price":"excluded","tax_paid":"11.70","extras_multiply_nop":1}','2019-06-11 10:59:32' );
INSERT INTO wp_bookly_customer_appointments ( id,series_id,package_id,customer_id,appointment_id,payment_id,number_of_persons,units,notes,extras,extras_multiply_nop,extras_consider_duration,custom_fields,status,status_changed_at,token,time_zone,time_zone_offset,rating,rating_comment,locale,collaborative_service_id,collaborative_token,compound_service_id,compound_token,created_from,created )VALUES( 1272,null,null,1269,1272,1272,1,1,'','[]',1,1,'[{"id":43107,"value":"Narsete photography"},{"id":51989,"value":"Wedding"},{"id":27913,"value":""},{"id":72188,"value":["I agree to <a href="https:\/\/www.mintroom.ca\/Terms_and_Conditions.pdf?v=11122018" target="_blank">Terms and Conditions<\/a>"]},{"id":85555,"value":["I agree there will be no more than 10 guests in the room per booking"]},{"id":27913,"value":" "},{"id":87958,"value":[]},{"id":45932,"value":[]}]','approved',null,null,null,null,null,null,null,null,null,null,null,'frontend','2019-06-11 10:59:32' );
INSERT INTO wp_bookly_appointments ( id,location_id,staff_id,staff_any,service_id,custom_service_name,custom_service_price,start_date,end_date,extras_duration,internal_note,google_event_id,google_event_etag,outlook_event_id,outlook_event_change_key,outlook_event_series_id,created_from,created )VALUES( 1273,null,12,0,7,null,null,'2019-06-13 11:00:00','2019-06-13 12:00:00',0,null,null,null,null,null,null,'bookly','2019-06-11 10:59:32' );
INSERT INTO wp_bookly_customers ( id,wp_user_id,facebook_id,group_id,full_name,first_name,last_name,phone,email,birthday,country,state,postcode,city,street,street_number,additional_address,notes,info_fields,credit,created )VALUES( 1273,null,null,null,'Tara Noelle Bates','Tara Noelle Bates','','6479879181','tara@taranoelle.ca*',null,'','','','','','','','',null,0,'2019-06-11 10:59:32' );
INSERT INTO wp_bookly_payments ( id,coupon_id,type,total,tax,paid,paid_type,gateway_price_correction,status,details,created )VALUES( 1273,null,'stripe',124.3,14.3,124.3,'in_full',0.00,'completed','{"items":[{"ca_id":1273,"appointment_date":"2019-06-13 11:00:00","service_name":"Lounge","service_price":55,"service_tax":"7.15","wait_listed":false,"deposit_format":null,"number_of_persons":1,"units":"1","duration":"3600","staff_name":"Lounge","extras":[]}],"coupon":null,"subtotal":{"price":110,"deposit":0},"customer":"Tara Noelle Bates","tax_in_price":"excluded","tax_paid":"14.30","extras_multiply_nop":1}','2019-06-11 10:59:32' );
INSERT INTO wp_bookly_customer_appointments ( id,series_id,package_id,customer_id,appointment_id,payment_id,number_of_persons,units,notes,extras,extras_multiply_nop,extras_consider_duration,custom_fields,status,status_changed_at,token,time_zone,time_zone_offset,rating,rating_comment,locale,collaborative_service_id,collaborative_token,compound_service_id,compound_token,created_from,created )VALUES( 1273,null,null,1273,1273,1273,1,1,'Can I add a half hour? to make it 1:30pm???','[]',1,1,'[{"id":43107,"value":"Tara Noelle"},{"id":51989,"value":"Portrait"},{"id":27913,"value":""},{"id":72188,"value":["I agree to <a href="https:\/\/www.mintroom.ca\/Terms_and_Conditions.pdf?v=11122018" target="_blank">Terms and Conditions<\/a>"]},{"id":85555,"value":["I agree there will be no more than 10 guests in the room per booking"]},{"id":27913,"value":" "},{"id":87958,"value":[]},{"id":45932,"value":[]}]','approved',null,null,null,null,null,null,null,null,null,null,null,'frontend','2019-06-11 10:59:32' );
INSERT INTO wp_bookly_appointments ( id,location_id,staff_id,staff_any,service_id,custom_service_name,custom_service_price,start_date,end_date,extras_duration,internal_note,google_event_id,google_event_etag,outlook_event_id,outlook_event_change_key,outlook_event_series_id,created_from,created )VALUES( 1274,null,12,0,7,null,null,'2019-06-13 12:00:00','2019-06-13 13:00:00',0,null,null,null,null,null,null,'bookly','2019-06-11 10:59:32' );
INSERT INTO wp_bookly_payments ( id,coupon_id,type,total,tax,paid,paid_type,gateway_price_correction,status,details,created )VALUES( 1274,null,'stripe',124.3,14.3,124.3,'in_full',0.00,'completed','{"items":[{"ca_id":1274,"appointment_date":"2019-06-13 12:00:00","service_name":"Lounge","service_price":55,"service_tax":"7.15","wait_listed":false,"deposit_format":null,"number_of_persons":1,"units":"1","duration":"3600","staff_name":"Lounge","extras":[]}],"coupon":null,"subtotal":{"price":110,"deposit":0},"customer":"Tara Noelle Bates","tax_in_price":"excluded","tax_paid":"14.30","extras_multiply_nop":1}','2019-06-11 10:59:32' );
INSERT INTO wp_bookly_customer_appointments ( id,series_id,package_id,customer_id,appointment_id,payment_id,number_of_persons,units,notes,extras,extras_multiply_nop,extras_consider_duration,custom_fields,status,status_changed_at,token,time_zone,time_zone_offset,rating,rating_comment,locale,collaborative_service_id,collaborative_token,compound_service_id,compound_token,created_from,created )VALUES( 1274,null,null,1273,1274,1274,1,1,'Can I add a half hour? to make it 1:30pm???','[]',1,1,'[{"id":43107,"value":"Tara Noelle"},{"id":51989,"value":"Portrait"},{"id":27913,"value":""},{"id":72188,"value":["I agree to <a href="https:\/\/www.mintroom.ca\/Terms_and_Conditions.pdf?v=11122018" target="_blank">Terms and Conditions<\/a>"]},{"id":85555,"value":["I agree there will be no more than 10 guests in the room per booking"]},{"id":27913,"value":" "},{"id":87958,"value":[]},{"id":45932,"value":[]}]','approved',null,null,null,null,null,null,null,null,null,null,null,'frontend','2019-06-11 10:59:32' );
INSERT INTO wp_bookly_appointments ( id,location_id,staff_id,staff_any,service_id,custom_service_name,custom_service_price,start_date,end_date,extras_duration,internal_note,google_event_id,google_event_etag,outlook_event_id,outlook_event_change_key,outlook_event_series_id,created_from,created )VALUES( 1275,null,9,0,4,null,null,'2019-06-22 14:00:00','2019-06-22 15:00:00',0,null,null,null,null,null,null,'bookly','2019-06-11 10:59:32' );
INSERT INTO wp_bookly_customers ( id,wp_user_id,facebook_id,group_id,full_name,first_name,last_name,phone,email,birthday,country,state,postcode,city,street,street_number,additional_address,notes,info_fields,credit,created )VALUES( 1275,null,null,null,'Zohrina','Zohrina','','4168469808','Dealzoh@gmail.com*',null,'','','','','','','','',null,0,'2019-06-11 10:59:32' );
INSERT INTO wp_bookly_payments ( id,coupon_id,type,total,tax,paid,paid_type,gateway_price_correction,status,details,created )VALUES( 1275,null,'stripe',101.7,11.7,101.7,'in_full',0.00,'completed','{"items":[{"ca_id":1275,"appointment_date":"2019-06-22 14:00:00","service_name":"Ballroom","service_price":90,"service_tax":"11.70","wait_listed":false,"deposit_format":null,"number_of_persons":1,"units":"1","duration":"3600","staff_name":"Ballroom","extras":[]}],"coupon":null,"subtotal":{"price":90,"deposit":0},"customer":"Zohrina","tax_in_price":"excluded","tax_paid":"11.70","extras_multiply_nop":1}','2019-06-11 10:59:32' );
INSERT INTO wp_bookly_customer_appointments ( id,series_id,package_id,customer_id,appointment_id,payment_id,number_of_persons,units,notes,extras,extras_multiply_nop,extras_consider_duration,custom_fields,status,status_changed_at,token,time_zone,time_zone_offset,rating,rating_comment,locale,collaborative_service_id,collaborative_token,compound_service_id,compound_token,created_from,created )VALUES( 1275,null,null,1275,1275,1275,1,1,'','[]',1,1,'[{"id":43107,"value":"Hannah Belleza"},{"id":51989,"value":"Family"},{"id":27913,"value":""},{"id":72188,"value":["I agree to <a href="https:\/\/www.mintroom.ca\/Terms_and_Conditions.pdf?v=11122018" target="_blank">Terms and Conditions<\/a>"]},{"id":85555,"value":["I agree there will be no more than 10 guests in the room per booking"]},{"id":27913,"value":" "},{"id":87958,"value":[]},{"id":45932,"value":[]}]','approved',null,null,null,null,null,null,null,null,null,null,null,'frontend','2019-06-11 10:59:32' );
INSERT INTO wp_bookly_appointments ( id,location_id,staff_id,staff_any,service_id,custom_service_name,custom_service_price,start_date,end_date,extras_duration,internal_note,google_event_id,google_event_etag,outlook_event_id,outlook_event_change_key,outlook_event_series_id,created_from,created )VALUES( 1276,null,10,0,5,null,null,'2019-06-16 14:00:00','2019-06-16 15:00:00',0,null,null,null,null,null,null,'bookly','2019-06-11 10:59:32' );
INSERT INTO wp_bookly_customers ( id,wp_user_id,facebook_id,group_id,full_name,first_name,last_name,phone,email,birthday,country,state,postcode,city,street,street_number,additional_address,notes,info_fields,credit,created )VALUES( 1276,null,null,null,'Jenny Diep','Jenny Diep','','4167046601','jendiep88@gmail.com*',null,'','','','','','','','',null,0,'2019-06-11 10:59:32' );
INSERT INTO wp_bookly_payments ( id,coupon_id,type,total,tax,paid,paid_type,gateway_price_correction,status,details,created )VALUES( 1276,null,'stripe',101.7,11.7,101.7,'in_full',0.00,'completed','{"items":[{"ca_id":1276,"appointment_date":"2019-06-16 14:00:00","service_name":"Conservatory","service_price":90,"service_tax":"11.70","wait_listed":false,"deposit_format":null,"number_of_persons":1,"units":"1","duration":"3600","staff_name":"Conservatory","extras":[]}],"coupon":null,"subtotal":{"price":90,"deposit":0},"customer":"Jenny Diep","tax_in_price":"excluded","tax_paid":"11.70","extras_multiply_nop":1}','2019-06-11 10:59:32' );
INSERT INTO wp_bookly_customer_appointments ( id,series_id,package_id,customer_id,appointment_id,payment_id,number_of_persons,units,notes,extras,extras_multiply_nop,extras_consider_duration,custom_fields,status,status_changed_at,token,time_zone,time_zone_offset,rating,rating_comment,locale,collaborative_service_id,collaborative_token,compound_service_id,compound_token,created_from,created )VALUES( 1276,null,null,1276,1276,1276,1,1,'','[]',1,1,'[{"id":43107,"value":"Belinda Liu "},{"id":51989,"value":"Family"},{"id":27913,"value":""},{"id":72188,"value":["I agree to <a href="https:\/\/www.mintroom.ca\/Terms_and_Conditions.pdf?v=11122018" target="_blank">Terms and Conditions<\/a>"]},{"id":85555,"value":["I agree there will be no more than 10 guests in the room per booking"]},{"id":27913,"value":" "},{"id":87958,"value":[]},{"id":45932,"value":[]}]','approved',null,null,null,null,null,null,null,null,null,null,null,'frontend','2019-06-11 10:59:32' );
INSERT INTO wp_bookly_appointments ( id,location_id,staff_id,staff_any,service_id,custom_service_name,custom_service_price,start_date,end_date,extras_duration,internal_note,google_event_id,google_event_etag,outlook_event_id,outlook_event_change_key,outlook_event_series_id,created_from,created )VALUES( 1277,null,10,0,5,null,null,'2019-06-23 11:00:00','2019-06-23 12:00:00',0,null,null,null,null,null,null,'bookly','2019-06-11 10:59:32' );
INSERT INTO wp_bookly_customers ( id,wp_user_id,facebook_id,group_id,full_name,first_name,last_name,phone,email,birthday,country,state,postcode,city,street,street_number,additional_address,notes,info_fields,credit,created )VALUES( 1277,null,null,null,'Alyssia Stevens','Alyssia Stevens','','4164164167','svetlana@purpletree.ca*',null,'','','','','','','','',null,0,'2019-06-11 10:59:32' );
INSERT INTO wp_bookly_payments ( id,coupon_id,type,total,tax,paid,paid_type,gateway_price_correction,status,details,created )VALUES( 1277,null,'stripe',0,0,0,'in_full',0.00,'completed','{"items":[{"ca_id":1277,"appointment_date":"2019-06-23 11:00:00","service_name":"Conservatory","service_price":90,"service_tax":"11.70","wait_listed":false,"deposit_format":null,"number_of_persons":1,"units":"1","duration":"3600","staff_name":"Conservatory","extras":[]}],"coupon":null,"subtotal":{"price":180,"deposit":0},"customer":"Alyssia Stevens","tax_in_price":"excluded","tax_paid":"0.00","extras_multiply_nop":1}','2019-06-11 10:59:32' );
INSERT INTO wp_bookly_customer_appointments ( id,series_id,package_id,customer_id,appointment_id,payment_id,number_of_persons,units,notes,extras,extras_multiply_nop,extras_consider_duration,custom_fields,status,status_changed_at,token,time_zone,time_zone_offset,rating,rating_comment,locale,collaborative_service_id,collaborative_token,compound_service_id,compound_token,created_from,created )VALUES( 1277,null,null,1277,1277,1277,1,1,'','[]',1,1,'[{"id":43107,"value":"Svetlana"},{"id":51989,"value":"Wedding"},{"id":27913,"value":""},{"id":72188,"value":["I agree to <a href="https:\/\/www.mintroom.ca\/Terms_and_Conditions.pdf?v=11122018" target="_blank">Terms and Conditions<\/a>"]},{"id":85555,"value":["I agree there will be no more than 10 guests in the room per booking"]},{"id":27913,"value":" "},{"id":87958,"value":[]},{"id":45932,"value":[]}]','approved',null,null,null,null,null,null,null,null,null,null,null,'frontend','2019-06-11 10:59:32' );
INSERT INTO wp_bookly_appointments ( id,location_id,staff_id,staff_any,service_id,custom_service_name,custom_service_price,start_date,end_date,extras_duration,internal_note,google_event_id,google_event_etag,outlook_event_id,outlook_event_change_key,outlook_event_series_id,created_from,created )VALUES( 1278,null,12,0,7,null,null,'2019-06-22 18:00:00','2019-06-22 19:00:00',0,null,null,null,null,null,null,'bookly','2019-06-11 10:59:32' );
INSERT INTO wp_bookly_customers ( id,wp_user_id,facebook_id,group_id,full_name,first_name,last_name,phone,email,birthday,country,state,postcode,city,street,street_number,additional_address,notes,info_fields,credit,created )VALUES( 1278,null,null,null,'Ed Ng','Ed Ng','','416 727 3221','edmkng@rogers.com*',null,'','','','','','','','',null,0,'2019-06-11 10:59:32' );
INSERT INTO wp_bookly_payments ( id,coupon_id,type,total,tax,paid,paid_type,gateway_price_correction,status,details,created )VALUES( 1278,null,'stripe',62.15,7.15,62.15,'in_full',0.00,'completed','{"items":[{"ca_id":1278,"appointment_date":"2019-06-22 18:00:00","service_name":"Lounge","service_price":55,"service_tax":"7.15","wait_listed":false,"deposit_format":null,"number_of_persons":1,"units":"1","duration":"3600","staff_name":"Lounge","extras":[]}],"coupon":null,"subtotal":{"price":55,"deposit":0},"customer":"Ed Ng","tax_in_price":"excluded","tax_paid":"7.15","extras_multiply_nop":1}','2019-06-11 10:59:32' );
INSERT INTO wp_bookly_customer_appointments ( id,series_id,package_id,customer_id,appointment_id,payment_id,number_of_persons,units,notes,extras,extras_multiply_nop,extras_consider_duration,custom_fields,status,status_changed_at,token,time_zone,time_zone_offset,rating,rating_comment,locale,collaborative_service_id,collaborative_token,compound_service_id,compound_token,created_from,created )VALUES( 1278,null,null,1278,1278,1278,1,1,'please book elevator for loading at 4:10 - 4:30','[]',1,1,'[{"id":43107,"value":"ed ng"},{"id":51989,"value":"Portrait"},{"id":27913,"value":""},{"id":72188,"value":["I agree to <a href="https:\/\/www.mintroom.ca\/Terms_and_Conditions.pdf?v=11122018" target="_blank">Terms and Conditions<\/a>"]},{"id":85555,"value":["I agree there will be no more than 10 guests in the room per booking"]},{"id":27913,"value":" "},{"id":87958,"value":[]},{"id":45932,"value":[]}]','approved',null,null,null,null,null,null,null,null,null,null,null,'frontend','2019-06-11 10:59:32' );
INSERT INTO wp_bookly_appointments ( id,location_id,staff_id,staff_any,service_id,custom_service_name,custom_service_price,start_date,end_date,extras_duration,internal_note,google_event_id,google_event_etag,outlook_event_id,outlook_event_change_key,outlook_event_series_id,created_from,created )VALUES( 1279,null,11,0,6,null,null,'2019-06-22 19:00:00','2019-06-22 20:00:00',0,null,null,null,null,null,null,'bookly','2019-06-11 10:59:32' );
INSERT INTO wp_bookly_payments ( id,coupon_id,type,total,tax,paid,paid_type,gateway_price_correction,status,details,created )VALUES( 1279,null,'stripe',101.7,11.7,101.7,'in_full',0.00,'completed','{"items":[{"ca_id":1279,"appointment_date":"2019-06-22 19:00:00","service_name":"Library","service_price":90,"service_tax":"11.70","wait_listed":false,"deposit_format":null,"number_of_persons":1,"units":"1","duration":"3600","staff_name":"Library","extras":[]}],"coupon":null,"subtotal":{"price":90,"deposit":0},"customer":"Ed Ng","tax_in_price":"excluded","tax_paid":"11.70","extras_multiply_nop":1}','2019-06-11 10:59:32' );
INSERT INTO wp_bookly_customer_appointments ( id,series_id,package_id,customer_id,appointment_id,payment_id,number_of_persons,units,notes,extras,extras_multiply_nop,extras_consider_duration,custom_fields,status,status_changed_at,token,time_zone,time_zone_offset,rating,rating_comment,locale,collaborative_service_id,collaborative_token,compound_service_id,compound_token,created_from,created )VALUES( 1279,null,null,1278,1279,1279,1,1,'please book elevator for load out at 8pm. please send txt or email to confirm elevator booking.','[]',1,1,'[{"id":43107,"value":"ed ng"},{"id":51989,"value":"Portrait"},{"id":27913,"value":""},{"id":72188,"value":["I agree to <a href="https:\/\/www.mintroom.ca\/Terms_and_Conditions.pdf?v=11122018" target="_blank">Terms and Conditions<\/a>"]},{"id":85555,"value":["I agree there will be no more than 10 guests in the room per booking"]},{"id":27913,"value":" "},{"id":87958,"value":[]},{"id":45932,"value":[]}]','approved',null,null,null,null,null,null,null,null,null,null,null,'frontend','2019-06-11 10:59:32' );
INSERT INTO wp_bookly_appointments ( id,location_id,staff_id,staff_any,service_id,custom_service_name,custom_service_price,start_date,end_date,extras_duration,internal_note,google_event_id,google_event_etag,outlook_event_id,outlook_event_change_key,outlook_event_series_id,created_from,created )VALUES( 1280,null,10,0,5,null,null,'2019-06-12 11:00:00','2019-06-12 12:00:00',0,null,null,null,null,null,null,'bookly','2019-06-11 10:59:32' );
INSERT INTO wp_bookly_customers ( id,wp_user_id,facebook_id,group_id,full_name,first_name,last_name,phone,email,birthday,country,state,postcode,city,street,street_number,additional_address,notes,info_fields,credit,created )VALUES( 1280,null,null,null,'nicole lewis','nicole lewis','','647-654-9906','nicolecohen9@gmail.com*',null,'','','','','','','','',null,0,'2019-06-11 10:59:32' );
INSERT INTO wp_bookly_payments ( id,coupon_id,type,total,tax,paid,paid_type,gateway_price_correction,status,details,created )VALUES( 1280,51,'stripe',81.36,9.36,81.36,'in_full',0.00,'completed','{"items":[{"ca_id":1280,"appointment_date":"2019-06-12 11:00:00","service_name":"Conservatory","service_price":90,"service_tax":"11.70","wait_listed":false,"deposit_format":null,"number_of_persons":1,"units":"1","duration":"3600","staff_name":"Conservatory","extras":[]}],"coupon":{"code":"nicolecohen9@gmail.com","discount":20,"deduction":"0.00"},"subtotal":{"price":90,"deposit":0},"customer":"nicole lewis","tax_in_price":"excluded","tax_paid":"9.36","extras_multiply_nop":1}','2019-06-11 10:59:32' );
INSERT INTO wp_bookly_customer_appointments ( id,series_id,package_id,customer_id,appointment_id,payment_id,number_of_persons,units,notes,extras,extras_multiply_nop,extras_consider_duration,custom_fields,status,status_changed_at,token,time_zone,time_zone_offset,rating,rating_comment,locale,collaborative_service_id,collaborative_token,compound_service_id,compound_token,created_from,created )VALUES( 1280,null,null,1280,1280,1280,1,1,'','[]',1,1,'[{"id":43107,"value":"nicole lewis"},{"id":51989,"value":"Family"},{"id":27913,"value":""},{"id":72188,"value":["I agree to <a href="https:\/\/www.mintroom.ca\/Terms_and_Conditions.pdf?v=11122018" target="_blank">Terms and Conditions<\/a>"]},{"id":85555,"value":["I agree there will be no more than 10 guests in the room per booking"]},{"id":27913,"value":" "},{"id":87958,"value":[]},{"id":45932,"value":[]}]','approved',null,null,null,null,null,null,null,null,null,null,null,'frontend','2019-06-11 10:59:32' );
INSERT INTO wp_bookly_appointments ( id,location_id,staff_id,staff_any,service_id,custom_service_name,custom_service_price,start_date,end_date,extras_duration,internal_note,google_event_id,google_event_etag,outlook_event_id,outlook_event_change_key,outlook_event_series_id,created_from,created )VALUES( 1281,null,9,0,4,null,null,'2019-07-15 13:00:00','2019-07-15 14:00:00',0,null,null,null,null,null,null,'bookly','2019-06-11 10:59:32' );
INSERT INTO wp_bookly_customers ( id,wp_user_id,facebook_id,group_id,full_name,first_name,last_name,phone,email,birthday,country,state,postcode,city,street,street_number,additional_address,notes,info_fields,credit,created )VALUES( 1281,null,null,null,'Ragulan balaratnam','Ragulan balaratnam','','6477841818','Yaso_waran@hotmail.com*',null,'','','','','','','','',null,0,'2019-06-11 10:59:32' );
INSERT INTO wp_bookly_payments ( id,coupon_id,type,total,tax,paid,paid_type,gateway_price_correction,status,details,created )VALUES( 1281,null,'stripe',203.4,23.4,203.4,'in_full',0.00,'completed','{"items":[{"ca_id":1281,"appointment_date":"2019-07-15 13:00:00","service_name":"Ballroom","service_price":90,"service_tax":"11.70","wait_listed":false,"deposit_format":null,"number_of_persons":1,"units":"1","duration":"3600","staff_name":"Ballroom","extras":[]}],"coupon":null,"subtotal":{"price":180,"deposit":0},"customer":"Ragulan balaratnam","tax_in_price":"excluded","tax_paid":"23.40","extras_multiply_nop":1}','2019-06-11 10:59:32' );
INSERT INTO wp_bookly_customer_appointments ( id,series_id,package_id,customer_id,appointment_id,payment_id,number_of_persons,units,notes,extras,extras_multiply_nop,extras_consider_duration,custom_fields,status,status_changed_at,token,time_zone,time_zone_offset,rating,rating_comment,locale,collaborative_service_id,collaborative_token,compound_service_id,compound_token,created_from,created )VALUES( 1281,null,null,1281,1281,1281,1,1,'','[]',1,1,'[{"id":43107,"value":"Sujan, seelan"},{"id":51989,"value":"Birthday ( 2 years old )"},{"id":27913,"value":""},{"id":72188,"value":["I agree to <a href="https:\/\/www.mintroom.ca\/Terms_and_Conditions.pdf?v=11122018" target="_blank">Terms and Conditions<\/a>"]},{"id":85555,"value":["I agree there will be no more than 10 guests in the room per booking"]},{"id":27913,"value":" "},{"id":87958,"value":[]},{"id":45932,"value":[]}]','approved',null,null,null,null,null,null,null,null,null,null,null,'frontend','2019-06-11 10:59:32' );
INSERT INTO wp_bookly_appointments ( id,location_id,staff_id,staff_any,service_id,custom_service_name,custom_service_price,start_date,end_date,extras_duration,internal_note,google_event_id,google_event_etag,outlook_event_id,outlook_event_change_key,outlook_event_series_id,created_from,created )VALUES( 1282,null,9,0,4,null,null,'2019-07-15 14:00:00','2019-07-15 15:00:00',0,null,null,null,null,null,null,'bookly','2019-06-11 10:59:32' );
INSERT INTO wp_bookly_payments ( id,coupon_id,type,total,tax,paid,paid_type,gateway_price_correction,status,details,created )VALUES( 1282,null,'stripe',203.4,23.4,203.4,'in_full',0.00,'completed','{"items":[{"ca_id":1282,"appointment_date":"2019-07-15 14:00:00","service_name":"Ballroom","service_price":90,"service_tax":"11.70","wait_listed":false,"deposit_format":null,"number_of_persons":1,"units":"1","duration":"3600","staff_name":"Ballroom","extras":[]}],"coupon":null,"subtotal":{"price":180,"deposit":0},"customer":"Ragulan balaratnam","tax_in_price":"excluded","tax_paid":"23.40","extras_multiply_nop":1}','2019-06-11 10:59:32' );
INSERT INTO wp_bookly_customer_appointments ( id,series_id,package_id,customer_id,appointment_id,payment_id,number_of_persons,units,notes,extras,extras_multiply_nop,extras_consider_duration,custom_fields,status,status_changed_at,token,time_zone,time_zone_offset,rating,rating_comment,locale,collaborative_service_id,collaborative_token,compound_service_id,compound_token,created_from,created )VALUES( 1282,null,null,1281,1282,1282,1,1,'','[]',1,1,'[{"id":43107,"value":"Sujan, seelan"},{"id":51989,"value":"Birthday ( 2 years old )"},{"id":27913,"value":""},{"id":72188,"value":["I agree to <a href="https:\/\/www.mintroom.ca\/Terms_and_Conditions.pdf?v=11122018" target="_blank">Terms and Conditions<\/a>"]},{"id":85555,"value":["I agree there will be no more than 10 guests in the room per booking"]},{"id":27913,"value":" "},{"id":87958,"value":[]},{"id":45932,"value":[]}]','approved',null,null,null,null,null,null,null,null,null,null,null,'frontend','2019-06-11 10:59:32' );
INSERT INTO wp_bookly_appointments ( id,location_id,staff_id,staff_any,service_id,custom_service_name,custom_service_price,start_date,end_date,extras_duration,internal_note,google_event_id,google_event_etag,outlook_event_id,outlook_event_change_key,outlook_event_series_id,created_from,created )VALUES( 1283,null,9,0,4,null,null,'2019-06-22 09:00:00','2019-06-22 10:00:00',0,null,null,null,null,null,null,'bookly','2019-06-11 10:59:32' );
INSERT INTO wp_bookly_customers ( id,wp_user_id,facebook_id,group_id,full_name,first_name,last_name,phone,email,birthday,country,state,postcode,city,street,street_number,additional_address,notes,info_fields,credit,created )VALUES( 1283,null,null,null,'Kayla','Kayla','','6472070553','kaylamariespina@gmail.com*',null,'','','','','','','','',null,0,'2019-06-11 10:59:32' );
INSERT INTO wp_bookly_payments ( id,coupon_id,type,total,tax,paid,paid_type,gateway_price_correction,status,details,created )VALUES( 1283,null,'stripe',305.1,35.1,305.1,'in_full',0.00,'completed','{"items":[{"ca_id":1283,"appointment_date":"2019-06-22 09:00:00","service_name":"Ballroom","service_price":90,"service_tax":"11.70","wait_listed":false,"deposit_format":null,"number_of_persons":1,"units":"1","duration":"3600","staff_name":"Ballroom","extras":[]}],"coupon":null,"subtotal":{"price":270,"deposit":0},"customer":"Kayla","tax_in_price":"excluded","tax_paid":"35.10","extras_multiply_nop":1}','2019-06-11 10:59:32' );
INSERT INTO wp_bookly_customer_appointments ( id,series_id,package_id,customer_id,appointment_id,payment_id,number_of_persons,units,notes,extras,extras_multiply_nop,extras_consider_duration,custom_fields,status,status_changed_at,token,time_zone,time_zone_offset,rating,rating_comment,locale,collaborative_service_id,collaborative_token,compound_service_id,compound_token,created_from,created )VALUES( 1283,null,null,1283,1283,1283,1,1,'','[]',1,1,'[{"id":43107,"value":"Matthew Demelo"},{"id":51989,"value":"Fashion"},{"id":27913,"value":""},{"id":72188,"value":["I agree to <a href="https:\/\/www.mintroom.ca\/Terms_and_Conditions.pdf?v=11122018" target="_blank">Terms and Conditions<\/a>"]},{"id":85555,"value":["I agree there will be no more than 10 guests in the room per booking"]},{"id":27913,"value":" "},{"id":87958,"value":[]},{"id":45932,"value":[]}]','approved',null,null,null,null,null,null,null,null,null,null,null,'frontend','2019-06-11 10:59:32' );
INSERT INTO wp_bookly_appointments ( id,location_id,staff_id,staff_any,service_id,custom_service_name,custom_service_price,start_date,end_date,extras_duration,internal_note,google_event_id,google_event_etag,outlook_event_id,outlook_event_change_key,outlook_event_series_id,created_from,created )VALUES( 1284,null,10,0,5,null,null,'2019-06-22 08:00:00','2019-06-22 09:00:00',0,null,null,null,null,null,null,'bookly','2019-06-11 10:59:32' );
INSERT INTO wp_bookly_payments ( id,coupon_id,type,total,tax,paid,paid_type,gateway_price_correction,status,details,created )VALUES( 1284,50,'coupon',0,0,0,'in_full',0.00,'completed','{"items":[{"ca_id":1284,"appointment_date":"2019-06-22 08:00:00","service_name":"Conservatory","service_price":90,"service_tax":"11.70","wait_listed":false,"deposit_format":null,"number_of_persons":1,"units":"1","duration":"3600","staff_name":"Conservatory","extras":[]}],"coupon":{"code":"PT_HUGE","discount":100,"deduction":"0.00"},"subtotal":{"price":90,"deposit":0},"customer":"Kayla","tax_in_price":"excluded","tax_paid":"0.00","extras_multiply_nop":1}','2019-06-11 10:59:32' );
INSERT INTO wp_bookly_customer_appointments ( id,series_id,package_id,customer_id,appointment_id,payment_id,number_of_persons,units,notes,extras,extras_multiply_nop,extras_consider_duration,custom_fields,status,status_changed_at,token,time_zone,time_zone_offset,rating,rating_comment,locale,collaborative_service_id,collaborative_token,compound_service_id,compound_token,created_from,created )VALUES( 1284,null,null,1283,1284,1284,1,1,'','[]',1,1,'[{"id":43107,"value":"Matthew Demelo"},{"id":51989,"value":"Portrait"},{"id":27913,"value":""},{"id":72188,"value":["I agree to <a href="https:\/\/www.mintroom.ca\/Terms_and_Conditions.pdf?v=11122018" target="_blank">Terms and Conditions<\/a>"]},{"id":85555,"value":["I agree there will be no more than 10 guests in the room per booking"]},{"id":27913,"value":" "},{"id":87958,"value":[]},{"id":45932,"value":[]}]','approved',null,null,null,null,null,null,null,null,null,null,null,'frontend','2019-06-11 10:59:32' );
INSERT INTO wp_bookly_appointments ( id,location_id,staff_id,staff_any,service_id,custom_service_name,custom_service_price,start_date,end_date,extras_duration,internal_note,google_event_id,google_event_etag,outlook_event_id,outlook_event_change_key,outlook_event_series_id,created_from,created )VALUES( 1285,null,9,0,4,null,null,'2019-11-02 10:00:00','2019-11-02 11:00:00',0,null,null,null,null,null,null,'bookly','2019-06-11 10:59:32' );
INSERT INTO wp_bookly_customers ( id,wp_user_id,facebook_id,group_id,full_name,first_name,last_name,phone,email,birthday,country,state,postcode,city,street,street_number,additional_address,notes,info_fields,credit,created )VALUES( 1285,null,null,null,'Joanna Galant','Joanna Galant','','647-899-0981','info@joannagalant.com*',null,'','','','','','','','',null,0,'2019-06-11 10:59:32' );
INSERT INTO wp_bookly_payments ( id,coupon_id,type,total,tax,paid,paid_type,gateway_price_correction,status,details,created )VALUES( 1285,53,'stripe',488.16,56.16,488.16,'in_full',0.00,'completed','{"items":[{"ca_id":1285,"appointment_date":"2019-11-02 10:00:00","service_name":"Ballroom","service_price":90,"service_tax":"11.70","wait_listed":false,"deposit_format":null,"number_of_persons":1,"units":"1","duration":"3600","staff_name":"Ballroom","extras":[]}],"coupon":{"code":"info@joannagalant.com","discount":20,"deduction":"0.00"},"subtotal":{"price":540,"deposit":0},"customer":"Joanna Galant","tax_in_price":"excluded","tax_paid":"56.16","extras_multiply_nop":1}','2019-06-11 10:59:32' );
INSERT INTO wp_bookly_customer_appointments ( id,series_id,package_id,customer_id,appointment_id,payment_id,number_of_persons,units,notes,extras,extras_multiply_nop,extras_consider_duration,custom_fields,status,status_changed_at,token,time_zone,time_zone_offset,rating,rating_comment,locale,collaborative_service_id,collaborative_token,compound_service_id,compound_token,created_from,created )VALUES( 1285,null,null,1285,1285,1285,1,1,'','[]',1,1,'[{"id":43107,"value":"joanna"},{"id":51989,"value":"Portrait"},{"id":27913,"value":""},{"id":72188,"value":["I agree to <a href="https:\/\/www.mintroom.ca\/Terms_and_Conditions.pdf?v=11122018" target="_blank">Terms and Conditions<\/a>"]},{"id":85555,"value":["I agree there will be no more than 10 guests in the room per booking"]},{"id":27913,"value":" "},{"id":87958,"value":[]},{"id":45932,"value":[]}]','approved',null,null,null,null,null,null,null,null,null,null,null,'frontend','2019-06-11 10:59:32' );
INSERT INTO wp_bookly_appointments ( id,location_id,staff_id,staff_any,service_id,custom_service_name,custom_service_price,start_date,end_date,extras_duration,internal_note,google_event_id,google_event_etag,outlook_event_id,outlook_event_change_key,outlook_event_series_id,created_from,created )VALUES( 1286,null,9,0,4,null,null,'2019-11-02 11:00:00','2019-11-02 12:00:00',0,null,null,null,null,null,null,'bookly','2019-06-11 10:59:32' );
INSERT INTO wp_bookly_payments ( id,coupon_id,type,total,tax,paid,paid_type,gateway_price_correction,status,details,created )VALUES( 1286,53,'stripe',488.16,56.16,488.16,'in_full',0.00,'completed','{"items":[{"ca_id":1286,"appointment_date":"2019-11-02 11:00:00","service_name":"Ballroom","service_price":90,"service_tax":"11.70","wait_listed":false,"deposit_format":null,"number_of_persons":1,"units":"1","duration":"3600","staff_name":"Ballroom","extras":[]}],"coupon":{"code":"info@joannagalant.com","discount":20,"deduction":"0.00"},"subtotal":{"price":540,"deposit":0},"customer":"Joanna Galant","tax_in_price":"excluded","tax_paid":"56.16","extras_multiply_nop":1}','2019-06-11 10:59:32' );
INSERT INTO wp_bookly_customer_appointments ( id,series_id,package_id,customer_id,appointment_id,payment_id,number_of_persons,units,notes,extras,extras_multiply_nop,extras_consider_duration,custom_fields,status,status_changed_at,token,time_zone,time_zone_offset,rating,rating_comment,locale,collaborative_service_id,collaborative_token,compound_service_id,compound_token,created_from,created )VALUES( 1286,null,null,1285,1286,1286,1,1,'','[]',1,1,'[{"id":43107,"value":"joanna"},{"id":51989,"value":"Portrait"},{"id":27913,"value":""},{"id":72188,"value":["I agree to <a href="https:\/\/www.mintroom.ca\/Terms_and_Conditions.pdf?v=11122018" target="_blank">Terms and Conditions<\/a>"]},{"id":85555,"value":["I agree there will be no more than 10 guests in the room per booking"]},{"id":27913,"value":" "},{"id":87958,"value":[]},{"id":45932,"value":[]}]','approved',null,null,null,null,null,null,null,null,null,null,null,'frontend','2019-06-11 10:59:32' );
INSERT INTO wp_bookly_appointments ( id,location_id,staff_id,staff_any,service_id,custom_service_name,custom_service_price,start_date,end_date,extras_duration,internal_note,google_event_id,google_event_etag,outlook_event_id,outlook_event_change_key,outlook_event_series_id,created_from,created )VALUES( 1287,null,9,0,4,null,null,'2019-11-02 12:00:00','2019-11-02 13:00:00',0,null,null,null,null,null,null,'bookly','2019-06-11 10:59:32' );
INSERT INTO wp_bookly_payments ( id,coupon_id,type,total,tax,paid,paid_type,gateway_price_correction,status,details,created )VALUES( 1287,53,'stripe',488.16,56.16,488.16,'in_full',0.00,'completed','{"items":[{"ca_id":1287,"appointment_date":"2019-11-02 12:00:00","service_name":"Ballroom","service_price":90,"service_tax":"11.70","wait_listed":false,"deposit_format":null,"number_of_persons":1,"units":"1","duration":"3600","staff_name":"Ballroom","extras":[]}],"coupon":{"code":"info@joannagalant.com","discount":20,"deduction":"0.00"},"subtotal":{"price":540,"deposit":0},"customer":"Joanna Galant","tax_in_price":"excluded","tax_paid":"56.16","extras_multiply_nop":1}','2019-06-11 10:59:32' );
INSERT INTO wp_bookly_customer_appointments ( id,series_id,package_id,customer_id,appointment_id,payment_id,number_of_persons,units,notes,extras,extras_multiply_nop,extras_consider_duration,custom_fields,status,status_changed_at,token,time_zone,time_zone_offset,rating,rating_comment,locale,collaborative_service_id,collaborative_token,compound_service_id,compound_token,created_from,created )VALUES( 1287,null,null,1285,1287,1287,1,1,'','[]',1,1,'[{"id":43107,"value":"joanna"},{"id":51989,"value":"Portrait"},{"id":27913,"value":""},{"id":72188,"value":["I agree to <a href="https:\/\/www.mintroom.ca\/Terms_and_Conditions.pdf?v=11122018" target="_blank">Terms and Conditions<\/a>"]},{"id":85555,"value":["I agree there will be no more than 10 guests in the room per booking"]},{"id":27913,"value":" "},{"id":87958,"value":[]},{"id":45932,"value":[]}]','approved',null,null,null,null,null,null,null,null,null,null,null,'frontend','2019-06-11 10:59:32' );
INSERT INTO wp_bookly_appointments ( id,location_id,staff_id,staff_any,service_id,custom_service_name,custom_service_price,start_date,end_date,extras_duration,internal_note,google_event_id,google_event_etag,outlook_event_id,outlook_event_change_key,outlook_event_series_id,created_from,created )VALUES( 1288,null,9,0,4,null,null,'2019-11-02 13:00:00','2019-11-02 14:00:00',0,null,null,null,null,null,null,'bookly','2019-06-11 10:59:32' );
INSERT INTO wp_bookly_payments ( id,coupon_id,type,total,tax,paid,paid_type,gateway_price_correction,status,details,created )VALUES( 1288,53,'stripe',488.16,56.16,488.16,'in_full',0.00,'completed','{"items":[{"ca_id":1288,"appointment_date":"2019-11-02 13:00:00","service_name":"Ballroom","service_price":90,"service_tax":"11.70","wait_listed":false,"deposit_format":null,"number_of_persons":1,"units":"1","duration":"3600","staff_name":"Ballroom","extras":[]}],"coupon":{"code":"info@joannagalant.com","discount":20,"deduction":"0.00"},"subtotal":{"price":540,"deposit":0},"customer":"Joanna Galant","tax_in_price":"excluded","tax_paid":"56.16","extras_multiply_nop":1}','2019-06-11 10:59:32' );
INSERT INTO wp_bookly_customer_appointments ( id,series_id,package_id,customer_id,appointment_id,payment_id,number_of_persons,units,notes,extras,extras_multiply_nop,extras_consider_duration,custom_fields,status,status_changed_at,token,time_zone,time_zone_offset,rating,rating_comment,locale,collaborative_service_id,collaborative_token,compound_service_id,compound_token,created_from,created )VALUES( 1288,null,null,1285,1288,1288,1,1,'','[]',1,1,'[{"id":43107,"value":"joanna"},{"id":51989,"value":"Portrait"},{"id":27913,"value":""},{"id":72188,"value":["I agree to <a href="https:\/\/www.mintroom.ca\/Terms_and_Conditions.pdf?v=11122018" target="_blank">Terms and Conditions<\/a>"]},{"id":85555,"value":["I agree there will be no more than 10 guests in the room per booking"]},{"id":27913,"value":" "},{"id":87958,"value":[]},{"id":45932,"value":[]}]','approved',null,null,null,null,null,null,null,null,null,null,null,'frontend','2019-06-11 10:59:32' );
INSERT INTO wp_bookly_appointments ( id,location_id,staff_id,staff_any,service_id,custom_service_name,custom_service_price,start_date,end_date,extras_duration,internal_note,google_event_id,google_event_etag,outlook_event_id,outlook_event_change_key,outlook_event_series_id,created_from,created )VALUES( 1289,null,9,0,4,null,null,'2019-11-02 14:00:00','2019-11-02 15:00:00',0,null,null,null,null,null,null,'bookly','2019-06-11 10:59:32' );
INSERT INTO wp_bookly_payments ( id,coupon_id,type,total,tax,paid,paid_type,gateway_price_correction,status,details,created )VALUES( 1289,53,'stripe',488.16,56.16,488.16,'in_full',0.00,'completed','{"items":[{"ca_id":1289,"appointment_date":"2019-11-02 14:00:00","service_name":"Ballroom","service_price":90,"service_tax":"11.70","wait_listed":false,"deposit_format":null,"number_of_persons":1,"units":"1","duration":"3600","staff_name":"Ballroom","extras":[]}],"coupon":{"code":"info@joannagalant.com","discount":20,"deduction":"0.00"},"subtotal":{"price":540,"deposit":0},"customer":"Joanna Galant","tax_in_price":"excluded","tax_paid":"56.16","extras_multiply_nop":1}','2019-06-11 10:59:32' );
INSERT INTO wp_bookly_customer_appointments ( id,series_id,package_id,customer_id,appointment_id,payment_id,number_of_persons,units,notes,extras,extras_multiply_nop,extras_consider_duration,custom_fields,status,status_changed_at,token,time_zone,time_zone_offset,rating,rating_comment,locale,collaborative_service_id,collaborative_token,compound_service_id,compound_token,created_from,created )VALUES( 1289,null,null,1285,1289,1289,1,1,'','[]',1,1,'[{"id":43107,"value":"joanna"},{"id":51989,"value":"Portrait"},{"id":27913,"value":""},{"id":72188,"value":["I agree to <a href="https:\/\/www.mintroom.ca\/Terms_and_Conditions.pdf?v=11122018" target="_blank">Terms and Conditions<\/a>"]},{"id":85555,"value":["I agree there will be no more than 10 guests in the room per booking"]},{"id":27913,"value":" "},{"id":87958,"value":[]},{"id":45932,"value":[]}]','approved',null,null,null,null,null,null,null,null,null,null,null,'frontend','2019-06-11 10:59:32' );
INSERT INTO wp_bookly_appointments ( id,location_id,staff_id,staff_any,service_id,custom_service_name,custom_service_price,start_date,end_date,extras_duration,internal_note,google_event_id,google_event_etag,outlook_event_id,outlook_event_change_key,outlook_event_series_id,created_from,created )VALUES( 1290,null,9,0,4,null,null,'2019-11-02 15:00:00','2019-11-02 16:00:00',0,null,null,null,null,null,null,'bookly','2019-06-11 10:59:32' );
INSERT INTO wp_bookly_payments ( id,coupon_id,type,total,tax,paid,paid_type,gateway_price_correction,status,details,created )VALUES( 1290,53,'stripe',488.16,56.16,488.16,'in_full',0.00,'completed','{"items":[{"ca_id":1290,"appointment_date":"2019-11-02 15:00:00","service_name":"Ballroom","service_price":90,"service_tax":"11.70","wait_listed":false,"deposit_format":null,"number_of_persons":1,"units":"1","duration":"3600","staff_name":"Ballroom","extras":[]}],"coupon":{"code":"info@joannagalant.com","discount":20,"deduction":"0.00"},"subtotal":{"price":540,"deposit":0},"customer":"Joanna Galant","tax_in_price":"excluded","tax_paid":"56.16","extras_multiply_nop":1}','2019-06-11 10:59:32' );
INSERT INTO wp_bookly_customer_appointments ( id,series_id,package_id,customer_id,appointment_id,payment_id,number_of_persons,units,notes,extras,extras_multiply_nop,extras_consider_duration,custom_fields,status,status_changed_at,token,time_zone,time_zone_offset,rating,rating_comment,locale,collaborative_service_id,collaborative_token,compound_service_id,compound_token,created_from,created )VALUES( 1290,null,null,1285,1290,1290,1,1,'','[]',1,1,'[{"id":43107,"value":"joanna"},{"id":51989,"value":"Portrait"},{"id":27913,"value":""},{"id":72188,"value":["I agree to <a href="https:\/\/www.mintroom.ca\/Terms_and_Conditions.pdf?v=11122018" target="_blank">Terms and Conditions<\/a>"]},{"id":85555,"value":["I agree there will be no more than 10 guests in the room per booking"]},{"id":27913,"value":" "},{"id":87958,"value":[]},{"id":45932,"value":[]}]','approved',null,null,null,null,null,null,null,null,null,null,null,'frontend','2019-06-11 10:59:32' );
INSERT INTO wp_bookly_appointments ( id,location_id,staff_id,staff_any,service_id,custom_service_name,custom_service_price,start_date,end_date,extras_duration,internal_note,google_event_id,google_event_etag,outlook_event_id,outlook_event_change_key,outlook_event_series_id,created_from,created )VALUES( 1291,null,11,0,6,null,null,'2019-06-17 12:00:00','2019-06-17 13:00:00',0,null,null,null,null,null,null,'bookly','2019-06-11 10:59:32' );
INSERT INTO wp_bookly_customers ( id,wp_user_id,facebook_id,group_id,full_name,first_name,last_name,phone,email,birthday,country,state,postcode,city,street,street_number,additional_address,notes,info_fields,credit,created )VALUES( 1291,null,null,null,'Renee Santos','Renee Santos','','6479650409','Kevinrenee2018@gmail.com*',null,'','','','','','','','',null,0,'2019-06-11 10:59:32' );
INSERT INTO wp_bookly_payments ( id,coupon_id,type,total,tax,paid,paid_type,gateway_price_correction,status,details,created )VALUES( 1291,null,'stripe',101.7,11.7,101.7,'in_full',0.00,'completed','{"items":[{"ca_id":1291,"appointment_date":"2019-06-17 12:00:00","service_name":"Library","service_price":90,"service_tax":"11.70","wait_listed":false,"deposit_format":null,"number_of_persons":1,"units":"1","duration":"3600","staff_name":"Library","extras":[]}],"coupon":null,"subtotal":{"price":90,"deposit":0},"customer":"Renee Santos","tax_in_price":"excluded","tax_paid":"11.70","extras_multiply_nop":1}','2019-06-11 10:59:32' );
INSERT INTO wp_bookly_customer_appointments ( id,series_id,package_id,customer_id,appointment_id,payment_id,number_of_persons,units,notes,extras,extras_multiply_nop,extras_consider_duration,custom_fields,status,status_changed_at,token,time_zone,time_zone_offset,rating,rating_comment,locale,collaborative_service_id,collaborative_token,compound_service_id,compound_token,created_from,created )VALUES( 1291,null,null,1291,1291,1291,1,1,'','[]',1,1,'[{"id":43107,"value":"Ralph Romasanta"},{"id":51989,"value":"Maternity"},{"id":27913,"value":""},{"id":72188,"value":["I agree to <a href="https:\/\/www.mintroom.ca\/Terms_and_Conditions.pdf?v=11122018" target="_blank">Terms and Conditions<\/a>"]},{"id":85555,"value":["I agree there will be no more than 10 guests in the room per booking"]},{"id":27913,"value":" "},{"id":87958,"value":[]},{"id":45932,"value":[]}]','approved',null,null,null,null,null,null,null,null,null,null,null,'frontend','2019-06-11 10:59:32' );
INSERT INTO wp_bookly_appointments ( id,location_id,staff_id,staff_any,service_id,custom_service_name,custom_service_price,start_date,end_date,extras_duration,internal_note,google_event_id,google_event_etag,outlook_event_id,outlook_event_change_key,outlook_event_series_id,created_from,created )VALUES( 1292,null,11,0,6,null,null,'2019-06-15 12:00:00','2019-06-15 13:00:00',0,null,null,null,null,null,null,'bookly','2019-06-11 10:59:32' );
INSERT INTO wp_bookly_payments ( id,coupon_id,type,total,tax,paid,paid_type,gateway_price_correction,status,details,created )VALUES( 1292,null,'stripe',203.4,23.4,203.4,'in_full',0.00,'completed','{"items":[{"ca_id":1292,"appointment_date":"2019-06-15 12:00:00","service_name":"Library","service_price":90,"service_tax":"11.70","wait_listed":false,"deposit_format":null,"number_of_persons":1,"units":"1","duration":"3600","staff_name":"Library","extras":[]}],"coupon":null,"subtotal":{"price":180,"deposit":0},"customer":"Janelle Gokule","tax_in_price":"excluded","tax_paid":"23.40","extras_multiply_nop":1}','2019-06-11 10:59:32' );
INSERT INTO wp_bookly_customer_appointments ( id,series_id,package_id,customer_id,appointment_id,payment_id,number_of_persons,units,notes,extras,extras_multiply_nop,extras_consider_duration,custom_fields,status,status_changed_at,token,time_zone,time_zone_offset,rating,rating_comment,locale,collaborative_service_id,collaborative_token,compound_service_id,compound_token,created_from,created )VALUES( 1292,null,null,1215,1292,1292,1,1,'','[]',1,1,'[{"id":43107,"value":"Janelle Gokule"},{"id":51989,"value":"Family"},{"id":27913,"value":""},{"id":72188,"value":["I agree to <a href="https:\/\/www.mintroom.ca\/Terms_and_Conditions.pdf?v=11122018" target="_blank">Terms and Conditions<\/a>"]},{"id":85555,"value":["I agree there will be no more than 10 guests in the room per booking"]},{"id":27913,"value":" "},{"id":87958,"value":[]},{"id":45932,"value":[]}]','approved',null,null,null,null,null,null,null,null,null,null,null,'frontend','2019-06-11 10:59:32' );
INSERT INTO wp_bookly_appointments ( id,location_id,staff_id,staff_any,service_id,custom_service_name,custom_service_price,start_date,end_date,extras_duration,internal_note,google_event_id,google_event_etag,outlook_event_id,outlook_event_change_key,outlook_event_series_id,created_from,created )VALUES( 1293,null,11,0,6,null,null,'2019-06-15 13:00:00','2019-06-15 14:00:00',0,null,null,null,null,null,null,'bookly','2019-06-11 10:59:32' );
INSERT INTO wp_bookly_payments ( id,coupon_id,type,total,tax,paid,paid_type,gateway_price_correction,status,details,created )VALUES( 1293,null,'stripe',203.4,23.4,203.4,'in_full',0.00,'completed','{"items":[{"ca_id":1293,"appointment_date":"2019-06-15 13:00:00","service_name":"Library","service_price":90,"service_tax":"11.70","wait_listed":false,"deposit_format":null,"number_of_persons":1,"units":"1","duration":"3600","staff_name":"Library","extras":[]}],"coupon":null,"subtotal":{"price":180,"deposit":0},"customer":"Janelle Gokule","tax_in_price":"excluded","tax_paid":"23.40","extras_multiply_nop":1}','2019-06-11 10:59:32' );
INSERT INTO wp_bookly_customer_appointments ( id,series_id,package_id,customer_id,appointment_id,payment_id,number_of_persons,units,notes,extras,extras_multiply_nop,extras_consider_duration,custom_fields,status,status_changed_at,token,time_zone,time_zone_offset,rating,rating_comment,locale,collaborative_service_id,collaborative_token,compound_service_id,compound_token,created_from,created )VALUES( 1293,null,null,1215,1293,1293,1,1,'','[]',1,1,'[{"id":43107,"value":"Janelle Gokule"},{"id":51989,"value":"Family"},{"id":27913,"value":""},{"id":72188,"value":["I agree to <a href="https:\/\/www.mintroom.ca\/Terms_and_Conditions.pdf?v=11122018" target="_blank">Terms and Conditions<\/a>"]},{"id":85555,"value":["I agree there will be no more than 10 guests in the room per booking"]},{"id":27913,"value":" "},{"id":87958,"value":[]},{"id":45932,"value":[]}]','approved',null,null,null,null,null,null,null,null,null,null,null,'frontend','2019-06-11 10:59:32' );
INSERT INTO wp_bookly_appointments ( id,location_id,staff_id,staff_any,service_id,custom_service_name,custom_service_price,start_date,end_date,extras_duration,internal_note,google_event_id,google_event_etag,outlook_event_id,outlook_event_change_key,outlook_event_series_id,created_from,created )VALUES( 1294,null,9,0,4,null,null,'2019-08-24 14:00:00','2019-08-24 15:00:00',0,null,null,null,null,null,null,'bookly','2019-06-11 10:59:32' );
INSERT INTO wp_bookly_customers ( id,wp_user_id,facebook_id,group_id,full_name,first_name,last_name,phone,email,birthday,country,state,postcode,city,street,street_number,additional_address,notes,info_fields,credit,created )VALUES( 1294,null,null,null,'Lomar Gentile','Lomar Gentile','','6478811338','llombardo1992@gmail.com*',null,'','','','','','','','',null,0,'2019-06-11 10:59:32' );
INSERT INTO wp_bookly_payments ( id,coupon_id,type,total,tax,paid,paid_type,gateway_price_correction,status,details,created )VALUES( 1294,null,'stripe',101.7,11.7,101.7,'in_full',0.00,'completed','{"items":[{"ca_id":1294,"appointment_date":"2019-08-24 14:00:00","service_name":"Ballroom","service_price":90,"service_tax":"11.70","wait_listed":false,"deposit_format":null,"number_of_persons":1,"units":"1","duration":"3600","staff_name":"Ballroom","extras":[]}],"coupon":null,"subtotal":{"price":90,"deposit":0},"customer":"Lomar Gentile","tax_in_price":"excluded","tax_paid":"11.70","extras_multiply_nop":1}','2019-06-11 10:59:32' );
INSERT INTO wp_bookly_customer_appointments ( id,series_id,package_id,customer_id,appointment_id,payment_id,number_of_persons,units,notes,extras,extras_multiply_nop,extras_consider_duration,custom_fields,status,status_changed_at,token,time_zone,time_zone_offset,rating,rating_comment,locale,collaborative_service_id,collaborative_token,compound_service_id,compound_token,created_from,created )VALUES( 1294,null,null,1294,1294,1294,1,1,'We are also going to book the Conservatory for the same time','[]',1,1,'[{"id":43107,"value":"Mike Fantauzzi"},{"id":51989,"value":"Wedding"},{"id":27913,"value":""},{"id":72188,"value":["I agree to <a href="https:\/\/www.mintroom.ca\/Terms_and_Conditions.pdf?v=11122018" target="_blank">Terms and Conditions<\/a>"]},{"id":85555,"value":["I agree there will be no more than 10 guests in the room per booking"]},{"id":27913,"value":" "},{"id":87958,"value":[]},{"id":45932,"value":[]}]','approved',null,null,null,null,null,null,null,null,null,null,null,'frontend','2019-06-11 10:59:32' );
INSERT INTO wp_bookly_appointments ( id,location_id,staff_id,staff_any,service_id,custom_service_name,custom_service_price,start_date,end_date,extras_duration,internal_note,google_event_id,google_event_etag,outlook_event_id,outlook_event_change_key,outlook_event_series_id,created_from,created )VALUES( 1295,null,10,0,5,null,null,'2019-08-24 14:00:00','2019-08-24 15:00:00',0,null,null,null,null,null,null,'bookly','2019-06-11 10:59:32' );
INSERT INTO wp_bookly_payments ( id,coupon_id,type,total,tax,paid,paid_type,gateway_price_correction,status,details,created )VALUES( 1295,null,'stripe',101.7,11.7,101.7,'in_full',0.00,'completed','{"items":[{"ca_id":1295,"appointment_date":"2019-08-24 14:00:00","service_name":"Conservatory","service_price":90,"service_tax":"11.70","wait_listed":false,"deposit_format":null,"number_of_persons":1,"units":"1","duration":"3600","staff_name":"Conservatory","extras":[]}],"coupon":null,"subtotal":{"price":90,"deposit":0},"customer":"Lomar Gentile","tax_in_price":"excluded","tax_paid":"11.70","extras_multiply_nop":1}','2019-06-11 10:59:32' );
INSERT INTO wp_bookly_customer_appointments ( id,series_id,package_id,customer_id,appointment_id,payment_id,number_of_persons,units,notes,extras,extras_multiply_nop,extras_consider_duration,custom_fields,status,status_changed_at,token,time_zone,time_zone_offset,rating,rating_comment,locale,collaborative_service_id,collaborative_token,compound_service_id,compound_token,created_from,created )VALUES( 1295,null,null,1294,1295,1295,1,1,'We are also booking the Ballroom for the same time.','[]',1,1,'[{"id":43107,"value":"Mike Fantauzzi"},{"id":51989,"value":"Wedding"},{"id":27913,"value":""},{"id":72188,"value":["I agree to <a href="https:\/\/www.mintroom.ca\/Terms_and_Conditions.pdf?v=11122018" target="_blank">Terms and Conditions<\/a>"]},{"id":85555,"value":["I agree there will be no more than 10 guests in the room per booking"]},{"id":27913,"value":" "},{"id":87958,"value":[]},{"id":45932,"value":[]}]','approved',null,null,null,null,null,null,null,null,null,null,null,'frontend','2019-06-11 10:59:32' );
INSERT INTO wp_bookly_appointments ( id,location_id,staff_id,staff_any,service_id,custom_service_name,custom_service_price,start_date,end_date,extras_duration,internal_note,google_event_id,google_event_etag,outlook_event_id,outlook_event_change_key,outlook_event_series_id,created_from,created )VALUES( 1296,null,10,0,5,null,null,'2019-06-30 12:00:00','2019-06-30 13:00:00',0,null,null,null,null,null,null,'bookly','2019-06-11 10:59:32' );
INSERT INTO wp_bookly_payments ( id,coupon_id,type,total,tax,paid,paid_type,gateway_price_correction,status,details,created )VALUES( 1296,51,'stripe',81.36,9.36,81.36,'in_full',0.00,'completed','{"items":[{"ca_id":1296,"appointment_date":"2019-06-30 12:00:00","service_name":"Conservatory","service_price":90,"service_tax":"11.70","wait_listed":false,"deposit_format":null,"number_of_persons":1,"units":"1","duration":"3600","staff_name":"Conservatory","extras":[]}],"coupon":{"code":"nicolecohen9@gmail.com","discount":20,"deduction":"0.00"},"subtotal":{"price":90,"deposit":0},"customer":"nicole lewis","tax_in_price":"excluded","tax_paid":"9.36","extras_multiply_nop":1}','2019-06-11 10:59:32' );
INSERT INTO wp_bookly_customer_appointments ( id,series_id,package_id,customer_id,appointment_id,payment_id,number_of_persons,units,notes,extras,extras_multiply_nop,extras_consider_duration,custom_fields,status,status_changed_at,token,time_zone,time_zone_offset,rating,rating_comment,locale,collaborative_service_id,collaborative_token,compound_service_id,compound_token,created_from,created )VALUES( 1296,null,null,1280,1296,1296,1,1,'','[]',1,1,'[{"id":43107,"value":"nicole lewis"},{"id":51989,"value":"Newborn"},{"id":27913,"value":""},{"id":72188,"value":["I agree to <a href="https:\/\/www.mintroom.ca\/Terms_and_Conditions.pdf?v=11122018" target="_blank">Terms and Conditions<\/a>"]},{"id":85555,"value":["I agree there will be no more than 10 guests in the room per booking"]},{"id":27913,"value":" "},{"id":87958,"value":[]},{"id":45932,"value":[]}]','approved',null,null,null,null,null,null,null,null,null,null,null,'frontend','2019-06-11 10:59:32' );
INSERT INTO wp_bookly_appointments ( id,location_id,staff_id,staff_any,service_id,custom_service_name,custom_service_price,start_date,end_date,extras_duration,internal_note,google_event_id,google_event_etag,outlook_event_id,outlook_event_change_key,outlook_event_series_id,created_from,created )VALUES( 1297,null,9,0,4,null,null,'2019-06-19 14:00:00','2019-06-19 15:00:00',0,null,null,null,null,null,null,'bookly','2019-06-11 10:59:32' );
INSERT INTO wp_bookly_customers ( id,wp_user_id,facebook_id,group_id,full_name,first_name,last_name,phone,email,birthday,country,state,postcode,city,street,street_number,additional_address,notes,info_fields,credit,created )VALUES( 1297,null,null,null,'Sobana Gugan','Sobana Gugan','','4168177769','Sobanagugan@gmail.com*',null,'','','','','','','','',null,0,'2019-06-11 10:59:32' );
INSERT INTO wp_bookly_payments ( id,coupon_id,type,total,tax,paid,paid_type,gateway_price_correction,status,details,created )VALUES( 1297,null,'stripe',101.7,11.7,101.7,'in_full',0.00,'completed','{"items":[{"ca_id":1297,"appointment_date":"2019-06-19 14:00:00","service_name":"Ballroom","service_price":90,"service_tax":"11.70","wait_listed":false,"deposit_format":null,"number_of_persons":1,"units":"1","duration":"3600","staff_name":"Ballroom","extras":[]}],"coupon":null,"subtotal":{"price":90,"deposit":0},"customer":"Sobana Gugan","tax_in_price":"excluded","tax_paid":"11.70","extras_multiply_nop":1}','2019-06-11 10:59:32' );
INSERT INTO wp_bookly_customer_appointments ( id,series_id,package_id,customer_id,appointment_id,payment_id,number_of_persons,units,notes,extras,extras_multiply_nop,extras_consider_duration,custom_fields,status,status_changed_at,token,time_zone,time_zone_offset,rating,rating_comment,locale,collaborative_service_id,collaborative_token,compound_service_id,compound_token,created_from,created )VALUES( 1297,null,null,1297,1297,1297,1,1,'','[]',1,1,'[{"id":43107,"value":"Jana Digital dreams"},{"id":51989,"value":"Wedding"},{"id":27913,"value":""},{"id":72188,"value":["I agree to <a href="https:\/\/www.mintroom.ca\/Terms_and_Conditions.pdf?v=11122018" target="_blank">Terms and Conditions<\/a>"]},{"id":85555,"value":["I agree there will be no more than 10 guests in the room per booking"]},{"id":27913,"value":" "},{"id":87958,"value":[]},{"id":45932,"value":[]}]','approved',null,null,null,null,null,null,null,null,null,null,null,'frontend','2019-06-11 10:59:32' );
INSERT INTO wp_bookly_appointments ( id,location_id,staff_id,staff_any,service_id,custom_service_name,custom_service_price,start_date,end_date,extras_duration,internal_note,google_event_id,google_event_etag,outlook_event_id,outlook_event_change_key,outlook_event_series_id,created_from,created )VALUES( 1298,null,9,0,4,null,null,'2019-06-29 09:00:00','2019-06-29 10:00:00',0,null,null,null,null,null,null,'bookly','2019-06-11 10:59:32' );
INSERT INTO wp_bookly_customers ( id,wp_user_id,facebook_id,group_id,full_name,first_name,last_name,phone,email,birthday,country,state,postcode,city,street,street_number,additional_address,notes,info_fields,credit,created )VALUES( 1298,null,null,null,'Katherine Ridgley','Katherine Ridgley','','905-630-1412','kmridgley@gmail.com*',null,'','','','','','','','',null,0,'2019-06-11 10:59:32' );
INSERT INTO wp_bookly_payments ( id,coupon_id,type,total,tax,paid,paid_type,gateway_price_correction,status,details,created )VALUES( 1298,null,'stripe',101.7,11.7,101.7,'in_full',0.00,'completed','{"items":[{"ca_id":1298,"appointment_date":"2019-06-29 09:00:00","service_name":"Ballroom","service_price":90,"service_tax":"11.70","wait_listed":false,"deposit_format":null,"number_of_persons":1,"units":"1","duration":"3600","staff_name":"Ballroom","extras":[]}],"coupon":null,"subtotal":{"price":90,"deposit":0},"customer":"Katherine Ridgley","tax_in_price":"excluded","tax_paid":"11.70","extras_multiply_nop":1}','2019-06-11 10:59:32' );
INSERT INTO wp_bookly_customer_appointments ( id,series_id,package_id,customer_id,appointment_id,payment_id,number_of_persons,units,notes,extras,extras_multiply_nop,extras_consider_duration,custom_fields,status,status_changed_at,token,time_zone,time_zone_offset,rating,rating_comment,locale,collaborative_service_id,collaborative_token,compound_service_id,compound_token,created_from,created )VALUES( 1298,null,null,1298,1298,1298,1,1,'Family shoot. Booking the Library for the following hour.','[]',1,1,'[{"id":43107,"value":"Katherine Ridgley"},{"id":51989,"value":"Family"},{"id":27913,"value":""},{"id":72188,"value":["I agree to <a href="https:\/\/www.mintroom.ca\/Terms_and_Conditions.pdf?v=11122018" target="_blank">Terms and Conditions<\/a>"]},{"id":85555,"value":["I agree there will be no more than 10 guests in the room per booking"]},{"id":27913,"value":" "},{"id":87958,"value":[]},{"id":45932,"value":[]}]','approved',null,null,null,null,null,null,null,null,null,null,null,'frontend','2019-06-11 10:59:32' );
INSERT INTO wp_bookly_appointments ( id,location_id,staff_id,staff_any,service_id,custom_service_name,custom_service_price,start_date,end_date,extras_duration,internal_note,google_event_id,google_event_etag,outlook_event_id,outlook_event_change_key,outlook_event_series_id,created_from,created )VALUES( 1299,null,11,0,6,null,null,'2019-06-29 10:00:00','2019-06-29 11:00:00',0,null,null,null,null,null,null,'bookly','2019-06-11 10:59:32' );
INSERT INTO wp_bookly_payments ( id,coupon_id,type,total,tax,paid,paid_type,gateway_price_correction,status,details,created )VALUES( 1299,null,'stripe',101.7,11.7,101.7,'in_full',0.00,'completed','{"items":[{"ca_id":1299,"appointment_date":"2019-06-29 10:00:00","service_name":"Library","service_price":90,"service_tax":"11.70","wait_listed":false,"deposit_format":null,"number_of_persons":1,"units":"1","duration":"3600","staff_name":"Library","extras":[]}],"coupon":null,"subtotal":{"price":90,"deposit":0},"customer":"Katherine Ridgley","tax_in_price":"excluded","tax_paid":"11.70","extras_multiply_nop":1}','2019-06-11 10:59:32' );
INSERT INTO wp_bookly_customer_appointments ( id,series_id,package_id,customer_id,appointment_id,payment_id,number_of_persons,units,notes,extras,extras_multiply_nop,extras_consider_duration,custom_fields,status,status_changed_at,token,time_zone,time_zone_offset,rating,rating_comment,locale,collaborative_service_id,collaborative_token,compound_service_id,compound_token,created_from,created )VALUES( 1299,null,null,1298,1299,1299,1,1,'Family Shoot. 2nd Hour. 1st Hour in the Ballroom.','[]',1,1,'[{"id":43107,"value":"Katherine Ridgley"},{"id":51989,"value":"Family"},{"id":27913,"value":""},{"id":72188,"value":["I agree to <a href="https:\/\/www.mintroom.ca\/Terms_and_Conditions.pdf?v=11122018" target="_blank">Terms and Conditions<\/a>"]},{"id":85555,"value":["I agree there will be no more than 10 guests in the room per booking"]},{"id":27913,"value":" "},{"id":87958,"value":[]},{"id":45932,"value":[]}]','approved',null,null,null,null,null,null,null,null,null,null,null,'frontend','2019-06-11 10:59:32' );
INSERT INTO wp_bookly_appointments ( id,location_id,staff_id,staff_any,service_id,custom_service_name,custom_service_price,start_date,end_date,extras_duration,internal_note,google_event_id,google_event_etag,outlook_event_id,outlook_event_change_key,outlook_event_series_id,created_from,created )VALUES( 1300,null,9,0,4,null,null,'2019-10-04 14:00:00','2019-10-04 15:00:00',0,null,null,null,null,null,null,'bookly','2019-06-11 10:59:32' );
INSERT INTO wp_bookly_customers ( id,wp_user_id,facebook_id,group_id,full_name,first_name,last_name,phone,email,birthday,country,state,postcode,city,street,street_number,additional_address,notes,info_fields,credit,created )VALUES( 1300,null,null,null,'Hannah Janer','Hannah Janer','','6478959134','hannahreijeriel@gmail.com*',null,'','','','','','','','',null,0,'2019-06-11 10:59:32' );
INSERT INTO wp_bookly_payments ( id,coupon_id,type,total,tax,paid,paid_type,gateway_price_correction,status,details,created )VALUES( 1300,null,'stripe',101.7,11.7,101.7,'in_full',0.00,'completed','{"items":[{"ca_id":1300,"appointment_date":"2019-10-04 14:00:00","service_name":"Ballroom","service_price":90,"service_tax":"11.70","wait_listed":false,"deposit_format":null,"number_of_persons":1,"units":"1","duration":"3600","staff_name":"Ballroom","extras":[]}],"coupon":null,"subtotal":{"price":90,"deposit":0},"customer":"Hannah Janer","tax_in_price":"excluded","tax_paid":"11.70","extras_multiply_nop":1}','2019-06-11 10:59:32' );
INSERT INTO wp_bookly_customer_appointments ( id,series_id,package_id,customer_id,appointment_id,payment_id,number_of_persons,units,notes,extras,extras_multiply_nop,extras_consider_duration,custom_fields,status,status_changed_at,token,time_zone,time_zone_offset,rating,rating_comment,locale,collaborative_service_id,collaborative_token,compound_service_id,compound_token,created_from,created )VALUES( 1300,null,null,1300,1300,1300,1,1,'Booking this room alongside the Conservatory and Lounge for wedding party photos','[]',1,1,'[{"id":43107,"value":"Mango Studios"},{"id":51989,"value":"Wedding"},{"id":27913,"value":""},{"id":72188,"value":["I agree to <a href="https:\/\/www.mintroom.ca\/Terms_and_Conditions.pdf?v=11122018" target="_blank">Terms and Conditions<\/a>"]},{"id":85555,"value":["I agree there will be no more than 10 guests in the room per booking"]},{"id":27913,"value":" "},{"id":87958,"value":[]},{"id":45932,"value":[]}]','approved',null,null,null,null,null,null,null,null,null,null,null,'frontend','2019-06-11 10:59:32' );
INSERT INTO wp_bookly_appointments ( id,location_id,staff_id,staff_any,service_id,custom_service_name,custom_service_price,start_date,end_date,extras_duration,internal_note,google_event_id,google_event_etag,outlook_event_id,outlook_event_change_key,outlook_event_series_id,created_from,created )VALUES( 1301,null,10,0,5,null,null,'2019-10-04 14:00:00','2019-10-04 15:00:00',0,null,null,null,null,null,null,'bookly','2019-06-11 10:59:32' );
INSERT INTO wp_bookly_payments ( id,coupon_id,type,total,tax,paid,paid_type,gateway_price_correction,status,details,created )VALUES( 1301,null,'stripe',101.7,11.7,101.7,'in_full',0.00,'completed','{"items":[{"ca_id":1301,"appointment_date":"2019-10-04 14:00:00","service_name":"Conservatory","service_price":90,"service_tax":"11.70","wait_listed":false,"deposit_format":null,"number_of_persons":1,"units":"1","duration":"3600","staff_name":"Conservatory","extras":[]}],"coupon":null,"subtotal":{"price":90,"deposit":0},"customer":"Hanna Janer","tax_in_price":"excluded","tax_paid":"11.70","extras_multiply_nop":1}','2019-06-11 10:59:32' );
INSERT INTO wp_bookly_customer_appointments ( id,series_id,package_id,customer_id,appointment_id,payment_id,number_of_persons,units,notes,extras,extras_multiply_nop,extras_consider_duration,custom_fields,status,status_changed_at,token,time_zone,time_zone_offset,rating,rating_comment,locale,collaborative_service_id,collaborative_token,compound_service_id,compound_token,created_from,created )VALUES( 1301,null,null,1300,1301,1301,1,1,'Booking this room alongside the Ballroom and Lounge for wedding party photos','[]',1,1,'[{"id":43107,"value":"Mango Studios"},{"id":51989,"value":"Wedding"},{"id":27913,"value":""},{"id":72188,"value":["I agree to <a href="https:\/\/www.mintroom.ca\/Terms_and_Conditions.pdf?v=11122018" target="_blank">Terms and Conditions<\/a>"]},{"id":85555,"value":["I agree there will be no more than 10 guests in the room per booking"]},{"id":27913,"value":" "},{"id":87958,"value":[]},{"id":45932,"value":[]}]','approved',null,null,null,null,null,null,null,null,null,null,null,'frontend','2019-06-11 10:59:32' );
INSERT INTO wp_bookly_appointments ( id,location_id,staff_id,staff_any,service_id,custom_service_name,custom_service_price,start_date,end_date,extras_duration,internal_note,google_event_id,google_event_etag,outlook_event_id,outlook_event_change_key,outlook_event_series_id,created_from,created )VALUES( 1302,null,12,0,7,null,null,'2019-10-04 14:00:00','2019-10-04 15:00:00',0,null,null,null,null,null,null,'bookly','2019-06-11 10:59:32' );
INSERT INTO wp_bookly_payments ( id,coupon_id,type,total,tax,paid,paid_type,gateway_price_correction,status,details,created )VALUES( 1302,null,'stripe',62.15,7.15,62.15,'in_full',0.00,'completed','{"items":[{"ca_id":1302,"appointment_date":"2019-10-04 14:00:00","service_name":"Lounge","service_price":55,"service_tax":"7.15","wait_listed":false,"deposit_format":null,"number_of_persons":1,"units":"1","duration":"3600","staff_name":"Lounge","extras":[]}],"coupon":null,"subtotal":{"price":55,"deposit":0},"customer":"Hannah Janer","tax_in_price":"excluded","tax_paid":"7.15","extras_multiply_nop":1}','2019-06-11 10:59:32' );
INSERT INTO wp_bookly_customer_appointments ( id,series_id,package_id,customer_id,appointment_id,payment_id,number_of_persons,units,notes,extras,extras_multiply_nop,extras_consider_duration,custom_fields,status,status_changed_at,token,time_zone,time_zone_offset,rating,rating_comment,locale,collaborative_service_id,collaborative_token,compound_service_id,compound_token,created_from,created )VALUES( 1302,null,null,1300,1302,1302,1,1,'Booking this room alongside the Conservatory and Ballroom for wedding party photos','[]',1,1,'[{"id":43107,"value":"Mango Studios"},{"id":51989,"value":"Wedding"},{"id":27913,"value":""},{"id":72188,"value":["I agree to <a href="https:\/\/www.mintroom.ca\/Terms_and_Conditions.pdf?v=11122018" target="_blank">Terms and Conditions<\/a>"]},{"id":85555,"value":["I agree there will be no more than 10 guests in the room per booking"]},{"id":27913,"value":" "},{"id":87958,"value":[]},{"id":45932,"value":[]}]','approved',null,null,null,null,null,null,null,null,null,null,null,'frontend','2019-06-11 10:59:32' );
INSERT INTO wp_bookly_appointments ( id,location_id,staff_id,staff_any,service_id,custom_service_name,custom_service_price,start_date,end_date,extras_duration,internal_note,google_event_id,google_event_etag,outlook_event_id,outlook_event_change_key,outlook_event_series_id,created_from,created )VALUES( 1303,null,11,0,6,null,null,'2019-10-04 15:00:00','2019-10-04 16:00:00',0,null,null,null,null,null,null,'bookly','2019-06-11 10:59:32' );
INSERT INTO wp_bookly_payments ( id,coupon_id,type,total,tax,paid,paid_type,gateway_price_correction,status,details,created )VALUES( 1303,null,'stripe',101.7,11.7,101.7,'in_full',0.00,'completed','{"items":[{"ca_id":1303,"appointment_date":"2019-10-04 15:00:00","service_name":"Library","service_price":90,"service_tax":"11.70","wait_listed":false,"deposit_format":null,"number_of_persons":1,"units":"1","duration":"3600","staff_name":"Library","extras":[]}],"coupon":null,"subtotal":{"price":90,"deposit":0},"customer":"Hannah Janer","tax_in_price":"excluded","tax_paid":"11.70","extras_multiply_nop":1}','2019-06-11 10:59:32' );
INSERT INTO wp_bookly_customer_appointments ( id,series_id,package_id,customer_id,appointment_id,payment_id,number_of_persons,units,notes,extras,extras_multiply_nop,extras_consider_duration,custom_fields,status,status_changed_at,token,time_zone,time_zone_offset,rating,rating_comment,locale,collaborative_service_id,collaborative_token,compound_service_id,compound_token,created_from,created )VALUES( 1303,null,null,1300,1303,1303,1,1,'','[]',1,1,'[{"id":43107,"value":"Mango Studios"},{"id":51989,"value":"Wedding"},{"id":27913,"value":""},{"id":72188,"value":["I agree to <a href="https:\/\/www.mintroom.ca\/Terms_and_Conditions.pdf?v=11122018" target="_blank">Terms and Conditions<\/a>"]},{"id":85555,"value":["I agree there will be no more than 10 guests in the room per booking"]},{"id":27913,"value":" "},{"id":87958,"value":[]},{"id":45932,"value":[]}]','approved',null,null,null,null,null,null,null,null,null,null,null,'frontend','2019-06-11 10:59:32' );
INSERT INTO wp_bookly_appointments ( id,location_id,staff_id,staff_any,service_id,custom_service_name,custom_service_price,start_date,end_date,extras_duration,internal_note,google_event_id,google_event_etag,outlook_event_id,outlook_event_change_key,outlook_event_series_id,created_from,created )VALUES( 1304,null,10,0,5,null,null,'2019-06-20 15:00:00','2019-06-20 16:00:00',0,null,null,null,null,null,null,'bookly','2019-06-11 10:59:32' );
INSERT INTO wp_bookly_customers ( id,wp_user_id,facebook_id,group_id,full_name,first_name,last_name,phone,email,birthday,country,state,postcode,city,street,street_number,additional_address,notes,info_fields,credit,created )VALUES( 1304,null,null,null,'May Freij','May Freij','','4167892687','artdept@parkdalenovelty.com*',null,'','','','','','','','',null,0,'2019-06-11 10:59:32' );
INSERT INTO wp_bookly_payments ( id,coupon_id,type,total,tax,paid,paid_type,gateway_price_correction,status,details,created )VALUES( 1304,null,'stripe',101.7,11.7,101.7,'in_full',0.00,'completed','{"items":[{"ca_id":1304,"appointment_date":"2019-06-20 15:00:00","service_name":"Conservatory","service_price":90,"service_tax":"11.70","wait_listed":false,"deposit_format":null,"number_of_persons":1,"units":"1","duration":"3600","staff_name":"Conservatory","extras":[]}],"coupon":null,"subtotal":{"price":90,"deposit":0},"customer":"May Freij","tax_in_price":"excluded","tax_paid":"11.70","extras_multiply_nop":1}','2019-06-11 10:59:32' );
INSERT INTO wp_bookly_customer_appointments ( id,series_id,package_id,customer_id,appointment_id,payment_id,number_of_persons,units,notes,extras,extras_multiply_nop,extras_consider_duration,custom_fields,status,status_changed_at,token,time_zone,time_zone_offset,rating,rating_comment,locale,collaborative_service_id,collaborative_token,compound_service_id,compound_token,created_from,created )VALUES( 1304,null,null,1304,1304,1304,1,1,'','[]',1,1,'[{"id":43107,"value":"Lisa Vigliotta"},{"id":51989,"value":"Fashion"},{"id":27913,"value":""},{"id":72188,"value":["I agree to <a href="https:\/\/www.mintroom.ca\/Terms_and_Conditions.pdf?v=11122018" target="_blank">Terms and Conditions<\/a>"]},{"id":85555,"value":["I agree there will be no more than 10 guests in the room per booking"]},{"id":27913,"value":" "},{"id":87958,"value":[]},{"id":45932,"value":[]}]','approved',null,null,null,null,null,null,null,null,null,null,null,'frontend','2019-06-11 10:59:32' );
INSERT INTO wp_bookly_appointments ( id,location_id,staff_id,staff_any,service_id,custom_service_name,custom_service_price,start_date,end_date,extras_duration,internal_note,google_event_id,google_event_etag,outlook_event_id,outlook_event_change_key,outlook_event_series_id,created_from,created )VALUES( 1305,null,10,0,5,null,null,'2019-06-12 12:00:00','2019-06-12 13:00:00',0,null,null,null,null,null,null,'bookly','2019-06-11 10:59:32' );
INSERT INTO wp_bookly_customers ( id,wp_user_id,facebook_id,group_id,full_name,first_name,last_name,phone,email,birthday,country,state,postcode,city,street,street_number,additional_address,notes,info_fields,credit,created )VALUES( 1305,null,null,null,'Celine Kirkoc','Celine Kirkoc','','416.843.0739','Info@celinekir.com*',null,'','','','','','','','',null,0,'2019-06-11 10:59:32' );
INSERT INTO wp_bookly_payments ( id,coupon_id,type,total,tax,paid,paid_type,gateway_price_correction,status,details,created )VALUES( 1305,null,'stripe',101.7,11.7,101.7,'in_full',0.00,'completed','{"items":[{"ca_id":1305,"appointment_date":"2019-06-12 12:00:00","service_name":"Conservatory","service_price":90,"service_tax":"11.70","wait_listed":false,"deposit_format":null,"number_of_persons":1,"units":"1","duration":"3600","staff_name":"Conservatory","extras":[]}],"coupon":null,"subtotal":{"price":90,"deposit":0},"customer":"Celine Kirkoc","tax_in_price":"excluded","tax_paid":"11.70","extras_multiply_nop":1}','2019-06-11 10:59:32' );
INSERT INTO wp_bookly_customer_appointments ( id,series_id,package_id,customer_id,appointment_id,payment_id,number_of_persons,units,notes,extras,extras_multiply_nop,extras_consider_duration,custom_fields,status,status_changed_at,token,time_zone,time_zone_offset,rating,rating_comment,locale,collaborative_service_id,collaborative_token,compound_service_id,compound_token,created_from,created )VALUES( 1305,null,null,1305,1305,1305,1,1,'','[]',1,1,'[{"id":43107,"value":"Celine"},{"id":51989,"value":"Portrait"},{"id":27913,"value":""},{"id":72188,"value":["I agree to <a href="https:\/\/www.mintroom.ca\/Terms_and_Conditions.pdf?v=11122018" target="_blank">Terms and Conditions<\/a>"]},{"id":85555,"value":["I agree there will be no more than 10 guests in the room per booking"]},{"id":27913,"value":" "},{"id":87958,"value":[]},{"id":45932,"value":[]}]','approved',null,null,null,null,null,null,null,null,null,null,null,'frontend','2019-06-11 10:59:32' );
INSERT INTO wp_bookly_appointments ( id,location_id,staff_id,staff_any,service_id,custom_service_name,custom_service_price,start_date,end_date,extras_duration,internal_note,google_event_id,google_event_etag,outlook_event_id,outlook_event_change_key,outlook_event_series_id,created_from,created )VALUES( 1306,null,10,0,5,null,null,'2019-06-23 12:00:00','2019-06-23 13:00:00',0,null,null,null,null,null,null,'bookly','2019-06-11 10:59:32' );
INSERT INTO wp_bookly_payments ( id,coupon_id,type,total,tax,paid,paid_type,gateway_price_correction,status,details,created )VALUES( 1306,null,'stripe',0,0,0,'in_full',0.00,'completed','{"items":[{"ca_id":1306,"appointment_date":"2019-06-23 12:00:00","service_name":"Conservatory","service_price":90,"service_tax":"11.70","wait_listed":false,"deposit_format":null,"number_of_persons":1,"units":"1","duration":"3600","staff_name":"Conservatory","extras":[]}],"coupon":null,"subtotal":{"price":180,"deposit":0},"customer":"Alyssia Stevens","tax_in_price":"excluded","tax_paid":"0.00","extras_multiply_nop":1}','2019-06-11 10:59:32' );
INSERT INTO wp_bookly_customer_appointments ( id,series_id,package_id,customer_id,appointment_id,payment_id,number_of_persons,units,notes,extras,extras_multiply_nop,extras_consider_duration,custom_fields,status,status_changed_at,token,time_zone,time_zone_offset,rating,rating_comment,locale,collaborative_service_id,collaborative_token,compound_service_id,compound_token,created_from,created )VALUES( 1306,null,null,1277,1306,1306,1,1,'','[]',1,1,'[{"id":43107,"value":"Svetlana"},{"id":51989,"value":"Wedding"},{"id":27913,"value":""},{"id":72188,"value":["I agree to <a href="https:\/\/www.mintroom.ca\/Terms_and_Conditions.pdf?v=11122018" target="_blank">Terms and Conditions<\/a>"]},{"id":85555,"value":["I agree there will be no more than 10 guests in the room per booking"]},{"id":27913,"value":" "},{"id":87958,"value":[]},{"id":45932,"value":[]}]','approved',null,null,null,null,null,null,null,null,null,null,null,'frontend','2019-06-11 10:59:32' );
INSERT INTO wp_bookly_appointments ( id,location_id,staff_id,staff_any,service_id,custom_service_name,custom_service_price,start_date,end_date,extras_duration,internal_note,google_event_id,google_event_etag,outlook_event_id,outlook_event_change_key,outlook_event_series_id,created_from,created )VALUES( 1307,null,10,0,5,null,null,'2019-06-22 10:00:00','2019-06-22 11:00:00',0,null,null,null,null,null,null,'bookly','2019-06-11 10:59:32' );
INSERT INTO wp_bookly_customers ( id,wp_user_id,facebook_id,group_id,full_name,first_name,last_name,phone,email,birthday,country,state,postcode,city,street,street_number,additional_address,notes,info_fields,credit,created )VALUES( 1307,null,null,null,'Melissa Marques','Melissa Marques','','6472195893','Melissamarquesphotography@gmail.com*',null,'','','','','','','','',null,0,'2019-06-11 10:59:32' );
INSERT INTO wp_bookly_payments ( id,coupon_id,type,total,tax,paid,paid_type,gateway_price_correction,status,details,created )VALUES( 1307,null,'stripe',101.7,11.7,101.7,'in_full',0.00,'completed','{"items":[{"ca_id":1307,"appointment_date":"2019-06-22 10:00:00","service_name":"Conservatory","service_price":90,"service_tax":"11.70","wait_listed":false,"deposit_format":null,"number_of_persons":1,"units":"1","duration":"3600","staff_name":"Conservatory","extras":[]}],"coupon":null,"subtotal":{"price":90,"deposit":0},"customer":"Melissa Marques","tax_in_price":"excluded","tax_paid":"11.70","extras_multiply_nop":1}','2019-06-11 10:59:32' );
INSERT INTO wp_bookly_customer_appointments ( id,series_id,package_id,customer_id,appointment_id,payment_id,number_of_persons,units,notes,extras,extras_multiply_nop,extras_consider_duration,custom_fields,status,status_changed_at,token,time_zone,time_zone_offset,rating,rating_comment,locale,collaborative_service_id,collaborative_token,compound_service_id,compound_token,created_from,created )VALUES( 1307,null,null,1307,1307,1307,1,1,'','[]',1,1,'[{"id":43107,"value":"Melissa Marques"},{"id":51989,"value":"Family"},{"id":27913,"value":""},{"id":72188,"value":["I agree to <a href="https:\/\/www.mintroom.ca\/Terms_and_Conditions.pdf?v=11122018" target="_blank">Terms and Conditions<\/a>"]},{"id":85555,"value":["I agree there will be no more than 10 guests in the room per booking"]},{"id":27913,"value":" "},{"id":87958,"value":[]},{"id":45932,"value":[]}]','approved',null,null,null,null,null,null,null,null,null,null,null,'frontend','2019-06-11 10:59:32' );
INSERT INTO wp_bookly_appointments ( id,location_id,staff_id,staff_any,service_id,custom_service_name,custom_service_price,start_date,end_date,extras_duration,internal_note,google_event_id,google_event_etag,outlook_event_id,outlook_event_change_key,outlook_event_series_id,created_from,created )VALUES( 1308,null,10,0,5,null,null,'2019-08-24 15:00:00','2019-08-24 16:00:00',0,null,null,null,null,null,null,'bookly','2019-06-11 10:59:32' );
INSERT INTO wp_bookly_payments ( id,coupon_id,type,total,tax,paid,paid_type,gateway_price_correction,status,details,created )VALUES( 1308,null,'stripe',101.7,11.7,101.7,'in_full',0.00,'completed','{"items":[{"ca_id":1308,"appointment_date":"2019-08-24 15:00:00","service_name":"Conservatory","service_price":90,"service_tax":"11.70","wait_listed":false,"deposit_format":null,"number_of_persons":1,"units":"1","duration":"3600","staff_name":"Conservatory","extras":[]}],"coupon":null,"subtotal":{"price":90,"deposit":0},"customer":"Catarina Vaz","tax_in_price":"excluded","tax_paid":"11.70","extras_multiply_nop":1}','2019-06-11 10:59:32' );
INSERT INTO wp_bookly_customer_appointments ( id,series_id,package_id,customer_id,appointment_id,payment_id,number_of_persons,units,notes,extras,extras_multiply_nop,extras_consider_duration,custom_fields,status,status_changed_at,token,time_zone,time_zone_offset,rating,rating_comment,locale,collaborative_service_id,collaborative_token,compound_service_id,compound_token,created_from,created )VALUES( 1308,null,null,1156,1308,1308,1,1,'','[]',1,1,'[{"id":43107,"value":"Allie Jennings"},{"id":51989,"value":"Wedding"},{"id":27913,"value":""},{"id":72188,"value":["I agree to <a href="https:\/\/www.mintroom.ca\/Terms_and_Conditions.pdf?v=11122018" target="_blank">Terms and Conditions<\/a>"]},{"id":85555,"value":["I agree there will be no more than 10 guests in the room per booking"]},{"id":27913,"value":" "},{"id":87958,"value":[]},{"id":45932,"value":[]}]','approved',null,null,null,null,null,null,null,null,null,null,null,'frontend','2019-06-11 10:59:32' );
INSERT INTO wp_bookly_appointments ( id,location_id,staff_id,staff_any,service_id,custom_service_name,custom_service_price,start_date,end_date,extras_duration,internal_note,google_event_id,google_event_etag,outlook_event_id,outlook_event_change_key,outlook_event_series_id,created_from,created )VALUES( 1309,null,9,0,4,null,null,'2019-07-07 11:00:00','2019-07-07 12:00:00',0,null,null,null,null,null,null,'bookly','2019-06-11 10:59:32' );
INSERT INTO wp_bookly_customers ( id,wp_user_id,facebook_id,group_id,full_name,first_name,last_name,phone,email,birthday,country,state,postcode,city,street,street_number,additional_address,notes,info_fields,credit,created )VALUES( 1309,null,null,null,'Melissa Pronio','Melissa Pronio','','416 - 951 - 2884','hello@on3photoandfilm.com*',null,'','','','','','','','',null,0,'2019-06-11 10:59:32' );
INSERT INTO wp_bookly_payments ( id,coupon_id,type,total,tax,paid,paid_type,gateway_price_correction,status,details,created )VALUES( 1309,50,'coupon',0,0,0,'in_full',0.00,'completed','{"items":[{"ca_id":1309,"appointment_date":"2019-07-07 11:00:00","service_name":"Ballroom","service_price":90,"service_tax":"11.70","wait_listed":false,"deposit_format":null,"number_of_persons":1,"units":"1","duration":"3600","staff_name":"Ballroom","extras":[]}],"coupon":{"code":"Pt_huge","discount":100,"deduction":"0.00"},"subtotal":{"price":90,"deposit":0},"customer":"Melissa Pronio","tax_in_price":"excluded","tax_paid":"0.00","extras_multiply_nop":1}','2019-06-11 10:59:32' );
INSERT INTO wp_bookly_customer_appointments ( id,series_id,package_id,customer_id,appointment_id,payment_id,number_of_persons,units,notes,extras,extras_multiply_nop,extras_consider_duration,custom_fields,status,status_changed_at,token,time_zone,time_zone_offset,rating,rating_comment,locale,collaborative_service_id,collaborative_token,compound_service_id,compound_token,created_from,created )VALUES( 1309,null,null,1309,1309,1309,1,1,'','[]',1,1,'[{"id":43107,"value":"Melissa Pronio"},{"id":51989,"value":"Portrait"},{"id":27913,"value":""},{"id":72188,"value":["I agree to <a href="https:\/\/www.mintroom.ca\/Terms_and_Conditions.pdf?v=11122018" target="_blank">Terms and Conditions<\/a>"]},{"id":85555,"value":["I agree there will be no more than 10 guests in the room per booking"]},{"id":27913,"value":" "},{"id":87958,"value":[]},{"id":45932,"value":[]}]','approved',null,null,null,null,null,null,null,null,null,null,null,'frontend','2019-06-11 10:59:32' );
INSERT INTO wp_bookly_appointments ( id,location_id,staff_id,staff_any,service_id,custom_service_name,custom_service_price,start_date,end_date,extras_duration,internal_note,google_event_id,google_event_etag,outlook_event_id,outlook_event_change_key,outlook_event_series_id,created_from,created )VALUES( 1310,null,11,0,6,null,null,'2019-06-27 10:00:00','2019-06-27 11:00:00',0,null,null,null,null,null,null,'bookly','2019-06-11 10:59:32' );
INSERT INTO wp_bookly_customers ( id,wp_user_id,facebook_id,group_id,full_name,first_name,last_name,phone,email,birthday,country,state,postcode,city,street,street_number,additional_address,notes,info_fields,credit,created )VALUES( 1310,null,null,null,'Wesley Will','Wesley Will','','5192224457','wes.will.syw@gmail.com*',null,'','','','','','','','',null,0,'2019-06-11 10:59:32' );
INSERT INTO wp_bookly_payments ( id,coupon_id,type,total,tax,paid,paid_type,gateway_price_correction,status,details,created )VALUES( 1310,null,'stripe',406.8,46.8,406.8,'in_full',0.00,'completed','{"items":[{"ca_id":1310,"appointment_date":"2019-06-27 10:00:00","service_name":"Library","service_price":90,"service_tax":"11.70","wait_listed":false,"deposit_format":null,"number_of_persons":1,"units":"1","duration":"3600","staff_name":"Library","extras":[]}],"coupon":null,"subtotal":{"price":450,"deposit":0},"customer":"Wesley Will","tax_in_price":"excluded","tax_paid":"46.80","extras_multiply_nop":1}','2019-06-11 10:59:32' );
INSERT INTO wp_bookly_customer_appointments ( id,series_id,package_id,customer_id,appointment_id,payment_id,number_of_persons,units,notes,extras,extras_multiply_nop,extras_consider_duration,custom_fields,status,status_changed_at,token,time_zone,time_zone_offset,rating,rating_comment,locale,collaborative_service_id,collaborative_token,compound_service_id,compound_token,created_from,created )VALUES( 1310,null,null,1310,1310,1310,1,1,'Using the Library as one of our locations for a music video. Minimal set up. Small crew of 3-4 people...2 cameras. ','[]',1,1,'[{"id":43107,"value":"Taylor Armstrong"},{"id":51989,"value":"Video"},{"id":27913,"value":""},{"id":72188,"value":["I agree to <a href="https:\/\/www.mintroom.ca\/Terms_and_Conditions.pdf?v=11122018" target="_blank">Terms and Conditions<\/a>"]},{"id":85555,"value":["I agree there will be no more than 10 guests in the room per booking"]},{"id":27913,"value":" "},{"id":87958,"value":[]},{"id":45932,"value":[]}]','approved',null,null,null,null,null,null,null,null,null,null,null,'frontend','2019-06-11 10:59:32' );
INSERT INTO wp_bookly_appointments ( id,location_id,staff_id,staff_any,service_id,custom_service_name,custom_service_price,start_date,end_date,extras_duration,internal_note,google_event_id,google_event_etag,outlook_event_id,outlook_event_change_key,outlook_event_series_id,created_from,created )VALUES( 1311,null,11,0,6,null,null,'2019-06-27 11:00:00','2019-06-27 12:00:00',0,null,null,null,null,null,null,'bookly','2019-06-11 10:59:32' );
INSERT INTO wp_bookly_payments ( id,coupon_id,type,total,tax,paid,paid_type,gateway_price_correction,status,details,created )VALUES( 1311,null,'stripe',406.8,46.8,406.8,'in_full',0.00,'completed','{"items":[{"ca_id":1311,"appointment_date":"2019-06-27 11:00:00","service_name":"Library","service_price":90,"service_tax":"11.70","wait_listed":false,"deposit_format":null,"number_of_persons":1,"units":"1","duration":"3600","staff_name":"Library","extras":[]}],"coupon":null,"subtotal":{"price":450,"deposit":0},"customer":"Wesley Will","tax_in_price":"excluded","tax_paid":"46.80","extras_multiply_nop":1}','2019-06-11 10:59:32' );
INSERT INTO wp_bookly_customer_appointments ( id,series_id,package_id,customer_id,appointment_id,payment_id,number_of_persons,units,notes,extras,extras_multiply_nop,extras_consider_duration,custom_fields,status,status_changed_at,token,time_zone,time_zone_offset,rating,rating_comment,locale,collaborative_service_id,collaborative_token,compound_service_id,compound_token,created_from,created )VALUES( 1311,null,null,1310,1311,1311,1,1,'Using the Library as one of our locations for a music video. Minimal set up. Small crew of 3-4 people...2 cameras. ','[]',1,1,'[{"id":43107,"value":"Taylor Armstrong"},{"id":51989,"value":"Video"},{"id":27913,"value":""},{"id":72188,"value":["I agree to <a href="https:\/\/www.mintroom.ca\/Terms_and_Conditions.pdf?v=11122018" target="_blank">Terms and Conditions<\/a>"]},{"id":85555,"value":["I agree there will be no more than 10 guests in the room per booking"]},{"id":27913,"value":" "},{"id":87958,"value":[]},{"id":45932,"value":[]}]','approved',null,null,null,null,null,null,null,null,null,null,null,'frontend','2019-06-11 10:59:32' );
INSERT INTO wp_bookly_appointments ( id,location_id,staff_id,staff_any,service_id,custom_service_name,custom_service_price,start_date,end_date,extras_duration,internal_note,google_event_id,google_event_etag,outlook_event_id,outlook_event_change_key,outlook_event_series_id,created_from,created )VALUES( 1312,null,11,0,6,null,null,'2019-06-27 12:00:00','2019-06-27 13:00:00',0,null,null,null,null,null,null,'bookly','2019-06-11 10:59:32' );
INSERT INTO wp_bookly_payments ( id,coupon_id,type,total,tax,paid,paid_type,gateway_price_correction,status,details,created )VALUES( 1312,null,'stripe',406.8,46.8,406.8,'in_full',0.00,'completed','{"items":[{"ca_id":1312,"appointment_date":"2019-06-27 12:00:00","service_name":"Library","service_price":90,"service_tax":"11.70","wait_listed":false,"deposit_format":null,"number_of_persons":1,"units":"1","duration":"3600","staff_name":"Library","extras":[]}],"coupon":null,"subtotal":{"price":450,"deposit":0},"customer":"Wesley Will","tax_in_price":"excluded","tax_paid":"46.80","extras_multiply_nop":1}','2019-06-11 10:59:32' );
INSERT INTO wp_bookly_customer_appointments ( id,series_id,package_id,customer_id,appointment_id,payment_id,number_of_persons,units,notes,extras,extras_multiply_nop,extras_consider_duration,custom_fields,status,status_changed_at,token,time_zone,time_zone_offset,rating,rating_comment,locale,collaborative_service_id,collaborative_token,compound_service_id,compound_token,created_from,created )VALUES( 1312,null,null,1310,1312,1312,1,1,'Using the Library as one of our locations for a music video. Minimal set up. Small crew of 3-4 people...2 cameras. ','[]',1,1,'[{"id":43107,"value":"Taylor Armstrong"},{"id":51989,"value":"Video"},{"id":27913,"value":""},{"id":72188,"value":["I agree to <a href="https:\/\/www.mintroom.ca\/Terms_and_Conditions.pdf?v=11122018" target="_blank">Terms and Conditions<\/a>"]},{"id":85555,"value":["I agree there will be no more than 10 guests in the room per booking"]},{"id":27913,"value":" "},{"id":87958,"value":[]},{"id":45932,"value":[]}]','approved',null,null,null,null,null,null,null,null,null,null,null,'frontend','2019-06-11 10:59:32' );
INSERT INTO wp_bookly_appointments ( id,location_id,staff_id,staff_any,service_id,custom_service_name,custom_service_price,start_date,end_date,extras_duration,internal_note,google_event_id,google_event_etag,outlook_event_id,outlook_event_change_key,outlook_event_series_id,created_from,created )VALUES( 1313,null,11,0,6,null,null,'2019-06-27 13:00:00','2019-06-27 14:00:00',0,null,null,null,null,null,null,'bookly','2019-06-11 10:59:32' );
INSERT INTO wp_bookly_payments ( id,coupon_id,type,total,tax,paid,paid_type,gateway_price_correction,status,details,created )VALUES( 1313,null,'stripe',406.8,46.8,406.8,'in_full',0.00,'completed','{"items":[{"ca_id":1313,"appointment_date":"2019-06-27 13:00:00","service_name":"Library","service_price":90,"service_tax":"11.70","wait_listed":false,"deposit_format":null,"number_of_persons":1,"units":"1","duration":"3600","staff_name":"Library","extras":[]}],"coupon":null,"subtotal":{"price":450,"deposit":0},"customer":"Wesley Will","tax_in_price":"excluded","tax_paid":"46.80","extras_multiply_nop":1}','2019-06-11 10:59:32' );
INSERT INTO wp_bookly_customer_appointments ( id,series_id,package_id,customer_id,appointment_id,payment_id,number_of_persons,units,notes,extras,extras_multiply_nop,extras_consider_duration,custom_fields,status,status_changed_at,token,time_zone,time_zone_offset,rating,rating_comment,locale,collaborative_service_id,collaborative_token,compound_service_id,compound_token,created_from,created )VALUES( 1313,null,null,1310,1313,1313,1,1,'Using the Library as one of our locations for a music video. Minimal set up. Small crew of 3-4 people...2 cameras. ','[]',1,1,'[{"id":43107,"value":"Taylor Armstrong"},{"id":51989,"value":"Video"},{"id":27913,"value":""},{"id":72188,"value":["I agree to <a href="https:\/\/www.mintroom.ca\/Terms_and_Conditions.pdf?v=11122018" target="_blank">Terms and Conditions<\/a>"]},{"id":85555,"value":["I agree there will be no more than 10 guests in the room per booking"]},{"id":27913,"value":" "},{"id":87958,"value":[]},{"id":45932,"value":[]}]','approved',null,null,null,null,null,null,null,null,null,null,null,'frontend','2019-06-11 10:59:32' );
INSERT INTO wp_bookly_appointments ( id,location_id,staff_id,staff_any,service_id,custom_service_name,custom_service_price,start_date,end_date,extras_duration,internal_note,google_event_id,google_event_etag,outlook_event_id,outlook_event_change_key,outlook_event_series_id,created_from,created )VALUES( 1314,null,11,0,6,null,null,'2019-06-27 14:00:00','2019-06-27 15:00:00',0,null,null,null,null,null,null,'bookly','2019-06-11 10:59:32' );
INSERT INTO wp_bookly_payments ( id,coupon_id,type,total,tax,paid,paid_type,gateway_price_correction,status,details,created )VALUES( 1314,null,'stripe',406.8,46.8,406.8,'in_full',0.00,'completed','{"items":[{"ca_id":1314,"appointment_date":"2019-06-27 14:00:00","service_name":"Library","service_price":90,"service_tax":"11.70","wait_listed":false,"deposit_format":null,"number_of_persons":1,"units":"1","duration":"3600","staff_name":"Library","extras":[]}],"coupon":null,"subtotal":{"price":450,"deposit":0},"customer":"Wesley Will","tax_in_price":"excluded","tax_paid":"46.80","extras_multiply_nop":1}','2019-06-11 10:59:32' );
INSERT INTO wp_bookly_customer_appointments ( id,series_id,package_id,customer_id,appointment_id,payment_id,number_of_persons,units,notes,extras,extras_multiply_nop,extras_consider_duration,custom_fields,status,status_changed_at,token,time_zone,time_zone_offset,rating,rating_comment,locale,collaborative_service_id,collaborative_token,compound_service_id,compound_token,created_from,created )VALUES( 1314,null,null,1310,1314,1314,1,1,'Using the Library as one of our locations for a music video. Minimal set up. Small crew of 3-4 people...2 cameras. ','[]',1,1,'[{"id":43107,"value":"Taylor Armstrong"},{"id":51989,"value":"Video"},{"id":27913,"value":""},{"id":72188,"value":["I agree to <a href="https:\/\/www.mintroom.ca\/Terms_and_Conditions.pdf?v=11122018" target="_blank">Terms and Conditions<\/a>"]},{"id":85555,"value":["I agree there will be no more than 10 guests in the room per booking"]},{"id":27913,"value":" "},{"id":87958,"value":[]},{"id":45932,"value":[]}]','approved',null,null,null,null,null,null,null,null,null,null,null,'frontend','2019-06-11 10:59:32' );
INSERT INTO wp_bookly_appointments ( id,location_id,staff_id,staff_any,service_id,custom_service_name,custom_service_price,start_date,end_date,extras_duration,internal_note,google_event_id,google_event_etag,outlook_event_id,outlook_event_change_key,outlook_event_series_id,created_from,created )VALUES( 1315,null,10,0,5,null,null,'2019-06-22 10:00:00','2019-06-22 11:00:00',0,null,null,null,null,null,null,'bookly','2019-06-11 10:59:32' );
INSERT INTO wp_bookly_payments ( id,coupon_id,type,total,tax,paid,paid_type,gateway_price_correction,status,details,created )VALUES( 1315,51,'stripe',81.36,9.36,81.36,'in_full',0.00,'completed','{"items":[{"ca_id":1315,"appointment_date":"2019-06-22 10:00:00","service_name":"Conservatory","service_price":90,"service_tax":"11.70","wait_listed":false,"deposit_format":null,"number_of_persons":1,"units":"1","duration":"3600","staff_name":"Conservatory","extras":[]}],"coupon":{"code":"nicolecohen9@gmail.com","discount":20,"deduction":"0.00"},"subtotal":{"price":90,"deposit":0},"customer":"nicole lewis","tax_in_price":"excluded","tax_paid":"9.36","extras_multiply_nop":1}','2019-06-11 10:59:32' );
INSERT INTO wp_bookly_customer_appointments ( id,series_id,package_id,customer_id,appointment_id,payment_id,number_of_persons,units,notes,extras,extras_multiply_nop,extras_consider_duration,custom_fields,status,status_changed_at,token,time_zone,time_zone_offset,rating,rating_comment,locale,collaborative_service_id,collaborative_token,compound_service_id,compound_token,created_from,created )VALUES( 1315,null,null,1280,1315,1315,1,1,'','[]',1,1,'[{"id":43107,"value":"nicole lewis"},{"id":51989,"value":"Family"},{"id":27913,"value":""},{"id":72188,"value":["I agree to <a href="https:\/\/www.mintroom.ca\/Terms_and_Conditions.pdf?v=11122018" target="_blank">Terms and Conditions<\/a>"]},{"id":85555,"value":["I agree there will be no more than 10 guests in the room per booking"]},{"id":27913,"value":" "},{"id":87958,"value":[]},{"id":45932,"value":[]}]','approved',null,null,null,null,null,null,null,null,null,null,null,'frontend','2019-06-11 10:59:32' );
INSERT INTO wp_bookly_appointments ( id,location_id,staff_id,staff_any,service_id,custom_service_name,custom_service_price,start_date,end_date,extras_duration,internal_note,google_event_id,google_event_etag,outlook_event_id,outlook_event_change_key,outlook_event_series_id,created_from,created )VALUES( 1316,null,9,0,4,null,null,'2019-08-03 14:00:00','2019-08-03 15:00:00',0,null,null,null,null,null,null,'bookly','2019-06-11 10:59:32' );
INSERT INTO wp_bookly_customers ( id,wp_user_id,facebook_id,group_id,full_name,first_name,last_name,phone,email,birthday,country,state,postcode,city,street,street_number,additional_address,notes,info_fields,credit,created )VALUES( 1316,null,null,null,'Edna Tetteh','Edna Tetteh','','6478342601','tetteh.edna@gmail.com*',null,'','','','','','','','',null,0,'2019-06-11 10:59:32' );
INSERT INTO wp_bookly_payments ( id,coupon_id,type,total,tax,paid,paid_type,gateway_price_correction,status,details,created )VALUES( 1316,null,'stripe',203.4,23.4,203.4,'in_full',0.00,'completed','{"items":[{"ca_id":1316,"appointment_date":"2019-08-03 14:00:00","service_name":"Ballroom","service_price":90,"service_tax":"11.70","wait_listed":false,"deposit_format":null,"number_of_persons":1,"units":"1","duration":"3600","staff_name":"Ballroom","extras":[]}],"coupon":null,"subtotal":{"price":180,"deposit":0},"customer":"Edna Tetteh","tax_in_price":"excluded","tax_paid":"23.40","extras_multiply_nop":1}','2019-06-11 10:59:32' );
INSERT INTO wp_bookly_customer_appointments ( id,series_id,package_id,customer_id,appointment_id,payment_id,number_of_persons,units,notes,extras,extras_multiply_nop,extras_consider_duration,custom_fields,status,status_changed_at,token,time_zone,time_zone_offset,rating,rating_comment,locale,collaborative_service_id,collaborative_token,compound_service_id,compound_token,created_from,created )VALUES( 1316,null,null,1316,1316,1316,1,1,'','[]',1,1,'[{"id":43107,"value":"Jamai"},{"id":51989,"value":"Pregnancy photoshoot "},{"id":27913,"value":""},{"id":72188,"value":["I agree to <a href="https:\/\/www.mintroom.ca\/Terms_and_Conditions.pdf?v=11122018" target="_blank">Terms and Conditions<\/a>"]},{"id":85555,"value":["I agree there will be no more than 10 guests in the room per booking"]},{"id":27913,"value":" "},{"id":87958,"value":[]},{"id":45932,"value":[]}]','approved',null,null,null,null,null,null,null,null,null,null,null,'frontend','2019-06-11 10:59:32' );
INSERT INTO wp_bookly_appointments ( id,location_id,staff_id,staff_any,service_id,custom_service_name,custom_service_price,start_date,end_date,extras_duration,internal_note,google_event_id,google_event_etag,outlook_event_id,outlook_event_change_key,outlook_event_series_id,created_from,created )VALUES( 1317,null,9,0,4,null,null,'2019-08-03 15:00:00','2019-08-03 16:00:00',0,null,null,null,null,null,null,'bookly','2019-06-11 10:59:32' );
INSERT INTO wp_bookly_payments ( id,coupon_id,type,total,tax,paid,paid_type,gateway_price_correction,status,details,created )VALUES( 1317,null,'stripe',203.4,23.4,203.4,'in_full',0.00,'completed','{"items":[{"ca_id":1317,"appointment_date":"2019-08-03 15:00:00","service_name":"Ballroom","service_price":90,"service_tax":"11.70","wait_listed":false,"deposit_format":null,"number_of_persons":1,"units":"1","duration":"3600","staff_name":"Ballroom","extras":[]}],"coupon":null,"subtotal":{"price":180,"deposit":0},"customer":"Edna Tetteh","tax_in_price":"excluded","tax_paid":"23.40","extras_multiply_nop":1}','2019-06-11 10:59:32' );
INSERT INTO wp_bookly_customer_appointments ( id,series_id,package_id,customer_id,appointment_id,payment_id,number_of_persons,units,notes,extras,extras_multiply_nop,extras_consider_duration,custom_fields,status,status_changed_at,token,time_zone,time_zone_offset,rating,rating_comment,locale,collaborative_service_id,collaborative_token,compound_service_id,compound_token,created_from,created )VALUES( 1317,null,null,1316,1317,1317,1,1,'','[]',1,1,'[{"id":43107,"value":"Jamai"},{"id":51989,"value":"Pregnancy photoshoot "},{"id":27913,"value":""},{"id":72188,"value":["I agree to <a href="https:\/\/www.mintroom.ca\/Terms_and_Conditions.pdf?v=11122018" target="_blank">Terms and Conditions<\/a>"]},{"id":85555,"value":["I agree there will be no more than 10 guests in the room per booking"]},{"id":27913,"value":" "},{"id":87958,"value":[]},{"id":45932,"value":[]}]','approved',null,null,null,null,null,null,null,null,null,null,null,'frontend','2019-06-11 10:59:32' );
INSERT INTO wp_bookly_appointments ( id,location_id,staff_id,staff_any,service_id,custom_service_name,custom_service_price,start_date,end_date,extras_duration,internal_note,google_event_id,google_event_etag,outlook_event_id,outlook_event_change_key,outlook_event_series_id,created_from,created )VALUES( 1318,null,11,0,6,null,null,'2019-08-24 15:00:00','2019-08-24 16:00:00',0,null,null,null,null,null,null,'bookly','2019-06-11 10:59:32' );
INSERT INTO wp_bookly_customers ( id,wp_user_id,facebook_id,group_id,full_name,first_name,last_name,phone,email,birthday,country,state,postcode,city,street,street_number,additional_address,notes,info_fields,credit,created )VALUES( 1318,null,null,null,'Veronica Fuoco','Veronica Fuoco','','4169511420','fuocoveronica@gmail.com*',null,'','','','','','','','',null,0,'2019-06-11 10:59:32' );
INSERT INTO wp_bookly_payments ( id,coupon_id,type,total,tax,paid,paid_type,gateway_price_correction,status,details,created )VALUES( 1318,null,'stripe',101.7,11.7,101.7,'in_full',0.00,'completed','{"items":[{"ca_id":1318,"appointment_date":"2019-08-24 15:00:00","service_name":"Library","service_price":90,"service_tax":"11.70","wait_listed":false,"deposit_format":null,"number_of_persons":1,"units":"1","duration":"3600","staff_name":"Library","extras":[]}],"coupon":null,"subtotal":{"price":90,"deposit":0},"customer":"Veronica Fuoco","tax_in_price":"excluded","tax_paid":"11.70","extras_multiply_nop":1}','2019-06-11 10:59:32' );
INSERT INTO wp_bookly_customer_appointments ( id,series_id,package_id,customer_id,appointment_id,payment_id,number_of_persons,units,notes,extras,extras_multiply_nop,extras_consider_duration,custom_fields,status,status_changed_at,token,time_zone,time_zone_offset,rating,rating_comment,locale,collaborative_service_id,collaborative_token,compound_service_id,compound_token,created_from,created )VALUES( 1318,null,null,1318,1318,1318,1,1,'','[]',1,1,'[{"id":43107,"value":"Bassem Photohraphy"},{"id":51989,"value":"Wedding"},{"id":27913,"value":""},{"id":72188,"value":["I agree to <a href="https:\/\/www.mintroom.ca\/Terms_and_Conditions.pdf?v=11122018" target="_blank">Terms and Conditions<\/a>"]},{"id":85555,"value":["I agree there will be no more than 10 guests in the room per booking"]},{"id":27913,"value":" "},{"id":87958,"value":[]},{"id":45932,"value":[]}]','approved',null,null,null,null,null,null,null,null,null,null,null,'frontend','2019-06-11 10:59:32' );
INSERT INTO wp_bookly_appointments ( id,location_id,staff_id,staff_any,service_id,custom_service_name,custom_service_price,start_date,end_date,extras_duration,internal_note,google_event_id,google_event_etag,outlook_event_id,outlook_event_change_key,outlook_event_series_id,created_from,created )VALUES( 1319,null,12,0,7,null,null,'2019-08-24 15:00:00','2019-08-24 16:00:00',0,null,null,null,null,null,null,'bookly','2019-06-11 10:59:32' );
INSERT INTO wp_bookly_payments ( id,coupon_id,type,total,tax,paid,paid_type,gateway_price_correction,status,details,created )VALUES( 1319,null,'stripe',62.15,7.15,62.15,'in_full',0.00,'completed','{"items":[{"ca_id":1319,"appointment_date":"2019-08-24 15:00:00","service_name":"Lounge","service_price":55,"service_tax":"7.15","wait_listed":false,"deposit_format":null,"number_of_persons":1,"units":"1","duration":"3600","staff_name":"Lounge","extras":[]}],"coupon":null,"subtotal":{"price":55,"deposit":0},"customer":"Veronica Fuoco","tax_in_price":"excluded","tax_paid":"7.15","extras_multiply_nop":1}','2019-06-11 10:59:32' );
INSERT INTO wp_bookly_customer_appointments ( id,series_id,package_id,customer_id,appointment_id,payment_id,number_of_persons,units,notes,extras,extras_multiply_nop,extras_consider_duration,custom_fields,status,status_changed_at,token,time_zone,time_zone_offset,rating,rating_comment,locale,collaborative_service_id,collaborative_token,compound_service_id,compound_token,created_from,created )VALUES( 1319,null,null,1318,1319,1319,1,1,'','[]',1,1,'[{"id":43107,"value":"Bassem Photography"},{"id":51989,"value":"Wedding"},{"id":27913,"value":""},{"id":72188,"value":["I agree to <a href="https:\/\/www.mintroom.ca\/Terms_and_Conditions.pdf?v=11122018" target="_blank">Terms and Conditions<\/a>"]},{"id":85555,"value":["I agree there will be no more than 10 guests in the room per booking"]},{"id":27913,"value":" "},{"id":87958,"value":[]},{"id":45932,"value":[]}]','approved',null,null,null,null,null,null,null,null,null,null,null,'frontend','2019-06-11 10:59:32' );
INSERT INTO wp_bookly_appointments ( id,location_id,staff_id,staff_any,service_id,custom_service_name,custom_service_price,start_date,end_date,extras_duration,internal_note,google_event_id,google_event_etag,outlook_event_id,outlook_event_change_key,outlook_event_series_id,created_from,created )VALUES( 1320,null,9,0,4,null,null,'2019-06-25 13:00:00','2019-06-25 14:00:00',0,null,null,null,null,null,null,'bookly','2019-06-11 10:59:32' );
INSERT INTO wp_bookly_customers ( id,wp_user_id,facebook_id,group_id,full_name,first_name,last_name,phone,email,birthday,country,state,postcode,city,street,street_number,additional_address,notes,info_fields,credit,created )VALUES( 1320,null,null,null,'Michelle Banham','Michelle Banham','','6475670726','pheasantlanephotography@gmail.com*',null,'','','','','','','','',null,0,'2019-06-11 10:59:32' );
INSERT INTO wp_bookly_payments ( id,coupon_id,type,total,tax,paid,paid_type,gateway_price_correction,status,details,created )VALUES( 1320,67,'stripe',162.72,18.72,162.72,'in_full',0.00,'completed','{"items":[{"ca_id":1320,"appointment_date":"2019-06-25 13:00:00","service_name":"Ballroom","service_price":90,"service_tax":"11.70","wait_listed":false,"deposit_format":null,"number_of_persons":1,"units":"1","duration":"3600","staff_name":"Ballroom","extras":[]}],"coupon":{"code":"pheasantlanephotography@gmail.com","discount":20,"deduction":"0.00"},"subtotal":{"price":180,"deposit":0},"customer":"Michelle Banham","tax_in_price":"excluded","tax_paid":"18.72","extras_multiply_nop":1}','2019-06-11 10:59:32' );
INSERT INTO wp_bookly_customer_appointments ( id,series_id,package_id,customer_id,appointment_id,payment_id,number_of_persons,units,notes,extras,extras_multiply_nop,extras_consider_duration,custom_fields,status,status_changed_at,token,time_zone,time_zone_offset,rating,rating_comment,locale,collaborative_service_id,collaborative_token,compound_service_id,compound_token,created_from,created )VALUES( 1320,null,null,1320,1320,1320,1,1,'','[]',1,1,'[{"id":43107,"value":"Pheasant Lane Photography"},{"id":51989,"value":"Fashion"},{"id":27913,"value":""},{"id":72188,"value":["I agree to <a href="https:\/\/www.mintroom.ca\/Terms_and_Conditions.pdf?v=11122018" target="_blank">Terms and Conditions<\/a>"]},{"id":85555,"value":["I agree there will be no more than 10 guests in the room per booking"]},{"id":27913,"value":" "},{"id":87958,"value":[]},{"id":45932,"value":[]}]','approved',null,null,null,null,null,null,null,null,null,null,null,'frontend','2019-06-11 10:59:32' );
INSERT INTO wp_bookly_appointments ( id,location_id,staff_id,staff_any,service_id,custom_service_name,custom_service_price,start_date,end_date,extras_duration,internal_note,google_event_id,google_event_etag,outlook_event_id,outlook_event_change_key,outlook_event_series_id,created_from,created )VALUES( 1321,null,9,0,4,null,null,'2019-06-25 14:00:00','2019-06-25 15:00:00',0,null,null,null,null,null,null,'bookly','2019-06-11 10:59:32' );
INSERT INTO wp_bookly_payments ( id,coupon_id,type,total,tax,paid,paid_type,gateway_price_correction,status,details,created )VALUES( 1321,67,'stripe',162.72,18.72,162.72,'in_full',0.00,'completed','{"items":[{"ca_id":1321,"appointment_date":"2019-06-25 14:00:00","service_name":"Ballroom","service_price":90,"service_tax":"11.70","wait_listed":false,"deposit_format":null,"number_of_persons":1,"units":"1","duration":"3600","staff_name":"Ballroom","extras":[]}],"coupon":{"code":"pheasantlanephotography@gmail.com","discount":20,"deduction":"0.00"},"subtotal":{"price":180,"deposit":0},"customer":"Michelle Banham","tax_in_price":"excluded","tax_paid":"18.72","extras_multiply_nop":1}','2019-06-11 10:59:32' );
INSERT INTO wp_bookly_customer_appointments ( id,series_id,package_id,customer_id,appointment_id,payment_id,number_of_persons,units,notes,extras,extras_multiply_nop,extras_consider_duration,custom_fields,status,status_changed_at,token,time_zone,time_zone_offset,rating,rating_comment,locale,collaborative_service_id,collaborative_token,compound_service_id,compound_token,created_from,created )VALUES( 1321,null,null,1320,1321,1321,1,1,'','[]',1,1,'[{"id":43107,"value":"Pheasant Lane Photography"},{"id":51989,"value":"Fashion"},{"id":27913,"value":""},{"id":72188,"value":["I agree to <a href="https:\/\/www.mintroom.ca\/Terms_and_Conditions.pdf?v=11122018" target="_blank">Terms and Conditions<\/a>"]},{"id":85555,"value":["I agree there will be no more than 10 guests in the room per booking"]},{"id":27913,"value":" "},{"id":87958,"value":[]},{"id":45932,"value":[]}]','approved',null,null,null,null,null,null,null,null,null,null,null,'frontend','2019-06-11 10:59:32' );
INSERT INTO wp_bookly_appointments ( id,location_id,staff_id,staff_any,service_id,custom_service_name,custom_service_price,start_date,end_date,extras_duration,internal_note,google_event_id,google_event_etag,outlook_event_id,outlook_event_change_key,outlook_event_series_id,created_from,created )VALUES( 1322,null,10,0,5,null,null,'2019-06-25 13:00:00','2019-06-25 14:00:00',0,null,null,null,null,null,null,'bookly','2019-06-11 10:59:32' );
INSERT INTO wp_bookly_customers ( id,wp_user_id,facebook_id,group_id,full_name,first_name,last_name,phone,email,birthday,country,state,postcode,city,street,street_number,additional_address,notes,info_fields,credit,created )VALUES( 1322,null,null,null,'Michelle Banham','Michelle Banham','','6475670726','Pheasantlanephotography@gmail.com*',null,'','','','','','','','',null,0,'2019-06-11 10:59:32' );
INSERT INTO wp_bookly_payments ( id,coupon_id,type,total,tax,paid,paid_type,gateway_price_correction,status,details,created )VALUES( 1322,67,'stripe',162.72,18.72,162.72,'in_full',0.00,'completed','{"items":[{"ca_id":1322,"appointment_date":"2019-06-25 13:00:00","service_name":"Conservatory","service_price":90,"service_tax":"11.70","wait_listed":false,"deposit_format":null,"number_of_persons":1,"units":"1","duration":"3600","staff_name":"Conservatory","extras":[]}],"coupon":{"code":"pheasantlanephotography@gmail.com","discount":20,"deduction":"0.00"},"subtotal":{"price":180,"deposit":0},"customer":"Michelle Banham","tax_in_price":"excluded","tax_paid":"18.72","extras_multiply_nop":1}','2019-06-11 10:59:32' );
INSERT INTO wp_bookly_customer_appointments ( id,series_id,package_id,customer_id,appointment_id,payment_id,number_of_persons,units,notes,extras,extras_multiply_nop,extras_consider_duration,custom_fields,status,status_changed_at,token,time_zone,time_zone_offset,rating,rating_comment,locale,collaborative_service_id,collaborative_token,compound_service_id,compound_token,created_from,created )VALUES( 1322,null,null,1322,1322,1322,1,1,'','[]',1,1,'[{"id":43107,"value":"Pheasant Lane Photography"},{"id":51989,"value":"Fashion"},{"id":27913,"value":""},{"id":72188,"value":["I agree to <a href="https:\/\/www.mintroom.ca\/Terms_and_Conditions.pdf?v=11122018" target="_blank">Terms and Conditions<\/a>"]},{"id":85555,"value":["I agree there will be no more than 10 guests in the room per booking"]},{"id":27913,"value":" "},{"id":87958,"value":[]},{"id":45932,"value":[]}]','approved',null,null,null,null,null,null,null,null,null,null,null,'frontend','2019-06-11 10:59:32' );
INSERT INTO wp_bookly_appointments ( id,location_id,staff_id,staff_any,service_id,custom_service_name,custom_service_price,start_date,end_date,extras_duration,internal_note,google_event_id,google_event_etag,outlook_event_id,outlook_event_change_key,outlook_event_series_id,created_from,created )VALUES( 1323,null,10,0,5,null,null,'2019-06-25 14:00:00','2019-06-25 15:00:00',0,null,null,null,null,null,null,'bookly','2019-06-11 10:59:32' );
INSERT INTO wp_bookly_payments ( id,coupon_id,type,total,tax,paid,paid_type,gateway_price_correction,status,details,created )VALUES( 1323,67,'stripe',162.72,18.72,162.72,'in_full',0.00,'completed','{"items":[{"ca_id":1323,"appointment_date":"2019-06-25 14:00:00","service_name":"Conservatory","service_price":90,"service_tax":"11.70","wait_listed":false,"deposit_format":null,"number_of_persons":1,"units":"1","duration":"3600","staff_name":"Conservatory","extras":[]}],"coupon":{"code":"pheasantlanephotography@gmail.com","discount":20,"deduction":"0.00"},"subtotal":{"price":180,"deposit":0},"customer":"Michelle Banham","tax_in_price":"excluded","tax_paid":"18.72","extras_multiply_nop":1}','2019-06-11 10:59:32' );
INSERT INTO wp_bookly_customer_appointments ( id,series_id,package_id,customer_id,appointment_id,payment_id,number_of_persons,units,notes,extras,extras_multiply_nop,extras_consider_duration,custom_fields,status,status_changed_at,token,time_zone,time_zone_offset,rating,rating_comment,locale,collaborative_service_id,collaborative_token,compound_service_id,compound_token,created_from,created )VALUES( 1323,null,null,1322,1323,1323,1,1,'','[]',1,1,'[{"id":43107,"value":"Pheasant Lane Photography"},{"id":51989,"value":"Fashion"},{"id":27913,"value":""},{"id":72188,"value":["I agree to <a href="https:\/\/www.mintroom.ca\/Terms_and_Conditions.pdf?v=11122018" target="_blank">Terms and Conditions<\/a>"]},{"id":85555,"value":["I agree there will be no more than 10 guests in the room per booking"]},{"id":27913,"value":" "},{"id":87958,"value":[]},{"id":45932,"value":[]}]','approved',null,null,null,null,null,null,null,null,null,null,null,'frontend','2019-06-11 10:59:32' );
INSERT INTO wp_bookly_appointments ( id,location_id,staff_id,staff_any,service_id,custom_service_name,custom_service_price,start_date,end_date,extras_duration,internal_note,google_event_id,google_event_etag,outlook_event_id,outlook_event_change_key,outlook_event_series_id,created_from,created )VALUES( 1324,null,11,0,6,null,null,'2019-06-25 13:00:00','2019-06-25 14:00:00',0,null,null,null,null,null,null,'bookly','2019-06-11 10:59:32' );
INSERT INTO wp_bookly_payments ( id,coupon_id,type,total,tax,paid,paid_type,gateway_price_correction,status,details,created )VALUES( 1324,67,'stripe',162.72,18.72,162.72,'in_full',0.00,'completed','{"items":[{"ca_id":1324,"appointment_date":"2019-06-25 13:00:00","service_name":"Library","service_price":90,"service_tax":"11.70","wait_listed":false,"deposit_format":null,"number_of_persons":1,"units":"1","duration":"3600","staff_name":"Library","extras":[]}],"coupon":{"code":"pheasantlanephotography@gmail.com","discount":20,"deduction":"0.00"},"subtotal":{"price":180,"deposit":0},"customer":"Michelle Banham","tax_in_price":"excluded","tax_paid":"18.72","extras_multiply_nop":1}','2019-06-11 10:59:32' );
INSERT INTO wp_bookly_customer_appointments ( id,series_id,package_id,customer_id,appointment_id,payment_id,number_of_persons,units,notes,extras,extras_multiply_nop,extras_consider_duration,custom_fields,status,status_changed_at,token,time_zone,time_zone_offset,rating,rating_comment,locale,collaborative_service_id,collaborative_token,compound_service_id,compound_token,created_from,created )VALUES( 1324,null,null,1322,1324,1324,1,1,'','[]',1,1,'[{"id":43107,"value":"Pheasant Lane Photography"},{"id":51989,"value":"Fashion"},{"id":27913,"value":""},{"id":72188,"value":["I agree to <a href="https:\/\/www.mintroom.ca\/Terms_and_Conditions.pdf?v=11122018" target="_blank">Terms and Conditions<\/a>"]},{"id":85555,"value":["I agree there will be no more than 10 guests in the room per booking"]},{"id":27913,"value":" "},{"id":87958,"value":[]},{"id":45932,"value":[]}]','approved',null,null,null,null,null,null,null,null,null,null,null,'frontend','2019-06-11 10:59:32' );
INSERT INTO wp_bookly_appointments ( id,location_id,staff_id,staff_any,service_id,custom_service_name,custom_service_price,start_date,end_date,extras_duration,internal_note,google_event_id,google_event_etag,outlook_event_id,outlook_event_change_key,outlook_event_series_id,created_from,created )VALUES( 1325,null,11,0,6,null,null,'2019-06-25 14:00:00','2019-06-25 15:00:00',0,null,null,null,null,null,null,'bookly','2019-06-11 10:59:32' );
INSERT INTO wp_bookly_payments ( id,coupon_id,type,total,tax,paid,paid_type,gateway_price_correction,status,details,created )VALUES( 1325,67,'stripe',162.72,18.72,162.72,'in_full',0.00,'completed','{"items":[{"ca_id":1325,"appointment_date":"2019-06-25 14:00:00","service_name":"Library","service_price":90,"service_tax":"11.70","wait_listed":false,"deposit_format":null,"number_of_persons":1,"units":"1","duration":"3600","staff_name":"Library","extras":[]}],"coupon":{"code":"pheasantlanephotography@gmail.com","discount":20,"deduction":"0.00"},"subtotal":{"price":180,"deposit":0},"customer":"Michelle Banham","tax_in_price":"excluded","tax_paid":"18.72","extras_multiply_nop":1}','2019-06-11 10:59:32' );
INSERT INTO wp_bookly_customer_appointments ( id,series_id,package_id,customer_id,appointment_id,payment_id,number_of_persons,units,notes,extras,extras_multiply_nop,extras_consider_duration,custom_fields,status,status_changed_at,token,time_zone,time_zone_offset,rating,rating_comment,locale,collaborative_service_id,collaborative_token,compound_service_id,compound_token,created_from,created )VALUES( 1325,null,null,1322,1325,1325,1,1,'','[]',1,1,'[{"id":43107,"value":"Pheasant Lane Photography"},{"id":51989,"value":"Fashion"},{"id":27913,"value":""},{"id":72188,"value":["I agree to <a href="https:\/\/www.mintroom.ca\/Terms_and_Conditions.pdf?v=11122018" target="_blank">Terms and Conditions<\/a>"]},{"id":85555,"value":["I agree there will be no more than 10 guests in the room per booking"]},{"id":27913,"value":" "},{"id":87958,"value":[]},{"id":45932,"value":[]}]','approved',null,null,null,null,null,null,null,null,null,null,null,'frontend','2019-06-11 10:59:32' );
INSERT INTO wp_bookly_appointments ( id,location_id,staff_id,staff_any,service_id,custom_service_name,custom_service_price,start_date,end_date,extras_duration,internal_note,google_event_id,google_event_etag,outlook_event_id,outlook_event_change_key,outlook_event_series_id,created_from,created )VALUES( 1326,null,12,0,7,null,null,'2019-06-25 11:00:00','2019-06-25 12:00:00',0,null,null,null,null,null,null,'bookly','2019-06-11 10:59:32' );
INSERT INTO wp_bookly_payments ( id,coupon_id,type,total,tax,paid,paid_type,gateway_price_correction,status,details,created )VALUES( 1326,67,'stripe',99.44,11.44,99.44,'in_full',0.00,'completed','{"items":[{"ca_id":1326,"appointment_date":"2019-06-25 11:00:00","service_name":"Lounge","service_price":55,"service_tax":"7.15","wait_listed":false,"deposit_format":null,"number_of_persons":1,"units":"1","duration":"3600","staff_name":"Lounge","extras":[]}],"coupon":{"code":"pheasantlanephotography@gmail.com","discount":20,"deduction":"0.00"},"subtotal":{"price":110,"deposit":0},"customer":"Michelle Banham","tax_in_price":"excluded","tax_paid":"11.44","extras_multiply_nop":1}','2019-06-11 10:59:32' );
INSERT INTO wp_bookly_customer_appointments ( id,series_id,package_id,customer_id,appointment_id,payment_id,number_of_persons,units,notes,extras,extras_multiply_nop,extras_consider_duration,custom_fields,status,status_changed_at,token,time_zone,time_zone_offset,rating,rating_comment,locale,collaborative_service_id,collaborative_token,compound_service_id,compound_token,created_from,created )VALUES( 1326,null,null,1322,1326,1326,1,1,'','[]',1,1,'[{"id":43107,"value":"Pheasant Lane Photography"},{"id":51989,"value":"Portrait"},{"id":27913,"value":""},{"id":72188,"value":["I agree to <a href="https:\/\/www.mintroom.ca\/Terms_and_Conditions.pdf?v=11122018" target="_blank">Terms and Conditions<\/a>"]},{"id":85555,"value":["I agree there will be no more than 10 guests in the room per booking"]},{"id":27913,"value":" "},{"id":87958,"value":[]},{"id":45932,"value":[]}]','approved',null,null,null,null,null,null,null,null,null,null,null,'frontend','2019-06-11 10:59:32' );
INSERT INTO wp_bookly_appointments ( id,location_id,staff_id,staff_any,service_id,custom_service_name,custom_service_price,start_date,end_date,extras_duration,internal_note,google_event_id,google_event_etag,outlook_event_id,outlook_event_change_key,outlook_event_series_id,created_from,created )VALUES( 1327,null,12,0,7,null,null,'2019-06-25 12:00:00','2019-06-25 13:00:00',0,null,null,null,null,null,null,'bookly','2019-06-11 10:59:32' );
INSERT INTO wp_bookly_payments ( id,coupon_id,type,total,tax,paid,paid_type,gateway_price_correction,status,details,created )VALUES( 1327,67,'stripe',99.44,11.44,99.44,'in_full',0.00,'completed','{"items":[{"ca_id":1327,"appointment_date":"2019-06-25 12:00:00","service_name":"Lounge","service_price":55,"service_tax":"7.15","wait_listed":false,"deposit_format":null,"number_of_persons":1,"units":"1","duration":"3600","staff_name":"Lounge","extras":[]}],"coupon":{"code":"pheasantlanephotography@gmail.com","discount":20,"deduction":"0.00"},"subtotal":{"price":110,"deposit":0},"customer":"Michelle Banham","tax_in_price":"excluded","tax_paid":"11.44","extras_multiply_nop":1}','2019-06-11 10:59:32' );
INSERT INTO wp_bookly_customer_appointments ( id,series_id,package_id,customer_id,appointment_id,payment_id,number_of_persons,units,notes,extras,extras_multiply_nop,extras_consider_duration,custom_fields,status,status_changed_at,token,time_zone,time_zone_offset,rating,rating_comment,locale,collaborative_service_id,collaborative_token,compound_service_id,compound_token,created_from,created )VALUES( 1327,null,null,1322,1327,1327,1,1,'','[]',1,1,'[{"id":43107,"value":"Pheasant Lane Photography"},{"id":51989,"value":"Portrait"},{"id":27913,"value":""},{"id":72188,"value":["I agree to <a href="https:\/\/www.mintroom.ca\/Terms_and_Conditions.pdf?v=11122018" target="_blank">Terms and Conditions<\/a>"]},{"id":85555,"value":["I agree there will be no more than 10 guests in the room per booking"]},{"id":27913,"value":" "},{"id":87958,"value":[]},{"id":45932,"value":[]}]','approved',null,null,null,null,null,null,null,null,null,null,null,'frontend','2019-06-11 10:59:32' );
INSERT INTO wp_bookly_appointments ( id,location_id,staff_id,staff_any,service_id,custom_service_name,custom_service_price,start_date,end_date,extras_duration,internal_note,google_event_id,google_event_etag,outlook_event_id,outlook_event_change_key,outlook_event_series_id,created_from,created )VALUES( 1328,null,12,0,7,null,null,'2019-06-15 16:00:00','2019-06-15 17:00:00',0,null,null,null,null,null,null,'bookly','2019-06-11 10:59:32' );
INSERT INTO wp_bookly_customers ( id,wp_user_id,facebook_id,group_id,full_name,first_name,last_name,phone,email,birthday,country,state,postcode,city,street,street_number,additional_address,notes,info_fields,credit,created )VALUES( 1328,null,null,null,'Amanda Cocurullo','Amanda Cocurullo','','289-259-5191','amanda.jane12@gmail.com*',null,'','','','','','','','',null,0,'2019-06-11 10:59:32' );
INSERT INTO wp_bookly_payments ( id,coupon_id,type,total,tax,paid,paid_type,gateway_price_correction,status,details,created )VALUES( 1328,null,'stripe',124.3,14.3,124.3,'in_full',0.00,'completed','{"items":[{"ca_id":1328,"appointment_date":"2019-06-15 16:00:00","service_name":"Lounge","service_price":55,"service_tax":"7.15","wait_listed":false,"deposit_format":null,"number_of_persons":1,"units":"1","duration":"3600","staff_name":"Lounge","extras":[]}],"coupon":null,"subtotal":{"price":110,"deposit":0},"customer":"Amanda Cocurullo","tax_in_price":"excluded","tax_paid":"14.30","extras_multiply_nop":1}','2019-06-11 10:59:32' );
INSERT INTO wp_bookly_customer_appointments ( id,series_id,package_id,customer_id,appointment_id,payment_id,number_of_persons,units,notes,extras,extras_multiply_nop,extras_consider_duration,custom_fields,status,status_changed_at,token,time_zone,time_zone_offset,rating,rating_comment,locale,collaborative_service_id,collaborative_token,compound_service_id,compound_token,created_from,created )VALUES( 1328,null,null,1328,1328,1328,1,1,'','[]',1,1,'[{"id":43107,"value":"Mike Brown"},{"id":51989,"value":"Cosplay"},{"id":27913,"value":""},{"id":72188,"value":["I agree to <a href="https:\/\/www.mintroom.ca\/Terms_and_Conditions.pdf?v=11122018" target="_blank">Terms and Conditions<\/a>"]},{"id":85555,"value":["I agree there will be no more than 10 guests in the room per booking"]},{"id":27913,"value":" "},{"id":87958,"value":[]},{"id":45932,"value":[]}]','approved',null,null,null,null,null,null,null,null,null,null,null,'frontend','2019-06-11 10:59:32' );
INSERT INTO wp_bookly_appointments ( id,location_id,staff_id,staff_any,service_id,custom_service_name,custom_service_price,start_date,end_date,extras_duration,internal_note,google_event_id,google_event_etag,outlook_event_id,outlook_event_change_key,outlook_event_series_id,created_from,created )VALUES( 1329,null,12,0,7,null,null,'2019-06-15 17:00:00','2019-06-15 18:00:00',0,null,null,null,null,null,null,'bookly','2019-06-11 10:59:32' );
INSERT INTO wp_bookly_payments ( id,coupon_id,type,total,tax,paid,paid_type,gateway_price_correction,status,details,created )VALUES( 1329,null,'stripe',124.3,14.3,124.3,'in_full',0.00,'completed','{"items":[{"ca_id":1329,"appointment_date":"2019-06-15 17:00:00","service_name":"Lounge","service_price":55,"service_tax":"7.15","wait_listed":false,"deposit_format":null,"number_of_persons":1,"units":"1","duration":"3600","staff_name":"Lounge","extras":[]}],"coupon":null,"subtotal":{"price":110,"deposit":0},"customer":"Amanda Cocurullo","tax_in_price":"excluded","tax_paid":"14.30","extras_multiply_nop":1}','2019-06-11 10:59:32' );
INSERT INTO wp_bookly_customer_appointments ( id,series_id,package_id,customer_id,appointment_id,payment_id,number_of_persons,units,notes,extras,extras_multiply_nop,extras_consider_duration,custom_fields,status,status_changed_at,token,time_zone,time_zone_offset,rating,rating_comment,locale,collaborative_service_id,collaborative_token,compound_service_id,compound_token,created_from,created )VALUES( 1329,null,null,1328,1329,1329,1,1,'','[]',1,1,'[{"id":43107,"value":"Mike Brown"},{"id":51989,"value":"Cosplay"},{"id":27913,"value":""},{"id":72188,"value":["I agree to <a href="https:\/\/www.mintroom.ca\/Terms_and_Conditions.pdf?v=11122018" target="_blank">Terms and Conditions<\/a>"]},{"id":85555,"value":["I agree there will be no more than 10 guests in the room per booking"]},{"id":27913,"value":" "},{"id":87958,"value":[]},{"id":45932,"value":[]}]','approved',null,null,null,null,null,null,null,null,null,null,null,'frontend','2019-06-11 10:59:32' );
INSERT INTO wp_bookly_appointments ( id,location_id,staff_id,staff_any,service_id,custom_service_name,custom_service_price,start_date,end_date,extras_duration,internal_note,google_event_id,google_event_etag,outlook_event_id,outlook_event_change_key,outlook_event_series_id,created_from,created )VALUES( 1330,null,9,0,4,null,null,'2019-10-13 14:00:00','2019-10-13 15:00:00',0,null,null,null,null,null,null,'bookly','2019-06-11 10:59:32' );
INSERT INTO wp_bookly_customers ( id,wp_user_id,facebook_id,group_id,full_name,first_name,last_name,phone,email,birthday,country,state,postcode,city,street,street_number,additional_address,notes,info_fields,credit,created )VALUES( 1330,null,null,null,'Jessica Rubin','Jessica Rubin','','6474004881','Jess.rubin@gmail.com*',null,'','','','','','','','',null,0,'2019-06-11 10:59:32' );
INSERT INTO wp_bookly_payments ( id,coupon_id,type,total,tax,paid,paid_type,gateway_price_correction,status,details,created )VALUES( 1330,null,'stripe',101.7,11.7,101.7,'in_full',0.00,'completed','{"items":[{"ca_id":1330,"appointment_date":"2019-10-13 14:00:00","service_name":"Ballroom","service_price":90,"service_tax":"11.70","wait_listed":false,"deposit_format":null,"number_of_persons":1,"units":"1","duration":"3600","staff_name":"Ballroom","extras":[]}],"coupon":null,"subtotal":{"price":90,"deposit":0},"customer":"Jessica Rubin","tax_in_price":"excluded","tax_paid":"11.70","extras_multiply_nop":1}','2019-06-11 10:59:32' );
INSERT INTO wp_bookly_customer_appointments ( id,series_id,package_id,customer_id,appointment_id,payment_id,number_of_persons,units,notes,extras,extras_multiply_nop,extras_consider_duration,custom_fields,status,status_changed_at,token,time_zone,time_zone_offset,rating,rating_comment,locale,collaborative_service_id,collaborative_token,compound_service_id,compound_token,created_from,created )VALUES( 1330,null,null,1330,1330,1330,1,1,'','[]',1,1,'[{"id":43107,"value":"Tara McMullen"},{"id":51989,"value":"Wedding"},{"id":27913,"value":""},{"id":72188,"value":["I agree to <a href="https:\/\/www.mintroom.ca\/Terms_and_Conditions.pdf?v=11122018" target="_blank">Terms and Conditions<\/a>"]},{"id":85555,"value":["I agree there will be no more than 10 guests in the room per booking"]},{"id":27913,"value":" "},{"id":87958,"value":[]},{"id":45932,"value":[]}]','approved',null,null,null,null,null,null,null,null,null,null,null,'frontend','2019-06-11 10:59:32' );
INSERT INTO wp_bookly_appointments ( id,location_id,staff_id,staff_any,service_id,custom_service_name,custom_service_price,start_date,end_date,extras_duration,internal_note,google_event_id,google_event_etag,outlook_event_id,outlook_event_change_key,outlook_event_series_id,created_from,created )VALUES( 1331,null,12,0,7,null,null,'2019-10-13 14:00:00','2019-10-13 15:00:00',0,null,null,null,null,null,null,'bookly','2019-06-11 10:59:32' );
INSERT INTO wp_bookly_payments ( id,coupon_id,type,total,tax,paid,paid_type,gateway_price_correction,status,details,created )VALUES( 1331,null,'stripe',62.15,7.15,62.15,'in_full',0.00,'completed','{"items":[{"ca_id":1331,"appointment_date":"2019-10-13 14:00:00","service_name":"Lounge","service_price":55,"service_tax":"7.15","wait_listed":false,"deposit_format":null,"number_of_persons":1,"units":"1","duration":"3600","staff_name":"Lounge","extras":[]}],"coupon":null,"subtotal":{"price":55,"deposit":0},"customer":"Jessica Rubin","tax_in_price":"excluded","tax_paid":"7.15","extras_multiply_nop":1}','2019-06-11 10:59:32' );
INSERT INTO wp_bookly_customer_appointments ( id,series_id,package_id,customer_id,appointment_id,payment_id,number_of_persons,units,notes,extras,extras_multiply_nop,extras_consider_duration,custom_fields,status,status_changed_at,token,time_zone,time_zone_offset,rating,rating_comment,locale,collaborative_service_id,collaborative_token,compound_service_id,compound_token,created_from,created )VALUES( 1331,null,null,1330,1331,1331,1,1,'','[]',1,1,'[{"id":43107,"value":"Tara McMullen"},{"id":51989,"value":"Wedding"},{"id":27913,"value":""},{"id":72188,"value":["I agree to <a href="https:\/\/www.mintroom.ca\/Terms_and_Conditions.pdf?v=11122018" target="_blank">Terms and Conditions<\/a>"]},{"id":85555,"value":["I agree there will be no more than 10 guests in the room per booking"]},{"id":27913,"value":" "},{"id":87958,"value":[]},{"id":45932,"value":[]}]','approved',null,null,null,null,null,null,null,null,null,null,null,'frontend','2019-06-11 10:59:32' );
INSERT INTO wp_bookly_appointments ( id,location_id,staff_id,staff_any,service_id,custom_service_name,custom_service_price,start_date,end_date,extras_duration,internal_note,google_event_id,google_event_etag,outlook_event_id,outlook_event_change_key,outlook_event_series_id,created_from,created )VALUES( 1332,null,12,0,7,null,null,'2019-06-26 19:00:00','2019-06-26 20:00:00',0,null,null,null,null,null,null,'bookly','2019-06-11 10:59:32' );
INSERT INTO wp_bookly_appointments ( id,location_id,staff_id,staff_any,service_id,custom_service_name,custom_service_price,start_date,end_date,extras_duration,internal_note,google_event_id,google_event_etag,outlook_event_id,outlook_event_change_key,outlook_event_series_id,created_from,created )VALUES( 3332,null,13,0,8,null,null,'2019-06-26 19:00:00','2019-06-26 20:00:00',0,null,null,null,null,null,null,'bookly','2019-06-11 10:59:32' );
INSERT INTO wp_bookly_customers ( id,wp_user_id,facebook_id,group_id,full_name,first_name,last_name,phone,email,birthday,country,state,postcode,city,street,street_number,additional_address,notes,info_fields,credit,created )VALUES( 1332,null,null,null,'Samara Doobay','Samara Doobay','','6475008168','samara.rahim@gmail.com*',null,'','','','','','','','',null,0,'2019-06-11 10:59:32' );
INSERT INTO wp_bookly_customer_appointments ( id,series_id,package_id,customer_id,appointment_id,payment_id,number_of_persons,units,notes,extras,extras_multiply_nop,extras_consider_duration,custom_fields,status,status_changed_at,token,time_zone,time_zone_offset,rating,rating_comment,locale,collaborative_service_id,collaborative_token,compound_service_id,compound_token,created_from,created )VALUES( 1332,null,null,1332,1332,1332,1,1,'','[]',1,1,'[{"id":43107,"value":"Sabrina Kanani"},{"id":51989,"value":"Engagement Shoot"},{"id":27913,"value":""},{"id":72188,"value":["I agree to <a href="https:\/\/www.mintroom.ca\/Terms_and_Conditions.pdf?v=11122018" target="_blank">Terms and Conditions<\/a>"]},{"id":85555,"value":["I agree there will be no more than 10 guests in the room per booking"]},{"id":27913,"value":" "},{"id":87958,"value":[]},{"id":45932,"value":[]}]','approved',null,null,null,null,null,null,null,null,null,null,null,'frontend','2019-06-11 10:59:32' );
INSERT INTO wp_bookly_appointments ( id,location_id,staff_id,staff_any,service_id,custom_service_name,custom_service_price,start_date,end_date,extras_duration,internal_note,google_event_id,google_event_etag,outlook_event_id,outlook_event_change_key,outlook_event_series_id,created_from,created )VALUES( 1333,null,10,0,5,null,null,'2019-06-21 10:00:00','2019-06-21 11:00:00',0,null,null,null,null,null,null,'bookly','2019-06-11 10:59:32' );
INSERT INTO wp_bookly_payments ( id,coupon_id,type,total,tax,paid,paid_type,gateway_price_correction,status,details,created )VALUES( 1333,51,'stripe',81.36,9.36,81.36,'in_full',0.00,'completed','{"items":[{"ca_id":1333,"appointment_date":"2019-06-21 10:00:00","service_name":"Conservatory","service_price":90,"service_tax":"11.70","wait_listed":false,"deposit_format":null,"number_of_persons":1,"units":"1","duration":"3600","staff_name":"Conservatory","extras":[]}],"coupon":{"code":"nicolecohen9@gmail.com","discount":20,"deduction":"0.00"},"subtotal":{"price":90,"deposit":0},"customer":"nicole lewis","tax_in_price":"excluded","tax_paid":"9.36","extras_multiply_nop":1}','2019-06-11 10:59:32' );
INSERT INTO wp_bookly_customer_appointments ( id,series_id,package_id,customer_id,appointment_id,payment_id,number_of_persons,units,notes,extras,extras_multiply_nop,extras_consider_duration,custom_fields,status,status_changed_at,token,time_zone,time_zone_offset,rating,rating_comment,locale,collaborative_service_id,collaborative_token,compound_service_id,compound_token,created_from,created )VALUES( 1333,null,null,1280,1333,1333,1,1,'','[]',1,1,'[{"id":43107,"value":"nicole lewis"},{"id":51989,"value":"Family"},{"id":27913,"value":""},{"id":72188,"value":["I agree to <a href="https:\/\/www.mintroom.ca\/Terms_and_Conditions.pdf?v=11122018" target="_blank">Terms and Conditions<\/a>"]},{"id":85555,"value":["I agree there will be no more than 10 guests in the room per booking"]},{"id":27913,"value":" "},{"id":87958,"value":[]},{"id":45932,"value":[]}]','approved',null,null,null,null,null,null,null,null,null,null,null,'frontend','2019-06-11 10:59:32' );
INSERT INTO wp_bookly_appointments ( id,location_id,staff_id,staff_any,service_id,custom_service_name,custom_service_price,start_date,end_date,extras_duration,internal_note,google_event_id,google_event_etag,outlook_event_id,outlook_event_change_key,outlook_event_series_id,created_from,created )VALUES( 1334,null,11,0,6,null,null,'2019-11-30 10:00:00','2019-11-30 11:00:00',0,null,null,null,null,null,null,'bookly','2019-06-11 10:59:32' );
INSERT INTO wp_bookly_payments ( id,coupon_id,type,total,tax,paid,paid_type,gateway_price_correction,status,details,created )VALUES( 1334,53,'stripe',325.44,37.44,325.44,'in_full',0.00,'completed','{"items":[{"ca_id":1334,"appointment_date":"2019-11-30 10:00:00","service_name":"Library","service_price":90,"service_tax":"11.70","wait_listed":false,"deposit_format":null,"number_of_persons":1,"units":"1","duration":"3600","staff_name":"Library","extras":[]}],"coupon":{"code":"info@joannagalant.com","discount":20,"deduction":"0.00"},"subtotal":{"price":360,"deposit":0},"customer":"Joanna Galant","tax_in_price":"excluded","tax_paid":"37.44","extras_multiply_nop":1}','2019-06-11 10:59:32' );
INSERT INTO wp_bookly_customer_appointments ( id,series_id,package_id,customer_id,appointment_id,payment_id,number_of_persons,units,notes,extras,extras_multiply_nop,extras_consider_duration,custom_fields,status,status_changed_at,token,time_zone,time_zone_offset,rating,rating_comment,locale,collaborative_service_id,collaborative_token,compound_service_id,compound_token,created_from,created )VALUES( 1334,null,null,1285,1334,1334,1,1,'','[]',1,1,'[{"id":43107,"value":"joanna"},{"id":51989,"value":"Portrait"},{"id":27913,"value":""},{"id":72188,"value":["I agree to <a href="https:\/\/www.mintroom.ca\/Terms_and_Conditions.pdf?v=11122018" target="_blank">Terms and Conditions<\/a>"]},{"id":85555,"value":["I agree there will be no more than 10 guests in the room per booking"]},{"id":27913,"value":" "},{"id":87958,"value":[]},{"id":45932,"value":[]}]','approved',null,null,null,null,null,null,null,null,null,null,null,'frontend','2019-06-11 10:59:32' );
INSERT INTO wp_bookly_appointments ( id,location_id,staff_id,staff_any,service_id,custom_service_name,custom_service_price,start_date,end_date,extras_duration,internal_note,google_event_id,google_event_etag,outlook_event_id,outlook_event_change_key,outlook_event_series_id,created_from,created )VALUES( 1335,null,11,0,6,null,null,'2019-11-30 11:00:00','2019-11-30 12:00:00',0,null,null,null,null,null,null,'bookly','2019-06-11 10:59:32' );
INSERT INTO wp_bookly_payments ( id,coupon_id,type,total,tax,paid,paid_type,gateway_price_correction,status,details,created )VALUES( 1335,53,'stripe',325.44,37.44,325.44,'in_full',0.00,'completed','{"items":[{"ca_id":1335,"appointment_date":"2019-11-30 11:00:00","service_name":"Library","service_price":90,"service_tax":"11.70","wait_listed":false,"deposit_format":null,"number_of_persons":1,"units":"1","duration":"3600","staff_name":"Library","extras":[]}],"coupon":{"code":"info@joannagalant.com","discount":20,"deduction":"0.00"},"subtotal":{"price":360,"deposit":0},"customer":"Joanna Galant","tax_in_price":"excluded","tax_paid":"37.44","extras_multiply_nop":1}','2019-06-11 10:59:32' );
INSERT INTO wp_bookly_customer_appointments ( id,series_id,package_id,customer_id,appointment_id,payment_id,number_of_persons,units,notes,extras,extras_multiply_nop,extras_consider_duration,custom_fields,status,status_changed_at,token,time_zone,time_zone_offset,rating,rating_comment,locale,collaborative_service_id,collaborative_token,compound_service_id,compound_token,created_from,created )VALUES( 1335,null,null,1285,1335,1335,1,1,'','[]',1,1,'[{"id":43107,"value":"joanna"},{"id":51989,"value":"Portrait"},{"id":27913,"value":""},{"id":72188,"value":["I agree to <a href="https:\/\/www.mintroom.ca\/Terms_and_Conditions.pdf?v=11122018" target="_blank">Terms and Conditions<\/a>"]},{"id":85555,"value":["I agree there will be no more than 10 guests in the room per booking"]},{"id":27913,"value":" "},{"id":87958,"value":[]},{"id":45932,"value":[]}]','approved',null,null,null,null,null,null,null,null,null,null,null,'frontend','2019-06-11 10:59:32' );
INSERT INTO wp_bookly_appointments ( id,location_id,staff_id,staff_any,service_id,custom_service_name,custom_service_price,start_date,end_date,extras_duration,internal_note,google_event_id,google_event_etag,outlook_event_id,outlook_event_change_key,outlook_event_series_id,created_from,created )VALUES( 1336,null,11,0,6,null,null,'2019-11-30 12:00:00','2019-11-30 13:00:00',0,null,null,null,null,null,null,'bookly','2019-06-11 10:59:32' );
INSERT INTO wp_bookly_payments ( id,coupon_id,type,total,tax,paid,paid_type,gateway_price_correction,status,details,created )VALUES( 1336,53,'stripe',325.44,37.44,325.44,'in_full',0.00,'completed','{"items":[{"ca_id":1336,"appointment_date":"2019-11-30 12:00:00","service_name":"Library","service_price":90,"service_tax":"11.70","wait_listed":false,"deposit_format":null,"number_of_persons":1,"units":"1","duration":"3600","staff_name":"Library","extras":[]}],"coupon":{"code":"info@joannagalant.com","discount":20,"deduction":"0.00"},"subtotal":{"price":360,"deposit":0},"customer":"Joanna Galant","tax_in_price":"excluded","tax_paid":"37.44","extras_multiply_nop":1}','2019-06-11 10:59:32' );
INSERT INTO wp_bookly_customer_appointments ( id,series_id,package_id,customer_id,appointment_id,payment_id,number_of_persons,units,notes,extras,extras_multiply_nop,extras_consider_duration,custom_fields,status,status_changed_at,token,time_zone,time_zone_offset,rating,rating_comment,locale,collaborative_service_id,collaborative_token,compound_service_id,compound_token,created_from,created )VALUES( 1336,null,null,1285,1336,1336,1,1,'','[]',1,1,'[{"id":43107,"value":"joanna"},{"id":51989,"value":"Portrait"},{"id":27913,"value":""},{"id":72188,"value":["I agree to <a href="https:\/\/www.mintroom.ca\/Terms_and_Conditions.pdf?v=11122018" target="_blank">Terms and Conditions<\/a>"]},{"id":85555,"value":["I agree there will be no more than 10 guests in the room per booking"]},{"id":27913,"value":" "},{"id":87958,"value":[]},{"id":45932,"value":[]}]','approved',null,null,null,null,null,null,null,null,null,null,null,'frontend','2019-06-11 10:59:32' );
INSERT INTO wp_bookly_appointments ( id,location_id,staff_id,staff_any,service_id,custom_service_name,custom_service_price,start_date,end_date,extras_duration,internal_note,google_event_id,google_event_etag,outlook_event_id,outlook_event_change_key,outlook_event_series_id,created_from,created )VALUES( 1337,null,11,0,6,null,null,'2019-11-30 13:00:00','2019-11-30 14:00:00',0,null,null,null,null,null,null,'bookly','2019-06-11 10:59:32' );
INSERT INTO wp_bookly_payments ( id,coupon_id,type,total,tax,paid,paid_type,gateway_price_correction,status,details,created )VALUES( 1337,53,'stripe',325.44,37.44,325.44,'in_full',0.00,'completed','{"items":[{"ca_id":1337,"appointment_date":"2019-11-30 13:00:00","service_name":"Library","service_price":90,"service_tax":"11.70","wait_listed":false,"deposit_format":null,"number_of_persons":1,"units":"1","duration":"3600","staff_name":"Library","extras":[]}],"coupon":{"code":"info@joannagalant.com","discount":20,"deduction":"0.00"},"subtotal":{"price":360,"deposit":0},"customer":"Joanna Galant","tax_in_price":"excluded","tax_paid":"37.44","extras_multiply_nop":1}','2019-06-11 10:59:32' );
INSERT INTO wp_bookly_customer_appointments ( id,series_id,package_id,customer_id,appointment_id,payment_id,number_of_persons,units,notes,extras,extras_multiply_nop,extras_consider_duration,custom_fields,status,status_changed_at,token,time_zone,time_zone_offset,rating,rating_comment,locale,collaborative_service_id,collaborative_token,compound_service_id,compound_token,created_from,created )VALUES( 1337,null,null,1285,1337,1337,1,1,'','[]',1,1,'[{"id":43107,"value":"joanna"},{"id":51989,"value":"Portrait"},{"id":27913,"value":""},{"id":72188,"value":["I agree to <a href="https:\/\/www.mintroom.ca\/Terms_and_Conditions.pdf?v=11122018" target="_blank">Terms and Conditions<\/a>"]},{"id":85555,"value":["I agree there will be no more than 10 guests in the room per booking"]},{"id":27913,"value":" "},{"id":87958,"value":[]},{"id":45932,"value":[]}]','approved',null,null,null,null,null,null,null,null,null,null,null,'frontend','2019-06-11 10:59:32' );
INSERT INTO wp_bookly_appointments ( id,location_id,staff_id,staff_any,service_id,custom_service_name,custom_service_price,start_date,end_date,extras_duration,internal_note,google_event_id,google_event_etag,outlook_event_id,outlook_event_change_key,outlook_event_series_id,created_from,created )VALUES( 1338,null,12,0,7,null,null,'2019-06-13 13:00:00','2019-06-13 14:00:00',0,null,null,null,null,null,null,'bookly','2019-06-11 10:59:32' );
INSERT INTO wp_bookly_payments ( id,coupon_id,type,total,tax,paid,paid_type,gateway_price_correction,status,details,created )VALUES( 1338,null,'stripe',0,0,0,'in_full',0.00,'completed','{"items":[{"ca_id":1338,"appointment_date":"2019-06-13 13:00:00","service_name":"Lounge","service_price":55,"service_tax":"7.15","wait_listed":false,"deposit_format":null,"number_of_persons":1,"units":"1","duration":"3600","staff_name":"Lounge","extras":[]}],"coupon":null,"subtotal":{"price":55,"deposit":0},"customer":"Tara Noelle","tax_in_price":"excluded","tax_paid":"0.00","extras_multiply_nop":1}','2019-06-11 10:59:32' );
INSERT INTO wp_bookly_customer_appointments ( id,series_id,package_id,customer_id,appointment_id,payment_id,number_of_persons,units,notes,extras,extras_multiply_nop,extras_consider_duration,custom_fields,status,status_changed_at,token,time_zone,time_zone_offset,rating,rating_comment,locale,collaborative_service_id,collaborative_token,compound_service_id,compound_token,created_from,created )VALUES( 1338,null,null,1273,1338,1338,1,1,'','[]',1,1,'[{"id":43107,"value":"Tara Noelle"},{"id":51989,"value":"Portrait"},{"id":27913,"value":""},{"id":72188,"value":["I agree to <a href="https:\/\/www.mintroom.ca\/Terms_and_Conditions.pdf?v=11122018" target="_blank">Terms and Conditions<\/a>"]},{"id":85555,"value":["I agree there will be no more than 10 guests in the room per booking"]},{"id":27913,"value":" "},{"id":87958,"value":[]},{"id":45932,"value":[]}]','approved',null,null,null,null,null,null,null,null,null,null,null,'frontend','2019-06-11 10:59:32' );
INSERT INTO wp_bookly_appointments ( id,location_id,staff_id,staff_any,service_id,custom_service_name,custom_service_price,start_date,end_date,extras_duration,internal_note,google_event_id,google_event_etag,outlook_event_id,outlook_event_change_key,outlook_event_series_id,created_from,created )VALUES( 1339,null,10,0,5,null,null,'2019-10-19 08:00:00','2019-10-19 09:00:00',0,null,null,null,null,null,null,'bookly','2019-06-11 10:59:32' );
INSERT INTO wp_bookly_customers ( id,wp_user_id,facebook_id,group_id,full_name,first_name,last_name,phone,email,birthday,country,state,postcode,city,street,street_number,additional_address,notes,info_fields,credit,created )VALUES( 1339,null,null,null,'Lauren Bines','Lauren Bines','','6478088628','laurenbines1@gmail.com*',null,'','','','','','','','',null,0,'2019-06-11 10:59:32' );
INSERT INTO wp_bookly_payments ( id,coupon_id,type,total,tax,paid,paid_type,gateway_price_correction,status,details,created )VALUES( 1339,null,'stripe',711.9,81.9,711.9,'in_full',0.00,'completed','{"items":[{"ca_id":1339,"appointment_date":"2019-10-19 08:00:00","service_name":"Conservatory","service_price":90,"service_tax":"11.70","wait_listed":false,"deposit_format":null,"number_of_persons":1,"units":"1","duration":"3600","staff_name":"Conservatory","extras":[]}],"coupon":null,"subtotal":{"price":630,"deposit":0},"customer":"Lauren Bines","tax_in_price":"excluded","tax_paid":"81.90","extras_multiply_nop":1}','2019-06-11 10:59:32' );
INSERT INTO wp_bookly_customer_appointments ( id,series_id,package_id,customer_id,appointment_id,payment_id,number_of_persons,units,notes,extras,extras_multiply_nop,extras_consider_duration,custom_fields,status,status_changed_at,token,time_zone,time_zone_offset,rating,rating_comment,locale,collaborative_service_id,collaborative_token,compound_service_id,compound_token,created_from,created )VALUES( 1339,null,null,1339,1339,1339,1,1,'','[]',1,1,'[{"id":43107,"value":"Assaf Friedman"},{"id":51989,"value":"Wedding"},{"id":27913,"value":""},{"id":72188,"value":["I agree to <a href="https:\/\/www.mintroom.ca\/Terms_and_Conditions.pdf?v=11122018" target="_blank">Terms and Conditions<\/a>"]},{"id":85555,"value":["I agree there will be no more than 10 guests in the room per booking"]},{"id":27913,"value":" "},{"id":87958,"value":[]},{"id":45932,"value":[]}]','approved',null,null,null,null,null,null,null,null,null,null,null,'frontend','2019-06-11 10:59:32' );
INSERT INTO wp_bookly_appointments ( id,location_id,staff_id,staff_any,service_id,custom_service_name,custom_service_price,start_date,end_date,extras_duration,internal_note,google_event_id,google_event_etag,outlook_event_id,outlook_event_change_key,outlook_event_series_id,created_from,created )VALUES( 1340,null,10,0,5,null,null,'2019-10-19 09:00:00','2019-10-19 10:00:00',0,null,null,null,null,null,null,'bookly','2019-06-11 10:59:32' );
INSERT INTO wp_bookly_payments ( id,coupon_id,type,total,tax,paid,paid_type,gateway_price_correction,status,details,created )VALUES( 1340,null,'stripe',711.9,81.9,711.9,'in_full',0.00,'completed','{"items":[{"ca_id":1340,"appointment_date":"2019-10-19 09:00:00","service_name":"Conservatory","service_price":90,"service_tax":"11.70","wait_listed":false,"deposit_format":null,"number_of_persons":1,"units":"1","duration":"3600","staff_name":"Conservatory","extras":[]}],"coupon":null,"subtotal":{"price":630,"deposit":0},"customer":"Lauren Bines","tax_in_price":"excluded","tax_paid":"81.90","extras_multiply_nop":1}','2019-06-11 10:59:32' );
INSERT INTO wp_bookly_customer_appointments ( id,series_id,package_id,customer_id,appointment_id,payment_id,number_of_persons,units,notes,extras,extras_multiply_nop,extras_consider_duration,custom_fields,status,status_changed_at,token,time_zone,time_zone_offset,rating,rating_comment,locale,collaborative_service_id,collaborative_token,compound_service_id,compound_token,created_from,created )VALUES( 1340,null,null,1339,1340,1340,1,1,'','[]',1,1,'[{"id":43107,"value":"Assaf Friedman"},{"id":51989,"value":"Wedding"},{"id":27913,"value":""},{"id":72188,"value":["I agree to <a href="https:\/\/www.mintroom.ca\/Terms_and_Conditions.pdf?v=11122018" target="_blank">Terms and Conditions<\/a>"]},{"id":85555,"value":["I agree there will be no more than 10 guests in the room per booking"]},{"id":27913,"value":" "},{"id":87958,"value":[]},{"id":45932,"value":[]}]','approved',null,null,null,null,null,null,null,null,null,null,null,'frontend','2019-06-11 10:59:32' );
INSERT INTO wp_bookly_appointments ( id,location_id,staff_id,staff_any,service_id,custom_service_name,custom_service_price,start_date,end_date,extras_duration,internal_note,google_event_id,google_event_etag,outlook_event_id,outlook_event_change_key,outlook_event_series_id,created_from,created )VALUES( 1341,null,10,0,5,null,null,'2019-10-19 10:00:00','2019-10-19 11:00:00',0,null,null,null,null,null,null,'bookly','2019-06-11 10:59:32' );
INSERT INTO wp_bookly_payments ( id,coupon_id,type,total,tax,paid,paid_type,gateway_price_correction,status,details,created )VALUES( 1341,null,'stripe',711.9,81.9,711.9,'in_full',0.00,'completed','{"items":[{"ca_id":1341,"appointment_date":"2019-10-19 10:00:00","service_name":"Conservatory","service_price":90,"service_tax":"11.70","wait_listed":false,"deposit_format":null,"number_of_persons":1,"units":"1","duration":"3600","staff_name":"Conservatory","extras":[]}],"coupon":null,"subtotal":{"price":630,"deposit":0},"customer":"Lauren Bines","tax_in_price":"excluded","tax_paid":"81.90","extras_multiply_nop":1}','2019-06-11 10:59:32' );
INSERT INTO wp_bookly_customer_appointments ( id,series_id,package_id,customer_id,appointment_id,payment_id,number_of_persons,units,notes,extras,extras_multiply_nop,extras_consider_duration,custom_fields,status,status_changed_at,token,time_zone,time_zone_offset,rating,rating_comment,locale,collaborative_service_id,collaborative_token,compound_service_id,compound_token,created_from,created )VALUES( 1341,null,null,1339,1341,1341,1,1,'','[]',1,1,'[{"id":43107,"value":"Assaf Friedman"},{"id":51989,"value":"Wedding"},{"id":27913,"value":""},{"id":72188,"value":["I agree to <a href="https:\/\/www.mintroom.ca\/Terms_and_Conditions.pdf?v=11122018" target="_blank">Terms and Conditions<\/a>"]},{"id":85555,"value":["I agree there will be no more than 10 guests in the room per booking"]},{"id":27913,"value":" "},{"id":87958,"value":[]},{"id":45932,"value":[]}]','approved',null,null,null,null,null,null,null,null,null,null,null,'frontend','2019-06-11 10:59:32' );
INSERT INTO wp_bookly_appointments ( id,location_id,staff_id,staff_any,service_id,custom_service_name,custom_service_price,start_date,end_date,extras_duration,internal_note,google_event_id,google_event_etag,outlook_event_id,outlook_event_change_key,outlook_event_series_id,created_from,created )VALUES( 1342,null,10,0,5,null,null,'2019-10-19 11:00:00','2019-10-19 12:00:00',0,null,null,null,null,null,null,'bookly','2019-06-11 10:59:32' );
INSERT INTO wp_bookly_payments ( id,coupon_id,type,total,tax,paid,paid_type,gateway_price_correction,status,details,created )VALUES( 1342,null,'stripe',711.9,81.9,711.9,'in_full',0.00,'completed','{"items":[{"ca_id":1342,"appointment_date":"2019-10-19 11:00:00","service_name":"Conservatory","service_price":90,"service_tax":"11.70","wait_listed":false,"deposit_format":null,"number_of_persons":1,"units":"1","duration":"3600","staff_name":"Conservatory","extras":[]}],"coupon":null,"subtotal":{"price":630,"deposit":0},"customer":"Lauren Bines","tax_in_price":"excluded","tax_paid":"81.90","extras_multiply_nop":1}','2019-06-11 10:59:32' );
INSERT INTO wp_bookly_customer_appointments ( id,series_id,package_id,customer_id,appointment_id,payment_id,number_of_persons,units,notes,extras,extras_multiply_nop,extras_consider_duration,custom_fields,status,status_changed_at,token,time_zone,time_zone_offset,rating,rating_comment,locale,collaborative_service_id,collaborative_token,compound_service_id,compound_token,created_from,created )VALUES( 1342,null,null,1339,1342,1342,1,1,'','[]',1,1,'[{"id":43107,"value":"Assaf Friedman"},{"id":51989,"value":"Wedding"},{"id":27913,"value":""},{"id":72188,"value":["I agree to <a href="https:\/\/www.mintroom.ca\/Terms_and_Conditions.pdf?v=11122018" target="_blank">Terms and Conditions<\/a>"]},{"id":85555,"value":["I agree there will be no more than 10 guests in the room per booking"]},{"id":27913,"value":" "},{"id":87958,"value":[]},{"id":45932,"value":[]}]','approved',null,null,null,null,null,null,null,null,null,null,null,'frontend','2019-06-11 10:59:32' );
INSERT INTO wp_bookly_appointments ( id,location_id,staff_id,staff_any,service_id,custom_service_name,custom_service_price,start_date,end_date,extras_duration,internal_note,google_event_id,google_event_etag,outlook_event_id,outlook_event_change_key,outlook_event_series_id,created_from,created )VALUES( 1343,null,10,0,5,null,null,'2019-10-19 12:00:00','2019-10-19 13:00:00',0,null,null,null,null,null,null,'bookly','2019-06-11 10:59:32' );
INSERT INTO wp_bookly_payments ( id,coupon_id,type,total,tax,paid,paid_type,gateway_price_correction,status,details,created )VALUES( 1343,null,'stripe',711.9,81.9,711.9,'in_full',0.00,'completed','{"items":[{"ca_id":1343,"appointment_date":"2019-10-19 12:00:00","service_name":"Conservatory","service_price":90,"service_tax":"11.70","wait_listed":false,"deposit_format":null,"number_of_persons":1,"units":"1","duration":"3600","staff_name":"Conservatory","extras":[]}],"coupon":null,"subtotal":{"price":630,"deposit":0},"customer":"Lauren Bines","tax_in_price":"excluded","tax_paid":"81.90","extras_multiply_nop":1}','2019-06-11 10:59:32' );
INSERT INTO wp_bookly_customer_appointments ( id,series_id,package_id,customer_id,appointment_id,payment_id,number_of_persons,units,notes,extras,extras_multiply_nop,extras_consider_duration,custom_fields,status,status_changed_at,token,time_zone,time_zone_offset,rating,rating_comment,locale,collaborative_service_id,collaborative_token,compound_service_id,compound_token,created_from,created )VALUES( 1343,null,null,1339,1343,1343,1,1,'','[]',1,1,'[{"id":43107,"value":"Assaf Friedman"},{"id":51989,"value":"Wedding"},{"id":27913,"value":""},{"id":72188,"value":["I agree to <a href="https:\/\/www.mintroom.ca\/Terms_and_Conditions.pdf?v=11122018" target="_blank">Terms and Conditions<\/a>"]},{"id":85555,"value":["I agree there will be no more than 10 guests in the room per booking"]},{"id":27913,"value":" "},{"id":87958,"value":[]},{"id":45932,"value":[]}]','approved',null,null,null,null,null,null,null,null,null,null,null,'frontend','2019-06-11 10:59:32' );
INSERT INTO wp_bookly_appointments ( id,location_id,staff_id,staff_any,service_id,custom_service_name,custom_service_price,start_date,end_date,extras_duration,internal_note,google_event_id,google_event_etag,outlook_event_id,outlook_event_change_key,outlook_event_series_id,created_from,created )VALUES( 1344,null,10,0,5,null,null,'2019-10-19 13:00:00','2019-10-19 14:00:00',0,null,null,null,null,null,null,'bookly','2019-06-11 10:59:32' );
INSERT INTO wp_bookly_payments ( id,coupon_id,type,total,tax,paid,paid_type,gateway_price_correction,status,details,created )VALUES( 1344,null,'stripe',711.9,81.9,711.9,'in_full',0.00,'completed','{"items":[{"ca_id":1344,"appointment_date":"2019-10-19 13:00:00","service_name":"Conservatory","service_price":90,"service_tax":"11.70","wait_listed":false,"deposit_format":null,"number_of_persons":1,"units":"1","duration":"3600","staff_name":"Conservatory","extras":[]}],"coupon":null,"subtotal":{"price":630,"deposit":0},"customer":"Lauren Bines","tax_in_price":"excluded","tax_paid":"81.90","extras_multiply_nop":1}','2019-06-11 10:59:32' );
INSERT INTO wp_bookly_customer_appointments ( id,series_id,package_id,customer_id,appointment_id,payment_id,number_of_persons,units,notes,extras,extras_multiply_nop,extras_consider_duration,custom_fields,status,status_changed_at,token,time_zone,time_zone_offset,rating,rating_comment,locale,collaborative_service_id,collaborative_token,compound_service_id,compound_token,created_from,created )VALUES( 1344,null,null,1339,1344,1344,1,1,'','[]',1,1,'[{"id":43107,"value":"Assaf Friedman"},{"id":51989,"value":"Wedding"},{"id":27913,"value":""},{"id":72188,"value":["I agree to <a href="https:\/\/www.mintroom.ca\/Terms_and_Conditions.pdf?v=11122018" target="_blank">Terms and Conditions<\/a>"]},{"id":85555,"value":["I agree there will be no more than 10 guests in the room per booking"]},{"id":27913,"value":" "},{"id":87958,"value":[]},{"id":45932,"value":[]}]','approved',null,null,null,null,null,null,null,null,null,null,null,'frontend','2019-06-11 10:59:32' );
INSERT INTO wp_bookly_appointments ( id,location_id,staff_id,staff_any,service_id,custom_service_name,custom_service_price,start_date,end_date,extras_duration,internal_note,google_event_id,google_event_etag,outlook_event_id,outlook_event_change_key,outlook_event_series_id,created_from,created )VALUES( 1345,null,10,0,5,null,null,'2019-10-19 14:00:00','2019-10-19 15:00:00',0,null,null,null,null,null,null,'bookly','2019-06-11 10:59:32' );
INSERT INTO wp_bookly_payments ( id,coupon_id,type,total,tax,paid,paid_type,gateway_price_correction,status,details,created )VALUES( 1345,null,'stripe',711.9,81.9,711.9,'in_full',0.00,'completed','{"items":[{"ca_id":1345,"appointment_date":"2019-10-19 14:00:00","service_name":"Conservatory","service_price":90,"service_tax":"11.70","wait_listed":false,"deposit_format":null,"number_of_persons":1,"units":"1","duration":"3600","staff_name":"Conservatory","extras":[]}],"coupon":null,"subtotal":{"price":630,"deposit":0},"customer":"Lauren Bines","tax_in_price":"excluded","tax_paid":"81.90","extras_multiply_nop":1}','2019-06-11 10:59:32' );
INSERT INTO wp_bookly_customer_appointments ( id,series_id,package_id,customer_id,appointment_id,payment_id,number_of_persons,units,notes,extras,extras_multiply_nop,extras_consider_duration,custom_fields,status,status_changed_at,token,time_zone,time_zone_offset,rating,rating_comment,locale,collaborative_service_id,collaborative_token,compound_service_id,compound_token,created_from,created )VALUES( 1345,null,null,1339,1345,1345,1,1,'','[]',1,1,'[{"id":43107,"value":"Assaf Friedman"},{"id":51989,"value":"Wedding"},{"id":27913,"value":""},{"id":72188,"value":["I agree to <a href="https:\/\/www.mintroom.ca\/Terms_and_Conditions.pdf?v=11122018" target="_blank">Terms and Conditions<\/a>"]},{"id":85555,"value":["I agree there will be no more than 10 guests in the room per booking"]},{"id":27913,"value":" "},{"id":87958,"value":[]},{"id":45932,"value":[]}]','approved',null,null,null,null,null,null,null,null,null,null,null,'frontend','2019-06-11 10:59:32' );
INSERT INTO wp_bookly_appointments ( id,location_id,staff_id,staff_any,service_id,custom_service_name,custom_service_price,start_date,end_date,extras_duration,internal_note,google_event_id,google_event_etag,outlook_event_id,outlook_event_change_key,outlook_event_series_id,created_from,created )VALUES( 1346,null,9,0,4,null,null,'2019-10-19 12:00:00','2019-10-19 13:00:00',0,null,null,null,null,null,null,'bookly','2019-06-11 10:59:32' );
INSERT INTO wp_bookly_payments ( id,coupon_id,type,total,tax,paid,paid_type,gateway_price_correction,status,details,created )VALUES( 1346,null,'stripe',305.1,35.1,305.1,'in_full',0.00,'completed','{"items":[{"ca_id":1346,"appointment_date":"2019-10-19 12:00:00","service_name":"Ballroom","service_price":90,"service_tax":"11.70","wait_listed":false,"deposit_format":null,"number_of_persons":1,"units":"1","duration":"3600","staff_name":"Ballroom","extras":[]}],"coupon":null,"subtotal":{"price":270,"deposit":0},"customer":"Lauren Bines","tax_in_price":"excluded","tax_paid":"35.10","extras_multiply_nop":1}','2019-06-11 10:59:32' );
INSERT INTO wp_bookly_customer_appointments ( id,series_id,package_id,customer_id,appointment_id,payment_id,number_of_persons,units,notes,extras,extras_multiply_nop,extras_consider_duration,custom_fields,status,status_changed_at,token,time_zone,time_zone_offset,rating,rating_comment,locale,collaborative_service_id,collaborative_token,compound_service_id,compound_token,created_from,created )VALUES( 1346,null,null,1339,1346,1346,1,1,'','[]',1,1,'[{"id":43107,"value":"Assaf Friedman"},{"id":51989,"value":"Wedding"},{"id":27913,"value":""},{"id":72188,"value":["I agree to <a href="https:\/\/www.mintroom.ca\/Terms_and_Conditions.pdf?v=11122018" target="_blank">Terms and Conditions<\/a>"]},{"id":85555,"value":["I agree there will be no more than 10 guests in the room per booking"]},{"id":27913,"value":" "},{"id":87958,"value":[]},{"id":45932,"value":[]}]','approved',null,null,null,null,null,null,null,null,null,null,null,'frontend','2019-06-11 10:59:32' );
INSERT INTO wp_bookly_appointments ( id,location_id,staff_id,staff_any,service_id,custom_service_name,custom_service_price,start_date,end_date,extras_duration,internal_note,google_event_id,google_event_etag,outlook_event_id,outlook_event_change_key,outlook_event_series_id,created_from,created )VALUES( 1347,null,9,0,4,null,null,'2019-10-19 13:00:00','2019-10-19 14:00:00',0,null,null,null,null,null,null,'bookly','2019-06-11 10:59:32' );
INSERT INTO wp_bookly_payments ( id,coupon_id,type,total,tax,paid,paid_type,gateway_price_correction,status,details,created )VALUES( 1347,null,'stripe',305.1,35.1,305.1,'in_full',0.00,'completed','{"items":[{"ca_id":1347,"appointment_date":"2019-10-19 13:00:00","service_name":"Ballroom","service_price":90,"service_tax":"11.70","wait_listed":false,"deposit_format":null,"number_of_persons":1,"units":"1","duration":"3600","staff_name":"Ballroom","extras":[]}],"coupon":null,"subtotal":{"price":270,"deposit":0},"customer":"Lauren Bines","tax_in_price":"excluded","tax_paid":"35.10","extras_multiply_nop":1}','2019-06-11 10:59:32' );
INSERT INTO wp_bookly_customer_appointments ( id,series_id,package_id,customer_id,appointment_id,payment_id,number_of_persons,units,notes,extras,extras_multiply_nop,extras_consider_duration,custom_fields,status,status_changed_at,token,time_zone,time_zone_offset,rating,rating_comment,locale,collaborative_service_id,collaborative_token,compound_service_id,compound_token,created_from,created )VALUES( 1347,null,null,1339,1347,1347,1,1,'','[]',1,1,'[{"id":43107,"value":"Assaf Friedman"},{"id":51989,"value":"Wedding"},{"id":27913,"value":""},{"id":72188,"value":["I agree to <a href="https:\/\/www.mintroom.ca\/Terms_and_Conditions.pdf?v=11122018" target="_blank">Terms and Conditions<\/a>"]},{"id":85555,"value":["I agree there will be no more than 10 guests in the room per booking"]},{"id":27913,"value":" "},{"id":87958,"value":[]},{"id":45932,"value":[]}]','approved',null,null,null,null,null,null,null,null,null,null,null,'frontend','2019-06-11 10:59:32' );
INSERT INTO wp_bookly_appointments ( id,location_id,staff_id,staff_any,service_id,custom_service_name,custom_service_price,start_date,end_date,extras_duration,internal_note,google_event_id,google_event_etag,outlook_event_id,outlook_event_change_key,outlook_event_series_id,created_from,created )VALUES( 1348,null,9,0,4,null,null,'2019-10-19 14:00:00','2019-10-19 15:00:00',0,null,null,null,null,null,null,'bookly','2019-06-11 10:59:32' );
INSERT INTO wp_bookly_payments ( id,coupon_id,type,total,tax,paid,paid_type,gateway_price_correction,status,details,created )VALUES( 1348,null,'stripe',305.1,35.1,305.1,'in_full',0.00,'completed','{"items":[{"ca_id":1348,"appointment_date":"2019-10-19 14:00:00","service_name":"Ballroom","service_price":90,"service_tax":"11.70","wait_listed":false,"deposit_format":null,"number_of_persons":1,"units":"1","duration":"3600","staff_name":"Ballroom","extras":[]}],"coupon":null,"subtotal":{"price":270,"deposit":0},"customer":"Lauren Bines","tax_in_price":"excluded","tax_paid":"35.10","extras_multiply_nop":1}','2019-06-11 10:59:32' );
INSERT INTO wp_bookly_customer_appointments ( id,series_id,package_id,customer_id,appointment_id,payment_id,number_of_persons,units,notes,extras,extras_multiply_nop,extras_consider_duration,custom_fields,status,status_changed_at,token,time_zone,time_zone_offset,rating,rating_comment,locale,collaborative_service_id,collaborative_token,compound_service_id,compound_token,created_from,created )VALUES( 1348,null,null,1339,1348,1348,1,1,'','[]',1,1,'[{"id":43107,"value":"Assaf Friedman"},{"id":51989,"value":"Wedding"},{"id":27913,"value":""},{"id":72188,"value":["I agree to <a href="https:\/\/www.mintroom.ca\/Terms_and_Conditions.pdf?v=11122018" target="_blank">Terms and Conditions<\/a>"]},{"id":85555,"value":["I agree there will be no more than 10 guests in the room per booking"]},{"id":27913,"value":" "},{"id":87958,"value":[]},{"id":45932,"value":[]}]','approved',null,null,null,null,null,null,null,null,null,null,null,'frontend','2019-06-11 10:59:32' );
INSERT INTO wp_bookly_appointments ( id,location_id,staff_id,staff_any,service_id,custom_service_name,custom_service_price,start_date,end_date,extras_duration,internal_note,google_event_id,google_event_etag,outlook_event_id,outlook_event_change_key,outlook_event_series_id,created_from,created )VALUES( 1349,null,9,0,4,null,null,'2019-06-29 13:00:00','2019-06-29 14:00:00',0,null,null,null,null,null,null,'bookly','2019-06-11 10:59:32' );
INSERT INTO wp_bookly_customers ( id,wp_user_id,facebook_id,group_id,full_name,first_name,last_name,phone,email,birthday,country,state,postcode,city,street,street_number,additional_address,notes,info_fields,credit,created )VALUES( 1349,null,null,null,'Elodie Ferreira','Elodie Ferreira','','4167120771','elodie.dsferreira@gmail.com*',null,'','','','','','','','',null,0,'2019-06-11 10:59:32' );
INSERT INTO wp_bookly_payments ( id,coupon_id,type,total,tax,paid,paid_type,gateway_price_correction,status,details,created )VALUES( 1349,null,'stripe',101.7,11.7,101.7,'in_full',0.00,'completed','{"items":[{"ca_id":1349,"appointment_date":"2019-06-29 13:00:00","service_name":"Ballroom","service_price":90,"service_tax":"11.70","wait_listed":false,"deposit_format":null,"number_of_persons":1,"units":"1","duration":"3600","staff_name":"Ballroom","extras":[]}],"coupon":null,"subtotal":{"price":90,"deposit":0},"customer":"Elodie Ferreira","tax_in_price":"excluded","tax_paid":"11.70","extras_multiply_nop":1}','2019-06-11 10:59:32' );
INSERT INTO wp_bookly_customer_appointments ( id,series_id,package_id,customer_id,appointment_id,payment_id,number_of_persons,units,notes,extras,extras_multiply_nop,extras_consider_duration,custom_fields,status,status_changed_at,token,time_zone,time_zone_offset,rating,rating_comment,locale,collaborative_service_id,collaborative_token,compound_service_id,compound_token,created_from,created )VALUES( 1349,null,null,1349,1349,1349,1,1,'','[]',1,1,'[{"id":43107,"value":"Elodie Ferreira"},{"id":51989,"value":"1st Birthday\/Baptism"},{"id":27913,"value":""},{"id":72188,"value":["I agree to <a href="https:\/\/www.mintroom.ca\/Terms_and_Conditions.pdf?v=11122018" target="_blank">Terms and Conditions<\/a>"]},{"id":85555,"value":["I agree there will be no more than 10 guests in the room per booking"]},{"id":27913,"value":" "},{"id":87958,"value":[]},{"id":45932,"value":[]}]','approved',null,null,null,null,null,null,null,null,null,null,null,'frontend','2019-06-11 10:59:32' );
INSERT INTO wp_bookly_appointments ( id,location_id,staff_id,staff_any,service_id,custom_service_name,custom_service_price,start_date,end_date,extras_duration,internal_note,google_event_id,google_event_etag,outlook_event_id,outlook_event_change_key,outlook_event_series_id,created_from,created )VALUES( 1350,null,9,0,4,null,null,'2019-06-16 15:00:00','2019-06-16 16:00:00',0,null,null,null,null,null,null,'bookly','2019-06-11 10:59:32' );
INSERT INTO wp_bookly_customers ( id,wp_user_id,facebook_id,group_id,full_name,first_name,last_name,phone,email,birthday,country,state,postcode,city,street,street_number,additional_address,notes,info_fields,credit,created )VALUES( 1350,null,null,null,'Saira Ilisinovic','Saira Ilisinovic','','905-609-2458','sairabi84@gmail.com*',null,'','','','','','','','',null,0,'2019-06-11 10:59:32' );
INSERT INTO wp_bookly_payments ( id,coupon_id,type,total,tax,paid,paid_type,gateway_price_correction,status,details,created )VALUES( 1350,null,'stripe',101.7,11.7,101.7,'in_full',0.00,'completed','{"items":[{"ca_id":1350,"appointment_date":"2019-06-16 15:00:00","service_name":"Ballroom","service_price":90,"service_tax":"11.70","wait_listed":false,"deposit_format":null,"number_of_persons":1,"units":"1","duration":"3600","staff_name":"Ballroom","extras":[]}],"coupon":null,"subtotal":{"price":90,"deposit":0},"customer":"Saira Ilisinovic","tax_in_price":"excluded","tax_paid":"11.70","extras_multiply_nop":1}','2019-06-11 10:59:32' );
INSERT INTO wp_bookly_customer_appointments ( id,series_id,package_id,customer_id,appointment_id,payment_id,number_of_persons,units,notes,extras,extras_multiply_nop,extras_consider_duration,custom_fields,status,status_changed_at,token,time_zone,time_zone_offset,rating,rating_comment,locale,collaborative_service_id,collaborative_token,compound_service_id,compound_token,created_from,created )VALUES( 1350,null,null,1350,1350,1350,1,1,'','[]',1,1,'[{"id":43107,"value":"Saldjana Bogdanovic-Cicic"},{"id":51989,"value":"Dance\/Portrait"},{"id":27913,"value":""},{"id":72188,"value":["I agree to <a href="https:\/\/www.mintroom.ca\/Terms_and_Conditions.pdf?v=11122018" target="_blank">Terms and Conditions<\/a>"]},{"id":85555,"value":["I agree there will be no more than 10 guests in the room per booking"]},{"id":27913,"value":" "},{"id":87958,"value":[]},{"id":45932,"value":[]}]','approved',null,null,null,null,null,null,null,null,null,null,null,'frontend','2019-06-11 10:59:32' );
INSERT INTO wp_bookly_appointments ( id,location_id,staff_id,staff_any,service_id,custom_service_name,custom_service_price,start_date,end_date,extras_duration,internal_note,google_event_id,google_event_etag,outlook_event_id,outlook_event_change_key,outlook_event_series_id,created_from,created )VALUES( 1351,null,9,0,4,null,null,'2019-06-22 13:00:00','2019-06-22 14:00:00',0,null,null,null,null,null,null,'bookly','2019-06-11 10:59:32' );
INSERT INTO wp_bookly_customers ( id,wp_user_id,facebook_id,group_id,full_name,first_name,last_name,phone,email,birthday,country,state,postcode,city,street,street_number,additional_address,notes,info_fields,credit,created )VALUES( 1351,null,null,null,'Sylwia','Sylwia','','647.404.5714','Info@3chicksphotography.com*',null,'','','','','','','','',null,0,'2019-06-11 10:59:32' );
INSERT INTO wp_bookly_payments ( id,coupon_id,type,total,tax,paid,paid_type,gateway_price_correction,status,details,created )VALUES( 1351,null,'stripe',101.7,11.7,101.7,'in_full',0.00,'completed','{"items":[{"ca_id":1351,"appointment_date":"2019-06-22 13:00:00","service_name":"Ballroom","service_price":90,"service_tax":"11.70","wait_listed":false,"deposit_format":null,"number_of_persons":1,"units":"1","duration":"3600","staff_name":"Ballroom","extras":[]}],"coupon":null,"subtotal":{"price":90,"deposit":0},"customer":"Sylwia","tax_in_price":"excluded","tax_paid":"11.70","extras_multiply_nop":1}','2019-06-11 10:59:32' );
INSERT INTO wp_bookly_customer_appointments ( id,series_id,package_id,customer_id,appointment_id,payment_id,number_of_persons,units,notes,extras,extras_multiply_nop,extras_consider_duration,custom_fields,status,status_changed_at,token,time_zone,time_zone_offset,rating,rating_comment,locale,collaborative_service_id,collaborative_token,compound_service_id,compound_token,created_from,created )VALUES( 1351,null,null,1351,1351,1351,1,1,'','[]',1,1,'[{"id":43107,"value":"3 chicks"},{"id":51989,"value":"Family"},{"id":27913,"value":""},{"id":72188,"value":["I agree to <a href="https:\/\/www.mintroom.ca\/Terms_and_Conditions.pdf?v=11122018" target="_blank">Terms and Conditions<\/a>"]},{"id":85555,"value":["I agree there will be no more than 10 guests in the room per booking"]},{"id":27913,"value":" "},{"id":87958,"value":[]},{"id":45932,"value":[]}]','approved',null,null,null,null,null,null,null,null,null,null,null,'frontend','2019-06-11 10:59:32' );
INSERT INTO wp_bookly_appointments ( id,location_id,staff_id,staff_any,service_id,custom_service_name,custom_service_price,start_date,end_date,extras_duration,internal_note,google_event_id,google_event_etag,outlook_event_id,outlook_event_change_key,outlook_event_series_id,created_from,created )VALUES( 1352,null,10,0,5,null,null,'2019-06-22 13:00:00','2019-06-22 14:00:00',0,null,null,null,null,null,null,'bookly','2019-06-11 10:59:32' );
INSERT INTO wp_bookly_payments ( id,coupon_id,type,total,tax,paid,paid_type,gateway_price_correction,status,details,created )VALUES( 1352,null,'stripe',101.7,11.7,101.7,'in_full',0.00,'completed','{"items":[{"ca_id":1352,"appointment_date":"2019-06-22 13:00:00","service_name":"Conservatory","service_price":90,"service_tax":"11.70","wait_listed":false,"deposit_format":null,"number_of_persons":1,"units":"1","duration":"3600","staff_name":"Conservatory","extras":[]}],"coupon":null,"subtotal":{"price":90,"deposit":0},"customer":"Sylwia dengis","tax_in_price":"excluded","tax_paid":"11.70","extras_multiply_nop":1}','2019-06-11 10:59:32' );
INSERT INTO wp_bookly_customer_appointments ( id,series_id,package_id,customer_id,appointment_id,payment_id,number_of_persons,units,notes,extras,extras_multiply_nop,extras_consider_duration,custom_fields,status,status_changed_at,token,time_zone,time_zone_offset,rating,rating_comment,locale,collaborative_service_id,collaborative_token,compound_service_id,compound_token,created_from,created )VALUES( 1352,null,null,1351,1352,1352,1,1,'','[]',1,1,'[{"id":43107,"value":"3chicks "},{"id":51989,"value":"Family"},{"id":27913,"value":""},{"id":72188,"value":["I agree to <a href="https:\/\/www.mintroom.ca\/Terms_and_Conditions.pdf?v=11122018" target="_blank">Terms and Conditions<\/a>"]},{"id":85555,"value":["I agree there will be no more than 10 guests in the room per booking"]},{"id":27913,"value":" "},{"id":87958,"value":[]},{"id":45932,"value":[]}]','approved',null,null,null,null,null,null,null,null,null,null,null,'frontend','2019-06-11 10:59:32' );
INSERT INTO wp_bookly_appointments ( id,location_id,staff_id,staff_any,service_id,custom_service_name,custom_service_price,start_date,end_date,extras_duration,internal_note,google_event_id,google_event_etag,outlook_event_id,outlook_event_change_key,outlook_event_series_id,created_from,created )VALUES( 1353,null,11,0,6,null,null,'2019-06-30 15:00:00','2019-06-30 16:00:00',0,null,null,null,null,null,null,'bookly','2019-06-11 10:59:32' );
INSERT INTO wp_bookly_appointments ( id,location_id,staff_id,staff_any,service_id,custom_service_name,custom_service_price,start_date,end_date,extras_duration,internal_note,google_event_id,google_event_etag,outlook_event_id,outlook_event_change_key,outlook_event_series_id,created_from,created )VALUES( 3353,null,13,0,8,null,null,'2019-06-30 15:00:00','2019-06-30 16:00:00',0,null,null,null,null,null,null,'bookly','2019-06-11 10:59:32' );
INSERT INTO wp_bookly_appointments ( id,location_id,staff_id,staff_any,service_id,custom_service_name,custom_service_price,start_date,end_date,extras_duration,internal_note,google_event_id,google_event_etag,outlook_event_id,outlook_event_change_key,outlook_event_series_id,created_from,created )VALUES( 4353,null,14,0,9,null,null,'2019-06-30 15:00:00','2019-06-30 16:00:00',0,null,null,null,null,null,null,'bookly','2019-06-11 10:59:32' );
INSERT INTO wp_bookly_customers ( id,wp_user_id,facebook_id,group_id,full_name,first_name,last_name,phone,email,birthday,country,state,postcode,city,street,street_number,additional_address,notes,info_fields,credit,created )VALUES( 1353,null,null,null,'Jeff Mazzei','Jeff Mazzei','','6472108212','jeffrey.mazzei@gmail.com*',null,'','','','','','','','',null,0,'2019-06-11 10:59:32' );
INSERT INTO wp_bookly_customer_appointments ( id,series_id,package_id,customer_id,appointment_id,payment_id,number_of_persons,units,notes,extras,extras_multiply_nop,extras_consider_duration,custom_fields,status,status_changed_at,token,time_zone,time_zone_offset,rating,rating_comment,locale,collaborative_service_id,collaborative_token,compound_service_id,compound_token,created_from,created )VALUES( 1353,null,null,1353,1353,1353,1,1,'','[]',1,1,'[{"id":43107,"value":"Anna"},{"id":51989,"value":"Wedding"},{"id":27913,"value":""},{"id":72188,"value":["I agree to <a href="https:\/\/www.mintroom.ca\/Terms_and_Conditions.pdf?v=11122018" target="_blank">Terms and Conditions<\/a>"]},{"id":85555,"value":["I agree there will be no more than 10 guests in the room per booking"]},{"id":27913,"value":" "},{"id":87958,"value":[]},{"id":45932,"value":[]}]','approved',null,null,null,null,null,null,null,null,null,null,null,'frontend','2019-06-11 10:59:32' );
INSERT INTO wp_bookly_appointments ( id,location_id,staff_id,staff_any,service_id,custom_service_name,custom_service_price,start_date,end_date,extras_duration,internal_note,google_event_id,google_event_etag,outlook_event_id,outlook_event_change_key,outlook_event_series_id,created_from,created )VALUES( 1354,null,12,0,7,null,null,'2019-06-30 15:00:00','2019-06-30 16:00:00',0,null,null,null,null,null,null,'bookly','2019-06-11 10:59:32' );
INSERT INTO wp_bookly_payments ( id,coupon_id,type,total,tax,paid,paid_type,gateway_price_correction,status,details,created )VALUES( 1354,null,'stripe',124.3,14.3,124.3,'in_full',0.00,'completed','{"items":[{"ca_id":1354,"appointment_date":"2019-06-30 15:00:00","service_name":"Lounge","service_price":55,"service_tax":"7.15","wait_listed":false,"deposit_format":null,"number_of_persons":1,"units":"1","duration":"3600","staff_name":"Lounge","extras":[]}],"coupon":null,"subtotal":{"price":110,"deposit":0},"customer":"Jeff Mazzei","tax_in_price":"excluded","tax_paid":"14.30","extras_multiply_nop":1}','2019-06-11 10:59:32' );
INSERT INTO wp_bookly_customer_appointments ( id,series_id,package_id,customer_id,appointment_id,payment_id,number_of_persons,units,notes,extras,extras_multiply_nop,extras_consider_duration,custom_fields,status,status_changed_at,token,time_zone,time_zone_offset,rating,rating_comment,locale,collaborative_service_id,collaborative_token,compound_service_id,compound_token,created_from,created )VALUES( 1354,null,null,1353,1354,1354,1,1,'','[]',1,1,'[{"id":43107,"value":"Anna"},{"id":51989,"value":"Wedding"},{"id":27913,"value":""},{"id":72188,"value":["I agree to <a href="https:\/\/www.mintroom.ca\/Terms_and_Conditions.pdf?v=11122018" target="_blank">Terms and Conditions<\/a>"]},{"id":85555,"value":["I agree there will be no more than 10 guests in the room per booking"]},{"id":27913,"value":" "},{"id":87958,"value":[]},{"id":45932,"value":[]}]','approved',null,null,null,null,null,null,null,null,null,null,null,'frontend','2019-06-11 10:59:32' );
INSERT INTO wp_bookly_appointments ( id,location_id,staff_id,staff_any,service_id,custom_service_name,custom_service_price,start_date,end_date,extras_duration,internal_note,google_event_id,google_event_etag,outlook_event_id,outlook_event_change_key,outlook_event_series_id,created_from,created )VALUES( 1355,null,12,0,7,null,null,'2019-06-30 16:00:00','2019-06-30 17:00:00',0,null,null,null,null,null,null,'bookly','2019-06-11 10:59:32' );
INSERT INTO wp_bookly_payments ( id,coupon_id,type,total,tax,paid,paid_type,gateway_price_correction,status,details,created )VALUES( 1355,null,'stripe',124.3,14.3,124.3,'in_full',0.00,'completed','{"items":[{"ca_id":1355,"appointment_date":"2019-06-30 16:00:00","service_name":"Lounge","service_price":55,"service_tax":"7.15","wait_listed":false,"deposit_format":null,"number_of_persons":1,"units":"1","duration":"3600","staff_name":"Lounge","extras":[]}],"coupon":null,"subtotal":{"price":110,"deposit":0},"customer":"Jeff Mazzei","tax_in_price":"excluded","tax_paid":"14.30","extras_multiply_nop":1}','2019-06-11 10:59:32' );
INSERT INTO wp_bookly_customer_appointments ( id,series_id,package_id,customer_id,appointment_id,payment_id,number_of_persons,units,notes,extras,extras_multiply_nop,extras_consider_duration,custom_fields,status,status_changed_at,token,time_zone,time_zone_offset,rating,rating_comment,locale,collaborative_service_id,collaborative_token,compound_service_id,compound_token,created_from,created )VALUES( 1355,null,null,1353,1355,1355,1,1,'','[]',1,1,'[{"id":43107,"value":"Anna"},{"id":51989,"value":"Wedding"},{"id":27913,"value":""},{"id":72188,"value":["I agree to <a href="https:\/\/www.mintroom.ca\/Terms_and_Conditions.pdf?v=11122018" target="_blank">Terms and Conditions<\/a>"]},{"id":85555,"value":["I agree there will be no more than 10 guests in the room per booking"]},{"id":27913,"value":" "},{"id":87958,"value":[]},{"id":45932,"value":[]}]','approved',null,null,null,null,null,null,null,null,null,null,null,'frontend','2019-06-11 10:59:32' );
INSERT INTO wp_bookly_appointments ( id,location_id,staff_id,staff_any,service_id,custom_service_name,custom_service_price,start_date,end_date,extras_duration,internal_note,google_event_id,google_event_etag,outlook_event_id,outlook_event_change_key,outlook_event_series_id,created_from,created )VALUES( 1356,null,10,0,5,null,null,'2019-06-30 14:00:00','2019-06-30 15:00:00',0,null,null,null,null,null,null,'bookly','2019-06-11 10:59:32' );
INSERT INTO wp_bookly_payments ( id,coupon_id,type,total,tax,paid,paid_type,gateway_price_correction,status,details,created )VALUES( 1356,null,'stripe',101.7,11.7,101.7,'in_full',0.00,'completed','{"items":[{"ca_id":1356,"appointment_date":"2019-06-30 14:00:00","service_name":"Conservatory","service_price":90,"service_tax":"11.70","wait_listed":false,"deposit_format":null,"number_of_persons":1,"units":"1","duration":"3600","staff_name":"Conservatory","extras":[]}],"coupon":null,"subtotal":{"price":90,"deposit":0},"customer":"Jeff Mazzei","tax_in_price":"excluded","tax_paid":"11.70","extras_multiply_nop":1}','2019-06-11 10:59:32' );
INSERT INTO wp_bookly_customer_appointments ( id,series_id,package_id,customer_id,appointment_id,payment_id,number_of_persons,units,notes,extras,extras_multiply_nop,extras_consider_duration,custom_fields,status,status_changed_at,token,time_zone,time_zone_offset,rating,rating_comment,locale,collaborative_service_id,collaborative_token,compound_service_id,compound_token,created_from,created )VALUES( 1356,null,null,1353,1356,1356,1,1,'','[]',1,1,'[{"id":43107,"value":"Anna"},{"id":51989,"value":"Wedding"},{"id":27913,"value":""},{"id":72188,"value":["I agree to <a href="https:\/\/www.mintroom.ca\/Terms_and_Conditions.pdf?v=11122018" target="_blank">Terms and Conditions<\/a>"]},{"id":85555,"value":["I agree there will be no more than 10 guests in the room per booking"]},{"id":27913,"value":" "},{"id":87958,"value":[]},{"id":45932,"value":[]}]','approved',null,null,null,null,null,null,null,null,null,null,null,'frontend','2019-06-11 10:59:32' );
INSERT INTO wp_bookly_appointments ( id,location_id,staff_id,staff_any,service_id,custom_service_name,custom_service_price,start_date,end_date,extras_duration,internal_note,google_event_id,google_event_etag,outlook_event_id,outlook_event_change_key,outlook_event_series_id,created_from,created )VALUES( 1357,null,12,0,7,null,null,'2019-08-02 10:00:00','2019-08-02 11:00:00',0,null,null,null,null,null,null,'bookly','2019-06-11 10:59:32' );
INSERT INTO wp_bookly_customers ( id,wp_user_id,facebook_id,group_id,full_name,first_name,last_name,phone,email,birthday,country,state,postcode,city,street,street_number,additional_address,notes,info_fields,credit,created )VALUES( 1357,null,null,null,'Ann Chau','Ann Chau','','6472412428','anncchau@gmail.com*',null,'','','','','','','','',null,0,'2019-06-11 10:59:32' );
INSERT INTO wp_bookly_payments ( id,coupon_id,type,total,tax,paid,paid_type,gateway_price_correction,status,details,created )VALUES( 1357,null,'stripe',248.6,28.6,248.6,'in_full',0.00,'completed','{"items":[{"ca_id":1357,"appointment_date":"2019-08-02 10:00:00","service_name":"Lounge","service_price":55,"service_tax":"7.15","wait_listed":false,"deposit_format":null,"number_of_persons":1,"units":"1","duration":"3600","staff_name":"Lounge","extras":[]}],"coupon":null,"subtotal":{"price":275,"deposit":0},"customer":"Ann Chau","tax_in_price":"excluded","tax_paid":"28.60","extras_multiply_nop":1}','2019-06-11 10:59:32' );
INSERT INTO wp_bookly_customer_appointments ( id,series_id,package_id,customer_id,appointment_id,payment_id,number_of_persons,units,notes,extras,extras_multiply_nop,extras_consider_duration,custom_fields,status,status_changed_at,token,time_zone,time_zone_offset,rating,rating_comment,locale,collaborative_service_id,collaborative_token,compound_service_id,compound_token,created_from,created )VALUES( 1357,null,null,1357,1357,1357,1,1,'We will be booking two rooms to accommodate our students. ','[]',1,1,'[{"id":43107,"value":"Eugene"},{"id":51989,"value":"Music Video"},{"id":27913,"value":""},{"id":72188,"value":["I agree to <a href="https:\/\/www.mintroom.ca\/Terms_and_Conditions.pdf?v=11122018" target="_blank">Terms and Conditions<\/a>"]},{"id":85555,"value":["I agree there will be no more than 10 guests in the room per booking"]},{"id":27913,"value":" "},{"id":87958,"value":[]},{"id":45932,"value":[]}]','approved',null,null,null,null,null,null,null,null,null,null,null,'frontend','2019-06-11 10:59:32' );
INSERT INTO wp_bookly_appointments ( id,location_id,staff_id,staff_any,service_id,custom_service_name,custom_service_price,start_date,end_date,extras_duration,internal_note,google_event_id,google_event_etag,outlook_event_id,outlook_event_change_key,outlook_event_series_id,created_from,created )VALUES( 1358,null,12,0,7,null,null,'2019-08-02 11:00:00','2019-08-02 12:00:00',0,null,null,null,null,null,null,'bookly','2019-06-11 10:59:32' );
INSERT INTO wp_bookly_payments ( id,coupon_id,type,total,tax,paid,paid_type,gateway_price_correction,status,details,created )VALUES( 1358,null,'stripe',248.6,28.6,248.6,'in_full',0.00,'completed','{"items":[{"ca_id":1358,"appointment_date":"2019-08-02 11:00:00","service_name":"Lounge","service_price":55,"service_tax":"7.15","wait_listed":false,"deposit_format":null,"number_of_persons":1,"units":"1","duration":"3600","staff_name":"Lounge","extras":[]}],"coupon":null,"subtotal":{"price":275,"deposit":0},"customer":"Ann Chau","tax_in_price":"excluded","tax_paid":"28.60","extras_multiply_nop":1}','2019-06-11 10:59:32' );
INSERT INTO wp_bookly_customer_appointments ( id,series_id,package_id,customer_id,appointment_id,payment_id,number_of_persons,units,notes,extras,extras_multiply_nop,extras_consider_duration,custom_fields,status,status_changed_at,token,time_zone,time_zone_offset,rating,rating_comment,locale,collaborative_service_id,collaborative_token,compound_service_id,compound_token,created_from,created )VALUES( 1358,null,null,1357,1358,1358,1,1,'We will be booking two rooms to accommodate our students. ','[]',1,1,'[{"id":43107,"value":"Eugene"},{"id":51989,"value":"Music Video"},{"id":27913,"value":""},{"id":72188,"value":["I agree to <a href="https:\/\/www.mintroom.ca\/Terms_and_Conditions.pdf?v=11122018" target="_blank">Terms and Conditions<\/a>"]},{"id":85555,"value":["I agree there will be no more than 10 guests in the room per booking"]},{"id":27913,"value":" "},{"id":87958,"value":[]},{"id":45932,"value":[]}]','approved',null,null,null,null,null,null,null,null,null,null,null,'frontend','2019-06-11 10:59:32' );
INSERT INTO wp_bookly_appointments ( id,location_id,staff_id,staff_any,service_id,custom_service_name,custom_service_price,start_date,end_date,extras_duration,internal_note,google_event_id,google_event_etag,outlook_event_id,outlook_event_change_key,outlook_event_series_id,created_from,created )VALUES( 1359,null,12,0,7,null,null,'2019-08-02 12:00:00','2019-08-02 13:00:00',0,null,null,null,null,null,null,'bookly','2019-06-11 10:59:32' );
INSERT INTO wp_bookly_payments ( id,coupon_id,type,total,tax,paid,paid_type,gateway_price_correction,status,details,created )VALUES( 1359,null,'stripe',248.6,28.6,248.6,'in_full',0.00,'completed','{"items":[{"ca_id":1359,"appointment_date":"2019-08-02 12:00:00","service_name":"Lounge","service_price":55,"service_tax":"7.15","wait_listed":false,"deposit_format":null,"number_of_persons":1,"units":"1","duration":"3600","staff_name":"Lounge","extras":[]}],"coupon":null,"subtotal":{"price":275,"deposit":0},"customer":"Ann Chau","tax_in_price":"excluded","tax_paid":"28.60","extras_multiply_nop":1}','2019-06-11 10:59:32' );
INSERT INTO wp_bookly_customer_appointments ( id,series_id,package_id,customer_id,appointment_id,payment_id,number_of_persons,units,notes,extras,extras_multiply_nop,extras_consider_duration,custom_fields,status,status_changed_at,token,time_zone,time_zone_offset,rating,rating_comment,locale,collaborative_service_id,collaborative_token,compound_service_id,compound_token,created_from,created )VALUES( 1359,null,null,1357,1359,1359,1,1,'We will be booking two rooms to accommodate our students. ','[]',1,1,'[{"id":43107,"value":"Eugene"},{"id":51989,"value":"Music Video"},{"id":27913,"value":""},{"id":72188,"value":["I agree to <a href="https:\/\/www.mintroom.ca\/Terms_and_Conditions.pdf?v=11122018" target="_blank">Terms and Conditions<\/a>"]},{"id":85555,"value":["I agree there will be no more than 10 guests in the room per booking"]},{"id":27913,"value":" "},{"id":87958,"value":[]},{"id":45932,"value":[]}]','approved',null,null,null,null,null,null,null,null,null,null,null,'frontend','2019-06-11 10:59:32' );
INSERT INTO wp_bookly_appointments ( id,location_id,staff_id,staff_any,service_id,custom_service_name,custom_service_price,start_date,end_date,extras_duration,internal_note,google_event_id,google_event_etag,outlook_event_id,outlook_event_change_key,outlook_event_series_id,created_from,created )VALUES( 1360,null,12,0,7,null,null,'2019-08-02 13:00:00','2019-08-02 14:00:00',0,null,null,null,null,null,null,'bookly','2019-06-11 10:59:32' );
INSERT INTO wp_bookly_payments ( id,coupon_id,type,total,tax,paid,paid_type,gateway_price_correction,status,details,created )VALUES( 1360,null,'stripe',248.6,28.6,248.6,'in_full',0.00,'completed','{"items":[{"ca_id":1360,"appointment_date":"2019-08-02 13:00:00","service_name":"Lounge","service_price":55,"service_tax":"7.15","wait_listed":false,"deposit_format":null,"number_of_persons":1,"units":"1","duration":"3600","staff_name":"Lounge","extras":[]}],"coupon":null,"subtotal":{"price":275,"deposit":0},"customer":"Ann Chau","tax_in_price":"excluded","tax_paid":"28.60","extras_multiply_nop":1}','2019-06-11 10:59:32' );
INSERT INTO wp_bookly_customer_appointments ( id,series_id,package_id,customer_id,appointment_id,payment_id,number_of_persons,units,notes,extras,extras_multiply_nop,extras_consider_duration,custom_fields,status,status_changed_at,token,time_zone,time_zone_offset,rating,rating_comment,locale,collaborative_service_id,collaborative_token,compound_service_id,compound_token,created_from,created )VALUES( 1360,null,null,1357,1360,1360,1,1,'We will be booking two rooms to accommodate our students. ','[]',1,1,'[{"id":43107,"value":"Eugene"},{"id":51989,"value":"Music Video"},{"id":27913,"value":""},{"id":72188,"value":["I agree to <a href="https:\/\/www.mintroom.ca\/Terms_and_Conditions.pdf?v=11122018" target="_blank">Terms and Conditions<\/a>"]},{"id":85555,"value":["I agree there will be no more than 10 guests in the room per booking"]},{"id":27913,"value":" "},{"id":87958,"value":[]},{"id":45932,"value":[]}]','approved',null,null,null,null,null,null,null,null,null,null,null,'frontend','2019-06-11 10:59:32' );
INSERT INTO wp_bookly_appointments ( id,location_id,staff_id,staff_any,service_id,custom_service_name,custom_service_price,start_date,end_date,extras_duration,internal_note,google_event_id,google_event_etag,outlook_event_id,outlook_event_change_key,outlook_event_series_id,created_from,created )VALUES( 1361,null,12,0,7,null,null,'2019-08-02 14:00:00','2019-08-02 15:00:00',0,null,null,null,null,null,null,'bookly','2019-06-11 10:59:32' );
INSERT INTO wp_bookly_payments ( id,coupon_id,type,total,tax,paid,paid_type,gateway_price_correction,status,details,created )VALUES( 1361,null,'stripe',248.6,28.6,248.6,'in_full',0.00,'completed','{"items":[{"ca_id":1361,"appointment_date":"2019-08-02 14:00:00","service_name":"Lounge","service_price":55,"service_tax":"7.15","wait_listed":false,"deposit_format":null,"number_of_persons":1,"units":"1","duration":"3600","staff_name":"Lounge","extras":[]}],"coupon":null,"subtotal":{"price":275,"deposit":0},"customer":"Ann Chau","tax_in_price":"excluded","tax_paid":"28.60","extras_multiply_nop":1}','2019-06-11 10:59:32' );
INSERT INTO wp_bookly_customer_appointments ( id,series_id,package_id,customer_id,appointment_id,payment_id,number_of_persons,units,notes,extras,extras_multiply_nop,extras_consider_duration,custom_fields,status,status_changed_at,token,time_zone,time_zone_offset,rating,rating_comment,locale,collaborative_service_id,collaborative_token,compound_service_id,compound_token,created_from,created )VALUES( 1361,null,null,1357,1361,1361,1,1,'We will be booking two rooms to accommodate our students. ','[]',1,1,'[{"id":43107,"value":"Eugene"},{"id":51989,"value":"Music Video"},{"id":27913,"value":""},{"id":72188,"value":["I agree to <a href="https:\/\/www.mintroom.ca\/Terms_and_Conditions.pdf?v=11122018" target="_blank">Terms and Conditions<\/a>"]},{"id":85555,"value":["I agree there will be no more than 10 guests in the room per booking"]},{"id":27913,"value":" "},{"id":87958,"value":[]},{"id":45932,"value":[]}]','approved',null,null,null,null,null,null,null,null,null,null,null,'frontend','2019-06-11 10:59:32' );
INSERT INTO wp_bookly_appointments ( id,location_id,staff_id,staff_any,service_id,custom_service_name,custom_service_price,start_date,end_date,extras_duration,internal_note,google_event_id,google_event_etag,outlook_event_id,outlook_event_change_key,outlook_event_series_id,created_from,created )VALUES( 1362,null,9,0,4,null,null,'2019-08-02 10:00:00','2019-08-02 11:00:00',0,null,null,null,null,null,null,'bookly','2019-06-11 10:59:32' );
INSERT INTO wp_bookly_payments ( id,coupon_id,type,total,tax,paid,paid_type,gateway_price_correction,status,details,created )VALUES( 1362,null,'stripe',325.44,37.44,325.44,'in_full',0.00,'completed','{"items":[{"ca_id":1362,"appointment_date":"2019-08-02 10:00:00","service_name":"Ballroom","service_price":90,"service_tax":"11.70","wait_listed":false,"deposit_format":null,"number_of_persons":1,"units":"1","duration":"3600","staff_name":"Ballroom","extras":[]}],"coupon":null,"subtotal":{"price":360,"deposit":0},"customer":"Ann Chau","tax_in_price":"excluded","tax_paid":"37.44","extras_multiply_nop":1}','2019-06-11 10:59:32' );
INSERT INTO wp_bookly_customer_appointments ( id,series_id,package_id,customer_id,appointment_id,payment_id,number_of_persons,units,notes,extras,extras_multiply_nop,extras_consider_duration,custom_fields,status,status_changed_at,token,time_zone,time_zone_offset,rating,rating_comment,locale,collaborative_service_id,collaborative_token,compound_service_id,compound_token,created_from,created )VALUES( 1362,null,null,1357,1362,1362,1,1,'We are booking two simultaneous rooms. ','[]',1,1,'[{"id":43107,"value":"Eugene"},{"id":51989,"value":"Music Video"},{"id":27913,"value":""},{"id":72188,"value":["I agree to <a href="https:\/\/www.mintroom.ca\/Terms_and_Conditions.pdf?v=11122018" target="_blank">Terms and Conditions<\/a>"]},{"id":85555,"value":["I agree there will be no more than 10 guests in the room per booking"]},{"id":27913,"value":" "},{"id":87958,"value":[]},{"id":45932,"value":[]}]','approved',null,null,null,null,null,null,null,null,null,null,null,'frontend','2019-06-11 10:59:32' );
INSERT INTO wp_bookly_appointments ( id,location_id,staff_id,staff_any,service_id,custom_service_name,custom_service_price,start_date,end_date,extras_duration,internal_note,google_event_id,google_event_etag,outlook_event_id,outlook_event_change_key,outlook_event_series_id,created_from,created )VALUES( 1363,null,9,0,4,null,null,'2019-08-02 11:00:00','2019-08-02 12:00:00',0,null,null,null,null,null,null,'bookly','2019-06-11 10:59:32' );
INSERT INTO wp_bookly_payments ( id,coupon_id,type,total,tax,paid,paid_type,gateway_price_correction,status,details,created )VALUES( 1363,null,'stripe',325.44,37.44,325.44,'in_full',0.00,'completed','{"items":[{"ca_id":1363,"appointment_date":"2019-08-02 11:00:00","service_name":"Ballroom","service_price":90,"service_tax":"11.70","wait_listed":false,"deposit_format":null,"number_of_persons":1,"units":"1","duration":"3600","staff_name":"Ballroom","extras":[]}],"coupon":null,"subtotal":{"price":360,"deposit":0},"customer":"Ann Chau","tax_in_price":"excluded","tax_paid":"37.44","extras_multiply_nop":1}','2019-06-11 10:59:32' );
INSERT INTO wp_bookly_customer_appointments ( id,series_id,package_id,customer_id,appointment_id,payment_id,number_of_persons,units,notes,extras,extras_multiply_nop,extras_consider_duration,custom_fields,status,status_changed_at,token,time_zone,time_zone_offset,rating,rating_comment,locale,collaborative_service_id,collaborative_token,compound_service_id,compound_token,created_from,created )VALUES( 1363,null,null,1357,1363,1363,1,1,'We are booking two simultaneous rooms. ','[]',1,1,'[{"id":43107,"value":"Eugene"},{"id":51989,"value":"Music Video"},{"id":27913,"value":""},{"id":72188,"value":["I agree to <a href="https:\/\/www.mintroom.ca\/Terms_and_Conditions.pdf?v=11122018" target="_blank">Terms and Conditions<\/a>"]},{"id":85555,"value":["I agree there will be no more than 10 guests in the room per booking"]},{"id":27913,"value":" "},{"id":87958,"value":[]},{"id":45932,"value":[]}]','approved',null,null,null,null,null,null,null,null,null,null,null,'frontend','2019-06-11 10:59:32' );
INSERT INTO wp_bookly_appointments ( id,location_id,staff_id,staff_any,service_id,custom_service_name,custom_service_price,start_date,end_date,extras_duration,internal_note,google_event_id,google_event_etag,outlook_event_id,outlook_event_change_key,outlook_event_series_id,created_from,created )VALUES( 1364,null,9,0,4,null,null,'2019-08-02 12:00:00','2019-08-02 13:00:00',0,null,null,null,null,null,null,'bookly','2019-06-11 10:59:32' );
INSERT INTO wp_bookly_payments ( id,coupon_id,type,total,tax,paid,paid_type,gateway_price_correction,status,details,created )VALUES( 1364,null,'stripe',325.44,37.44,325.44,'in_full',0.00,'completed','{"items":[{"ca_id":1364,"appointment_date":"2019-08-02 12:00:00","service_name":"Ballroom","service_price":90,"service_tax":"11.70","wait_listed":false,"deposit_format":null,"number_of_persons":1,"units":"1","duration":"3600","staff_name":"Ballroom","extras":[]}],"coupon":null,"subtotal":{"price":360,"deposit":0},"customer":"Ann Chau","tax_in_price":"excluded","tax_paid":"37.44","extras_multiply_nop":1}','2019-06-11 10:59:32' );
INSERT INTO wp_bookly_customer_appointments ( id,series_id,package_id,customer_id,appointment_id,payment_id,number_of_persons,units,notes,extras,extras_multiply_nop,extras_consider_duration,custom_fields,status,status_changed_at,token,time_zone,time_zone_offset,rating,rating_comment,locale,collaborative_service_id,collaborative_token,compound_service_id,compound_token,created_from,created )VALUES( 1364,null,null,1357,1364,1364,1,1,'We are booking two simultaneous rooms. ','[]',1,1,'[{"id":43107,"value":"Eugene"},{"id":51989,"value":"Music Video"},{"id":27913,"value":""},{"id":72188,"value":["I agree to <a href="https:\/\/www.mintroom.ca\/Terms_and_Conditions.pdf?v=11122018" target="_blank">Terms and Conditions<\/a>"]},{"id":85555,"value":["I agree there will be no more than 10 guests in the room per booking"]},{"id":27913,"value":" "},{"id":87958,"value":[]},{"id":45932,"value":[]}]','approved',null,null,null,null,null,null,null,null,null,null,null,'frontend','2019-06-11 10:59:32' );
INSERT INTO wp_bookly_appointments ( id,location_id,staff_id,staff_any,service_id,custom_service_name,custom_service_price,start_date,end_date,extras_duration,internal_note,google_event_id,google_event_etag,outlook_event_id,outlook_event_change_key,outlook_event_series_id,created_from,created )VALUES( 1365,null,9,0,4,null,null,'2019-08-02 13:00:00','2019-08-02 14:00:00',0,null,null,null,null,null,null,'bookly','2019-06-11 10:59:32' );
INSERT INTO wp_bookly_payments ( id,coupon_id,type,total,tax,paid,paid_type,gateway_price_correction,status,details,created )VALUES( 1365,null,'stripe',325.44,37.44,325.44,'in_full',0.00,'completed','{"items":[{"ca_id":1365,"appointment_date":"2019-08-02 13:00:00","service_name":"Ballroom","service_price":90,"service_tax":"11.70","wait_listed":false,"deposit_format":null,"number_of_persons":1,"units":"1","duration":"3600","staff_name":"Ballroom","extras":[]}],"coupon":null,"subtotal":{"price":360,"deposit":0},"customer":"Ann Chau","tax_in_price":"excluded","tax_paid":"37.44","extras_multiply_nop":1}','2019-06-11 10:59:32' );
INSERT INTO wp_bookly_customer_appointments ( id,series_id,package_id,customer_id,appointment_id,payment_id,number_of_persons,units,notes,extras,extras_multiply_nop,extras_consider_duration,custom_fields,status,status_changed_at,token,time_zone,time_zone_offset,rating,rating_comment,locale,collaborative_service_id,collaborative_token,compound_service_id,compound_token,created_from,created )VALUES( 1365,null,null,1357,1365,1365,1,1,'We are booking two simultaneous rooms. ','[]',1,1,'[{"id":43107,"value":"Eugene"},{"id":51989,"value":"Music Video"},{"id":27913,"value":""},{"id":72188,"value":["I agree to <a href="https:\/\/www.mintroom.ca\/Terms_and_Conditions.pdf?v=11122018" target="_blank">Terms and Conditions<\/a>"]},{"id":85555,"value":["I agree there will be no more than 10 guests in the room per booking"]},{"id":27913,"value":" "},{"id":87958,"value":[]},{"id":45932,"value":[]}]','approved',null,null,null,null,null,null,null,null,null,null,null,'frontend','2019-06-11 10:59:32' );
INSERT INTO wp_bookly_appointments ( id,location_id,staff_id,staff_any,service_id,custom_service_name,custom_service_price,start_date,end_date,extras_duration,internal_note,google_event_id,google_event_etag,outlook_event_id,outlook_event_change_key,outlook_event_series_id,created_from,created )VALUES( 1366,null,11,0,6,null,null,'2019-08-02 14:00:00','2019-08-02 15:00:00',0,null,null,null,null,null,null,'bookly','2019-06-11 10:59:32' );
INSERT INTO wp_bookly_payments ( id,coupon_id,type,total,tax,paid,paid_type,gateway_price_correction,status,details,created )VALUES( 1366,null,'stripe',101.7,11.7,101.7,'in_full',0.00,'completed','{"items":[{"ca_id":1366,"appointment_date":"2019-08-02 14:00:00","service_name":"Library","service_price":90,"service_tax":"11.70","wait_listed":false,"deposit_format":null,"number_of_persons":1,"units":"1","duration":"3600","staff_name":"Library","extras":[]}],"coupon":null,"subtotal":{"price":90,"deposit":0},"customer":"Ann Chau","tax_in_price":"excluded","tax_paid":"11.70","extras_multiply_nop":1}','2019-06-11 10:59:32' );
INSERT INTO wp_bookly_customer_appointments ( id,series_id,package_id,customer_id,appointment_id,payment_id,number_of_persons,units,notes,extras,extras_multiply_nop,extras_consider_duration,custom_fields,status,status_changed_at,token,time_zone,time_zone_offset,rating,rating_comment,locale,collaborative_service_id,collaborative_token,compound_service_id,compound_token,created_from,created )VALUES( 1366,null,null,1357,1366,1366,1,1,'We are booking multiple. ','[]',1,1,'[{"id":43107,"value":"Eugene"},{"id":51989,"value":"Music Video"},{"id":27913,"value":""},{"id":72188,"value":["I agree to <a href="https:\/\/www.mintroom.ca\/Terms_and_Conditions.pdf?v=11122018" target="_blank">Terms and Conditions<\/a>"]},{"id":85555,"value":["I agree there will be no more than 10 guests in the room per booking"]},{"id":27913,"value":" "},{"id":87958,"value":[]},{"id":45932,"value":[]}]','approved',null,null,null,null,null,null,null,null,null,null,null,'frontend','2019-06-11 10:59:32' );
INSERT INTO wp_bookly_appointments ( id,location_id,staff_id,staff_any,service_id,custom_service_name,custom_service_price,start_date,end_date,extras_duration,internal_note,google_event_id,google_event_etag,outlook_event_id,outlook_event_change_key,outlook_event_series_id,created_from,created )VALUES( 1367,null,12,0,7,null,null,'2019-06-23 13:00:00','2019-06-23 14:00:00',0,null,null,null,null,null,null,'bookly','2019-06-11 10:59:32' );
INSERT INTO wp_bookly_customers ( id,wp_user_id,facebook_id,group_id,full_name,first_name,last_name,phone,email,birthday,country,state,postcode,city,street,street_number,additional_address,notes,info_fields,credit,created )VALUES( 1367,null,null,null,'Natasha Uhrig','Natasha Uhrig','','905-903-0185','natashauhrig@gmail.com*',null,'','','','','','','','',null,0,'2019-06-11 10:59:32' );
INSERT INTO wp_bookly_payments ( id,coupon_id,type,total,tax,paid,paid_type,gateway_price_correction,status,details,created )VALUES( 1367,null,'stripe',186.45,21.45,186.45,'in_full',0.00,'completed','{"items":[{"ca_id":1367,"appointment_date":"2019-06-23 13:00:00","service_name":"Lounge","service_price":55,"service_tax":"7.15","wait_listed":false,"deposit_format":null,"number_of_persons":1,"units":"1","duration":"3600","staff_name":"Lounge","extras":[]}],"coupon":null,"subtotal":{"price":165,"deposit":0},"customer":"Natasha Uhrig","tax_in_price":"excluded","tax_paid":"21.45","extras_multiply_nop":1}','2019-06-11 10:59:32' );
INSERT INTO wp_bookly_customer_appointments ( id,series_id,package_id,customer_id,appointment_id,payment_id,number_of_persons,units,notes,extras,extras_multiply_nop,extras_consider_duration,custom_fields,status,status_changed_at,token,time_zone,time_zone_offset,rating,rating_comment,locale,collaborative_service_id,collaborative_token,compound_service_id,compound_token,created_from,created )VALUES( 1367,null,null,1367,1367,1367,1,1,'','[]',1,1,'[{"id":43107,"value":"Natasha Uhrig"},{"id":51989,"value":"Portrait"},{"id":27913,"value":""},{"id":72188,"value":["I agree to <a href="https:\/\/www.mintroom.ca\/Terms_and_Conditions.pdf?v=11122018" target="_blank">Terms and Conditions<\/a>"]},{"id":85555,"value":["I agree there will be no more than 10 guests in the room per booking"]},{"id":27913,"value":" "},{"id":87958,"value":[]},{"id":45932,"value":[]}]','approved',null,null,null,null,null,null,null,null,null,null,null,'frontend','2019-06-11 10:59:32' );
INSERT INTO wp_bookly_appointments ( id,location_id,staff_id,staff_any,service_id,custom_service_name,custom_service_price,start_date,end_date,extras_duration,internal_note,google_event_id,google_event_etag,outlook_event_id,outlook_event_change_key,outlook_event_series_id,created_from,created )VALUES( 1368,null,12,0,7,null,null,'2019-06-23 14:00:00','2019-06-23 15:00:00',0,null,null,null,null,null,null,'bookly','2019-06-11 10:59:32' );
INSERT INTO wp_bookly_payments ( id,coupon_id,type,total,tax,paid,paid_type,gateway_price_correction,status,details,created )VALUES( 1368,null,'stripe',186.45,21.45,186.45,'in_full',0.00,'completed','{"items":[{"ca_id":1368,"appointment_date":"2019-06-23 14:00:00","service_name":"Lounge","service_price":55,"service_tax":"7.15","wait_listed":false,"deposit_format":null,"number_of_persons":1,"units":"1","duration":"3600","staff_name":"Lounge","extras":[]}],"coupon":null,"subtotal":{"price":165,"deposit":0},"customer":"Natasha Uhrig","tax_in_price":"excluded","tax_paid":"21.45","extras_multiply_nop":1}','2019-06-11 10:59:32' );
INSERT INTO wp_bookly_customer_appointments ( id,series_id,package_id,customer_id,appointment_id,payment_id,number_of_persons,units,notes,extras,extras_multiply_nop,extras_consider_duration,custom_fields,status,status_changed_at,token,time_zone,time_zone_offset,rating,rating_comment,locale,collaborative_service_id,collaborative_token,compound_service_id,compound_token,created_from,created )VALUES( 1368,null,null,1367,1368,1368,1,1,'','[]',1,1,'[{"id":43107,"value":"Natasha Uhrig"},{"id":51989,"value":"Portrait"},{"id":27913,"value":""},{"id":72188,"value":["I agree to <a href="https:\/\/www.mintroom.ca\/Terms_and_Conditions.pdf?v=11122018" target="_blank">Terms and Conditions<\/a>"]},{"id":85555,"value":["I agree there will be no more than 10 guests in the room per booking"]},{"id":27913,"value":" "},{"id":87958,"value":[]},{"id":45932,"value":[]}]','approved',null,null,null,null,null,null,null,null,null,null,null,'frontend','2019-06-11 10:59:32' );
INSERT INTO wp_bookly_appointments ( id,location_id,staff_id,staff_any,service_id,custom_service_name,custom_service_price,start_date,end_date,extras_duration,internal_note,google_event_id,google_event_etag,outlook_event_id,outlook_event_change_key,outlook_event_series_id,created_from,created )VALUES( 1369,null,12,0,7,null,null,'2019-06-23 15:00:00','2019-06-23 16:00:00',0,null,null,null,null,null,null,'bookly','2019-06-11 10:59:32' );
INSERT INTO wp_bookly_payments ( id,coupon_id,type,total,tax,paid,paid_type,gateway_price_correction,status,details,created )VALUES( 1369,null,'stripe',186.45,21.45,186.45,'in_full',0.00,'completed','{"items":[{"ca_id":1369,"appointment_date":"2019-06-23 15:00:00","service_name":"Lounge","service_price":55,"service_tax":"7.15","wait_listed":false,"deposit_format":null,"number_of_persons":1,"units":"1","duration":"3600","staff_name":"Lounge","extras":[]}],"coupon":null,"subtotal":{"price":165,"deposit":0},"customer":"Natasha Uhrig","tax_in_price":"excluded","tax_paid":"21.45","extras_multiply_nop":1}','2019-06-11 10:59:32' );
INSERT INTO wp_bookly_customer_appointments ( id,series_id,package_id,customer_id,appointment_id,payment_id,number_of_persons,units,notes,extras,extras_multiply_nop,extras_consider_duration,custom_fields,status,status_changed_at,token,time_zone,time_zone_offset,rating,rating_comment,locale,collaborative_service_id,collaborative_token,compound_service_id,compound_token,created_from,created )VALUES( 1369,null,null,1367,1369,1369,1,1,'','[]',1,1,'[{"id":43107,"value":"Natasha Uhrig"},{"id":51989,"value":"Portrait"},{"id":27913,"value":""},{"id":72188,"value":["I agree to <a href="https:\/\/www.mintroom.ca\/Terms_and_Conditions.pdf?v=11122018" target="_blank">Terms and Conditions<\/a>"]},{"id":85555,"value":["I agree there will be no more than 10 guests in the room per booking"]},{"id":27913,"value":" "},{"id":87958,"value":[]},{"id":45932,"value":[]}]','approved',null,null,null,null,null,null,null,null,null,null,null,'frontend','2019-06-11 10:59:32' );
INSERT INTO wp_bookly_appointments ( id,location_id,staff_id,staff_any,service_id,custom_service_name,custom_service_price,start_date,end_date,extras_duration,internal_note,google_event_id,google_event_etag,outlook_event_id,outlook_event_change_key,outlook_event_series_id,created_from,created )VALUES( 1370,null,10,0,5,null,null,'2019-08-06 16:00:00','2019-08-06 17:00:00',0,null,null,null,null,null,null,'bookly','2019-06-11 10:59:32' );
INSERT INTO wp_bookly_customers ( id,wp_user_id,facebook_id,group_id,full_name,first_name,last_name,phone,email,birthday,country,state,postcode,city,street,street_number,additional_address,notes,info_fields,credit,created )VALUES( 1370,null,null,null,'Paula Visco','Paula Visco','','647 402 3486','paula@paulvisco.com*',null,'','','','','','','','',null,0,'2019-06-11 10:59:32' );
INSERT INTO wp_bookly_payments ( id,coupon_id,type,total,tax,paid,paid_type,gateway_price_correction,status,details,created )VALUES( 1370,null,'stripe',101.7,11.7,101.7,'in_full',0.00,'completed','{"items":[{"ca_id":1370,"appointment_date":"2019-08-06 16:00:00","service_name":"Conservatory","service_price":90,"service_tax":"11.70","wait_listed":false,"deposit_format":null,"number_of_persons":1,"units":"1","duration":"3600","staff_name":"Conservatory","extras":[]}],"coupon":null,"subtotal":{"price":90,"deposit":0},"customer":"Paula Visco","tax_in_price":"excluded","tax_paid":"11.70","extras_multiply_nop":1}','2019-06-11 10:59:32' );
INSERT INTO wp_bookly_customer_appointments ( id,series_id,package_id,customer_id,appointment_id,payment_id,number_of_persons,units,notes,extras,extras_multiply_nop,extras_consider_duration,custom_fields,status,status_changed_at,token,time_zone,time_zone_offset,rating,rating_comment,locale,collaborative_service_id,collaborative_token,compound_service_id,compound_token,created_from,created )VALUES( 1370,null,null,1370,1370,1370,1,1,'','[]',1,1,'[{"id":43107,"value":"Paula Visco"},{"id":51989,"value":"Portrait"},{"id":27913,"value":""},{"id":72188,"value":["I agree to <a href="https:\/\/www.mintroom.ca\/Terms_and_Conditions.pdf?v=11122018" target="_blank">Terms and Conditions<\/a>"]},{"id":85555,"value":["I agree there will be no more than 10 guests in the room per booking"]},{"id":27913,"value":" "},{"id":87958,"value":[]},{"id":45932,"value":[]}]','approved',null,null,null,null,null,null,null,null,null,null,null,'frontend','2019-06-11 10:59:32' );
INSERT INTO wp_bookly_appointments ( id,location_id,staff_id,staff_any,service_id,custom_service_name,custom_service_price,start_date,end_date,extras_duration,internal_note,google_event_id,google_event_etag,outlook_event_id,outlook_event_change_key,outlook_event_series_id,created_from,created )VALUES( 1371,null,11,0,6,null,null,'2019-06-23 14:00:00','2019-06-23 15:00:00',0,null,null,null,null,null,null,'bookly','2019-06-11 10:59:32' );
INSERT INTO wp_bookly_customers ( id,wp_user_id,facebook_id,group_id,full_name,first_name,last_name,phone,email,birthday,country,state,postcode,city,street,street_number,additional_address,notes,info_fields,credit,created )VALUES( 1371,null,null,null,'Christine Manipula','Christine Manipula','','2894008463','msmanipula@gmail.com*',null,'','','','','','','','',null,0,'2019-06-11 10:59:32' );
INSERT INTO wp_bookly_payments ( id,coupon_id,type,total,tax,paid,paid_type,gateway_price_correction,status,details,created )VALUES( 1371,null,'stripe',101.7,11.7,101.7,'in_full',0.00,'completed','{"items":[{"ca_id":1371,"appointment_date":"2019-06-23 14:00:00","service_name":"Library","service_price":90,"service_tax":"11.70","wait_listed":false,"deposit_format":null,"number_of_persons":1,"units":"1","duration":"3600","staff_name":"Library","extras":[]}],"coupon":null,"subtotal":{"price":90,"deposit":0},"customer":"Christine Manipula","tax_in_price":"excluded","tax_paid":"11.70","extras_multiply_nop":1}','2019-06-11 10:59:32' );
INSERT INTO wp_bookly_customer_appointments ( id,series_id,package_id,customer_id,appointment_id,payment_id,number_of_persons,units,notes,extras,extras_multiply_nop,extras_consider_duration,custom_fields,status,status_changed_at,token,time_zone,time_zone_offset,rating,rating_comment,locale,collaborative_service_id,collaborative_token,compound_service_id,compound_token,created_from,created )VALUES( 1371,null,null,1371,1371,1371,1,1,'','[]',1,1,'[{"id":43107,"value":"Andrew Saunders"},{"id":51989,"value":"Engagement"},{"id":27913,"value":""},{"id":72188,"value":["I agree to <a href="https:\/\/www.mintroom.ca\/Terms_and_Conditions.pdf?v=11122018" target="_blank">Terms and Conditions<\/a>"]},{"id":85555,"value":["I agree there will be no more than 10 guests in the room per booking"]},{"id":27913,"value":" "},{"id":87958,"value":[]},{"id":45932,"value":[]}]','approved',null,null,null,null,null,null,null,null,null,null,null,'frontend','2019-06-11 10:59:32' );
INSERT INTO wp_bookly_appointments ( id,location_id,staff_id,staff_any,service_id,custom_service_name,custom_service_price,start_date,end_date,extras_duration,internal_note,google_event_id,google_event_etag,outlook_event_id,outlook_event_change_key,outlook_event_series_id,created_from,created )VALUES( 1372,null,12,0,7,null,null,'2019-06-29 15:00:00','2019-06-29 16:00:00',0,null,null,null,null,null,null,'bookly','2019-06-11 10:59:32' );
INSERT INTO wp_bookly_customers ( id,wp_user_id,facebook_id,group_id,full_name,first_name,last_name,phone,email,birthday,country,state,postcode,city,street,street_number,additional_address,notes,info_fields,credit,created )VALUES( 1372,null,null,null,'Jocelyn Wong','Jocelyn Wong','','5193180927','Hello@jocelynw.ca*',null,'','','','','','','','',null,0,'2019-06-11 10:59:32' );
INSERT INTO wp_bookly_payments ( id,coupon_id,type,total,tax,paid,paid_type,gateway_price_correction,status,details,created )VALUES( 1372,null,'stripe',186.45,21.45,186.45,'in_full',0.00,'completed','{"items":[{"ca_id":1372,"appointment_date":"2019-06-29 15:00:00","service_name":"Lounge","service_price":55,"service_tax":"7.15","wait_listed":false,"deposit_format":null,"number_of_persons":1,"units":"1","duration":"3600","staff_name":"Lounge","extras":[]}],"coupon":null,"subtotal":{"price":165,"deposit":0},"customer":"Jocelyn Wong","tax_in_price":"excluded","tax_paid":"21.45","extras_multiply_nop":1}','2019-06-11 10:59:32' );
INSERT INTO wp_bookly_customer_appointments ( id,series_id,package_id,customer_id,appointment_id,payment_id,number_of_persons,units,notes,extras,extras_multiply_nop,extras_consider_duration,custom_fields,status,status_changed_at,token,time_zone,time_zone_offset,rating,rating_comment,locale,collaborative_service_id,collaborative_token,compound_service_id,compound_token,created_from,created )VALUES( 1372,null,null,1372,1372,1372,1,1,'','[]',1,1,'[{"id":43107,"value":"Jocelyn Wong"},{"id":51989,"value":"Bridal"},{"id":27913,"value":""},{"id":72188,"value":["I agree to <a href="https:\/\/www.mintroom.ca\/Terms_and_Conditions.pdf?v=11122018" target="_blank">Terms and Conditions<\/a>"]},{"id":85555,"value":["I agree there will be no more than 10 guests in the room per booking"]},{"id":27913,"value":" "},{"id":87958,"value":[]},{"id":45932,"value":[]}]','approved',null,null,null,null,null,null,null,null,null,null,null,'frontend','2019-06-11 10:59:32' );
INSERT INTO wp_bookly_appointments ( id,location_id,staff_id,staff_any,service_id,custom_service_name,custom_service_price,start_date,end_date,extras_duration,internal_note,google_event_id,google_event_etag,outlook_event_id,outlook_event_change_key,outlook_event_series_id,created_from,created )VALUES( 1373,null,12,0,7,null,null,'2019-06-29 16:00:00','2019-06-29 17:00:00',0,null,null,null,null,null,null,'bookly','2019-06-11 10:59:32' );
INSERT INTO wp_bookly_payments ( id,coupon_id,type,total,tax,paid,paid_type,gateway_price_correction,status,details,created )VALUES( 1373,null,'stripe',186.45,21.45,186.45,'in_full',0.00,'completed','{"items":[{"ca_id":1373,"appointment_date":"2019-06-29 16:00:00","service_name":"Lounge","service_price":55,"service_tax":"7.15","wait_listed":false,"deposit_format":null,"number_of_persons":1,"units":"1","duration":"3600","staff_name":"Lounge","extras":[]}],"coupon":null,"subtotal":{"price":165,"deposit":0},"customer":"Jocelyn Wong","tax_in_price":"excluded","tax_paid":"21.45","extras_multiply_nop":1}','2019-06-11 10:59:32' );
INSERT INTO wp_bookly_customer_appointments ( id,series_id,package_id,customer_id,appointment_id,payment_id,number_of_persons,units,notes,extras,extras_multiply_nop,extras_consider_duration,custom_fields,status,status_changed_at,token,time_zone,time_zone_offset,rating,rating_comment,locale,collaborative_service_id,collaborative_token,compound_service_id,compound_token,created_from,created )VALUES( 1373,null,null,1372,1373,1373,1,1,'','[]',1,1,'[{"id":43107,"value":"Jocelyn Wong"},{"id":51989,"value":"Bridal"},{"id":27913,"value":""},{"id":72188,"value":["I agree to <a href="https:\/\/www.mintroom.ca\/Terms_and_Conditions.pdf?v=11122018" target="_blank">Terms and Conditions<\/a>"]},{"id":85555,"value":["I agree there will be no more than 10 guests in the room per booking"]},{"id":27913,"value":" "},{"id":87958,"value":[]},{"id":45932,"value":[]}]','approved',null,null,null,null,null,null,null,null,null,null,null,'frontend','2019-06-11 10:59:32' );
INSERT INTO wp_bookly_appointments ( id,location_id,staff_id,staff_any,service_id,custom_service_name,custom_service_price,start_date,end_date,extras_duration,internal_note,google_event_id,google_event_etag,outlook_event_id,outlook_event_change_key,outlook_event_series_id,created_from,created )VALUES( 1374,null,12,0,7,null,null,'2019-06-29 17:00:00','2019-06-29 18:00:00',0,null,null,null,null,null,null,'bookly','2019-06-11 10:59:32' );
INSERT INTO wp_bookly_payments ( id,coupon_id,type,total,tax,paid,paid_type,gateway_price_correction,status,details,created )VALUES( 1374,null,'stripe',186.45,21.45,186.45,'in_full',0.00,'completed','{"items":[{"ca_id":1374,"appointment_date":"2019-06-29 17:00:00","service_name":"Lounge","service_price":55,"service_tax":"7.15","wait_listed":false,"deposit_format":null,"number_of_persons":1,"units":"1","duration":"3600","staff_name":"Lounge","extras":[]}],"coupon":null,"subtotal":{"price":165,"deposit":0},"customer":"Jocelyn Wong","tax_in_price":"excluded","tax_paid":"21.45","extras_multiply_nop":1}','2019-06-11 10:59:32' );
INSERT INTO wp_bookly_customer_appointments ( id,series_id,package_id,customer_id,appointment_id,payment_id,number_of_persons,units,notes,extras,extras_multiply_nop,extras_consider_duration,custom_fields,status,status_changed_at,token,time_zone,time_zone_offset,rating,rating_comment,locale,collaborative_service_id,collaborative_token,compound_service_id,compound_token,created_from,created )VALUES( 1374,null,null,1372,1374,1374,1,1,'','[]',1,1,'[{"id":43107,"value":"Jocelyn Wong"},{"id":51989,"value":"Bridal"},{"id":27913,"value":""},{"id":72188,"value":["I agree to <a href="https:\/\/www.mintroom.ca\/Terms_and_Conditions.pdf?v=11122018" target="_blank">Terms and Conditions<\/a>"]},{"id":85555,"value":["I agree there will be no more than 10 guests in the room per booking"]},{"id":27913,"value":" "},{"id":87958,"value":[]},{"id":45932,"value":[]}]','approved',null,null,null,null,null,null,null,null,null,null,null,'frontend','2019-06-11 10:59:32' );
INSERT INTO wp_bookly_appointments ( id,location_id,staff_id,staff_any,service_id,custom_service_name,custom_service_price,start_date,end_date,extras_duration,internal_note,google_event_id,google_event_etag,outlook_event_id,outlook_event_change_key,outlook_event_series_id,created_from,created )VALUES( 1375,null,12,0,7,null,null,'2019-08-24 11:00:00','2019-08-24 12:00:00',0,null,null,null,null,null,null,'bookly','2019-06-11 10:59:32' );
INSERT INTO wp_bookly_customers ( id,wp_user_id,facebook_id,group_id,full_name,first_name,last_name,phone,email,birthday,country,state,postcode,city,street,street_number,additional_address,notes,info_fields,credit,created )VALUES( 1375,null,null,null,'Ashley Ciona','Ashley Ciona','','905-745-3414','ashleyciona@gmail.com*',null,'','','','','','','','',null,0,'2019-06-11 10:59:32' );
INSERT INTO wp_bookly_payments ( id,coupon_id,type,total,tax,paid,paid_type,gateway_price_correction,status,details,created )VALUES( 1375,null,'stripe',62.15,7.15,62.15,'in_full',0.00,'completed','{"items":[{"ca_id":1375,"appointment_date":"2019-08-24 11:00:00","service_name":"Lounge","service_price":55,"service_tax":"7.15","wait_listed":false,"deposit_format":null,"number_of_persons":1,"units":"1","duration":"3600","staff_name":"Lounge","extras":[]}],"coupon":null,"subtotal":{"price":55,"deposit":0},"customer":"Ashley Ciona","tax_in_price":"excluded","tax_paid":"7.15","extras_multiply_nop":1}','2019-06-11 10:59:32' );
INSERT INTO wp_bookly_customer_appointments ( id,series_id,package_id,customer_id,appointment_id,payment_id,number_of_persons,units,notes,extras,extras_multiply_nop,extras_consider_duration,custom_fields,status,status_changed_at,token,time_zone,time_zone_offset,rating,rating_comment,locale,collaborative_service_id,collaborative_token,compound_service_id,compound_token,created_from,created )VALUES( 1375,null,null,1375,1375,1375,1,1,'','[]',1,1,'[{"id":43107,"value":"Ashley Ciona"},{"id":51989,"value":"Portrait"},{"id":27913,"value":""},{"id":72188,"value":["I agree to <a href="https:\/\/www.mintroom.ca\/Terms_and_Conditions.pdf?v=11122018" target="_blank">Terms and Conditions<\/a>"]},{"id":85555,"value":["I agree there will be no more than 10 guests in the room per booking"]},{"id":27913,"value":" "},{"id":87958,"value":[]},{"id":45932,"value":[]}]','approved',null,null,null,null,null,null,null,null,null,null,null,'frontend','2019-06-11 10:59:32' );
INSERT INTO wp_bookly_appointments ( id,location_id,staff_id,staff_any,service_id,custom_service_name,custom_service_price,start_date,end_date,extras_duration,internal_note,google_event_id,google_event_etag,outlook_event_id,outlook_event_change_key,outlook_event_series_id,created_from,created )VALUES( 1376,null,9,0,4,null,null,'2019-08-24 12:00:00','2019-08-24 13:00:00',0,null,null,null,null,null,null,'bookly','2019-06-11 10:59:32' );
INSERT INTO wp_bookly_payments ( id,coupon_id,type,total,tax,paid,paid_type,gateway_price_correction,status,details,created )VALUES( 1376,null,'stripe',101.7,11.7,101.7,'in_full',0.00,'completed','{"items":[{"ca_id":1376,"appointment_date":"2019-08-24 12:00:00","service_name":"Ballroom","service_price":90,"service_tax":"11.70","wait_listed":false,"deposit_format":null,"number_of_persons":1,"units":"1","duration":"3600","staff_name":"Ballroom","extras":[]}],"coupon":null,"subtotal":{"price":90,"deposit":0},"customer":"Ashley Ciona","tax_in_price":"excluded","tax_paid":"11.70","extras_multiply_nop":1}','2019-06-11 10:59:32' );
INSERT INTO wp_bookly_customer_appointments ( id,series_id,package_id,customer_id,appointment_id,payment_id,number_of_persons,units,notes,extras,extras_multiply_nop,extras_consider_duration,custom_fields,status,status_changed_at,token,time_zone,time_zone_offset,rating,rating_comment,locale,collaborative_service_id,collaborative_token,compound_service_id,compound_token,created_from,created )VALUES( 1376,null,null,1375,1376,1376,1,1,'','[]',1,1,'[{"id":43107,"value":"Ashley Ciona"},{"id":51989,"value":"Portrait"},{"id":27913,"value":""},{"id":72188,"value":["I agree to <a href="https:\/\/www.mintroom.ca\/Terms_and_Conditions.pdf?v=11122018" target="_blank">Terms and Conditions<\/a>"]},{"id":85555,"value":["I agree there will be no more than 10 guests in the room per booking"]},{"id":27913,"value":" "},{"id":87958,"value":[]},{"id":45932,"value":[]}]','approved',null,null,null,null,null,null,null,null,null,null,null,'frontend','2019-06-11 10:59:32' );
INSERT INTO wp_bookly_appointments ( id,location_id,staff_id,staff_any,service_id,custom_service_name,custom_service_price,start_date,end_date,extras_duration,internal_note,google_event_id,google_event_etag,outlook_event_id,outlook_event_change_key,outlook_event_series_id,created_from,created )VALUES( 1377,null,12,0,7,null,null,'2019-06-19 15:00:00','2019-06-19 16:00:00',0,null,null,null,null,null,null,'bookly','2019-06-11 10:59:32' );
INSERT INTO wp_bookly_payments ( id,coupon_id,type,total,tax,paid,paid_type,gateway_price_correction,status,details,created )VALUES( 1377,null,'stripe',62.15,7.15,62.15,'in_full',0.00,'completed','{"items":[{"ca_id":1377,"appointment_date":"2019-06-19 15:00:00","service_name":"Lounge","service_price":55,"service_tax":"7.15","wait_listed":false,"deposit_format":null,"number_of_persons":1,"units":"1","duration":"3600","staff_name":"Lounge","extras":[]}],"coupon":null,"subtotal":{"price":55,"deposit":0},"customer":"Sobana Gugan","tax_in_price":"excluded","tax_paid":"7.15","extras_multiply_nop":1}','2019-06-11 10:59:32' );
INSERT INTO wp_bookly_customer_appointments ( id,series_id,package_id,customer_id,appointment_id,payment_id,number_of_persons,units,notes,extras,extras_multiply_nop,extras_consider_duration,custom_fields,status,status_changed_at,token,time_zone,time_zone_offset,rating,rating_comment,locale,collaborative_service_id,collaborative_token,compound_service_id,compound_token,created_from,created )VALUES( 1377,null,null,1297,1377,1377,1,1,'','[]',1,1,'[{"id":43107,"value":"Jana Digital dreams"},{"id":51989,"value":"Fashion"},{"id":27913,"value":""},{"id":72188,"value":["I agree to <a href="https:\/\/www.mintroom.ca\/Terms_and_Conditions.pdf?v=11122018" target="_blank">Terms and Conditions<\/a>"]},{"id":85555,"value":["I agree there will be no more than 10 guests in the room per booking"]},{"id":27913,"value":" "},{"id":87958,"value":[]},{"id":45932,"value":[]}]','approved',null,null,null,null,null,null,null,null,null,null,null,'frontend','2019-06-11 10:59:32' );
INSERT INTO wp_bookly_appointments ( id,location_id,staff_id,staff_any,service_id,custom_service_name,custom_service_price,start_date,end_date,extras_duration,internal_note,google_event_id,google_event_etag,outlook_event_id,outlook_event_change_key,outlook_event_series_id,created_from,created )VALUES( 1378,null,9,0,4,null,null,'2019-06-15 12:00:00','2019-06-15 13:00:00',0,null,null,null,null,null,null,'bookly','2019-06-11 10:59:32' );
INSERT INTO wp_bookly_customers ( id,wp_user_id,facebook_id,group_id,full_name,first_name,last_name,phone,email,birthday,country,state,postcode,city,street,street_number,additional_address,notes,info_fields,credit,created )VALUES( 1378,null,null,null,'Emily Pazzano','Emily Pazzano','','6479687463','emily.pazzano@hotmail.com*',null,'','','','','','','','',null,0,'2019-06-11 10:59:32' );
INSERT INTO wp_bookly_payments ( id,coupon_id,type,total,tax,paid,paid_type,gateway_price_correction,status,details,created )VALUES( 1378,null,'stripe',101.7,11.7,101.7,'in_full',0.00,'completed','{"items":[{"ca_id":1378,"appointment_date":"2019-06-15 12:00:00","service_name":"Ballroom","service_price":90,"service_tax":"11.70","wait_listed":false,"deposit_format":null,"number_of_persons":1,"units":"1","duration":"3600","staff_name":"Ballroom","extras":[]}],"coupon":null,"subtotal":{"price":90,"deposit":0},"customer":"Emily Pazzano","tax_in_price":"excluded","tax_paid":"11.70","extras_multiply_nop":1}','2019-06-11 10:59:32' );
INSERT INTO wp_bookly_customer_appointments ( id,series_id,package_id,customer_id,appointment_id,payment_id,number_of_persons,units,notes,extras,extras_multiply_nop,extras_consider_duration,custom_fields,status,status_changed_at,token,time_zone,time_zone_offset,rating,rating_comment,locale,collaborative_service_id,collaborative_token,compound_service_id,compound_token,created_from,created )VALUES( 1378,null,null,1378,1378,1378,1,1,'','[]',1,1,'[{"id":43107,"value":"Cassandra Goltsis "},{"id":51989,"value":"Family"},{"id":27913,"value":""},{"id":72188,"value":["I agree to <a href="https:\/\/www.mintroom.ca\/Terms_and_Conditions.pdf?v=11122018" target="_blank">Terms and Conditions<\/a>"]},{"id":85555,"value":["I agree there will be no more than 10 guests in the room per booking"]},{"id":27913,"value":" "},{"id":87958,"value":[]},{"id":45932,"value":[]}]','approved',null,null,null,null,null,null,null,null,null,null,null,'frontend','2019-06-11 10:59:32' );
INSERT INTO wp_bookly_appointments ( id,location_id,staff_id,staff_any,service_id,custom_service_name,custom_service_price,start_date,end_date,extras_duration,internal_note,google_event_id,google_event_etag,outlook_event_id,outlook_event_change_key,outlook_event_series_id,created_from,created )VALUES( 1379,null,10,0,5,null,null,'2019-06-22 09:00:00','2019-06-22 10:00:00',0,null,null,null,null,null,null,'bookly','2019-06-11 10:59:32' );
INSERT INTO wp_bookly_payments ( id,coupon_id,type,total,tax,paid,paid_type,gateway_price_correction,status,details,created )VALUES( 1379,50,'coupon',0,0,0,'in_full',0.00,'completed','{"items":[{"ca_id":1379,"appointment_date":"2019-06-22 09:00:00","service_name":"Conservatory","service_price":90,"service_tax":"11.70","wait_listed":false,"deposit_format":null,"number_of_persons":1,"units":"1","duration":"3600","staff_name":"Conservatory","extras":[]}],"coupon":{"code":"PT_HUGE","discount":100,"deduction":"0.00"},"subtotal":{"price":90,"deposit":0},"customer":"Melissa Marques","tax_in_price":"excluded","tax_paid":"0.00","extras_multiply_nop":1}','2019-06-11 10:59:32' );
INSERT INTO wp_bookly_customer_appointments ( id,series_id,package_id,customer_id,appointment_id,payment_id,number_of_persons,units,notes,extras,extras_multiply_nop,extras_consider_duration,custom_fields,status,status_changed_at,token,time_zone,time_zone_offset,rating,rating_comment,locale,collaborative_service_id,collaborative_token,compound_service_id,compound_token,created_from,created )VALUES( 1379,null,null,1307,1379,1379,1,1,'','[]',1,1,'[{"id":43107,"value":"Melissa Marques"},{"id":51989,"value":"Portrait"},{"id":27913,"value":""},{"id":72188,"value":["I agree to <a href="https:\/\/www.mintroom.ca\/Terms_and_Conditions.pdf?v=11122018" target="_blank">Terms and Conditions<\/a>"]},{"id":85555,"value":["I agree there will be no more than 10 guests in the room per booking"]},{"id":27913,"value":" "},{"id":87958,"value":[]},{"id":45932,"value":[]}]','approved',null,null,null,null,null,null,null,null,null,null,null,'frontend','2019-06-11 10:59:32' );
INSERT INTO wp_bookly_appointments ( id,location_id,staff_id,staff_any,service_id,custom_service_name,custom_service_price,start_date,end_date,extras_duration,internal_note,google_event_id,google_event_etag,outlook_event_id,outlook_event_change_key,outlook_event_series_id,created_from,created )VALUES( 1380,null,11,0,6,null,null,'2019-08-15 14:00:00','2019-08-15 15:00:00',0,null,null,null,null,null,null,'bookly','2019-06-11 10:59:32' );
INSERT INTO wp_bookly_customers ( id,wp_user_id,facebook_id,group_id,full_name,first_name,last_name,phone,email,birthday,country,state,postcode,city,street,street_number,additional_address,notes,info_fields,credit,created )VALUES( 1380,null,null,null,'Vanessa Dobrovoljac','Vanessa Dobrovoljac','','6478715081','PermanentCosmetics@mail.com*',null,'','','','','','','','',null,0,'2019-06-11 10:59:32' );
INSERT INTO wp_bookly_payments ( id,coupon_id,type,total,tax,paid,paid_type,gateway_price_correction,status,details,created )VALUES( 1380,null,'stripe',101.7,11.7,101.7,'in_full',0.00,'completed','{"items":[{"ca_id":1380,"appointment_date":"2019-08-15 14:00:00","service_name":"Library","service_price":90,"service_tax":"11.70","wait_listed":false,"deposit_format":null,"number_of_persons":1,"units":"1","duration":"3600","staff_name":"Library","extras":[]}],"coupon":null,"subtotal":{"price":90,"deposit":0},"customer":"Vanessa Dobrovoljac","tax_in_price":"excluded","tax_paid":"11.70","extras_multiply_nop":1}','2019-06-11 10:59:32' );
INSERT INTO wp_bookly_customer_appointments ( id,series_id,package_id,customer_id,appointment_id,payment_id,number_of_persons,units,notes,extras,extras_multiply_nop,extras_consider_duration,custom_fields,status,status_changed_at,token,time_zone,time_zone_offset,rating,rating_comment,locale,collaborative_service_id,collaborative_token,compound_service_id,compound_token,created_from,created )VALUES( 1380,null,null,1380,1380,1380,1,1,'Myself and my husband will be shooting alone with our photographer','[]',1,1,'[{"id":43107,"value":"Megan Tracey "},{"id":51989,"value":"Wedding"},{"id":27913,"value":""},{"id":72188,"value":["I agree to <a href="https:\/\/www.mintroom.ca\/Terms_and_Conditions.pdf?v=11122018" target="_blank">Terms and Conditions<\/a>"]},{"id":85555,"value":["I agree there will be no more than 10 guests in the room per booking"]},{"id":27913,"value":" "},{"id":87958,"value":[]},{"id":45932,"value":[]}]','approved',null,null,null,null,null,null,null,null,null,null,null,'frontend','2019-06-11 10:59:32' );
INSERT INTO wp_bookly_appointments ( id,location_id,staff_id,staff_any,service_id,custom_service_name,custom_service_price,start_date,end_date,extras_duration,internal_note,google_event_id,google_event_etag,outlook_event_id,outlook_event_change_key,outlook_event_series_id,created_from,created )VALUES( 1381,null,9,0,4,null,null,'2019-06-23 10:00:00','2019-06-23 11:00:00',0,null,null,null,null,null,null,'bookly','2019-06-11 10:59:32' );
INSERT INTO wp_bookly_customers ( id,wp_user_id,facebook_id,group_id,full_name,first_name,last_name,phone,email,birthday,country,state,postcode,city,street,street_number,additional_address,notes,info_fields,credit,created )VALUES( 1381,null,null,null,'Melissa Marques','Melissa Marques','','6472195893','meliss.marques@hotmail.com*',null,'','','','','','','','',null,0,'2019-06-11 10:59:32' );
INSERT INTO wp_bookly_payments ( id,coupon_id,type,total,tax,paid,paid_type,gateway_price_correction,status,details,created )VALUES( 1381,null,'stripe',101.7,11.7,101.7,'in_full',0.00,'completed','{"items":[{"ca_id":1381,"appointment_date":"2019-06-23 10:00:00","service_name":"Ballroom","service_price":90,"service_tax":"11.70","wait_listed":false,"deposit_format":null,"number_of_persons":1,"units":"1","duration":"3600","staff_name":"Ballroom","extras":[]}],"coupon":null,"subtotal":{"price":90,"deposit":0},"customer":"Melissa Marques","tax_in_price":"excluded","tax_paid":"11.70","extras_multiply_nop":1}','2019-06-11 10:59:32' );
INSERT INTO wp_bookly_customer_appointments ( id,series_id,package_id,customer_id,appointment_id,payment_id,number_of_persons,units,notes,extras,extras_multiply_nop,extras_consider_duration,custom_fields,status,status_changed_at,token,time_zone,time_zone_offset,rating,rating_comment,locale,collaborative_service_id,collaborative_token,compound_service_id,compound_token,created_from,created )VALUES( 1381,null,null,1381,1381,1381,1,1,'','[]',1,1,'[{"id":43107,"value":"Melissa Marques"},{"id":51989,"value":"Family"},{"id":27913,"value":""},{"id":72188,"value":["I agree to <a href="https:\/\/www.mintroom.ca\/Terms_and_Conditions.pdf?v=11122018" target="_blank">Terms and Conditions<\/a>"]},{"id":85555,"value":["I agree there will be no more than 10 guests in the room per booking"]},{"id":27913,"value":" "},{"id":87958,"value":[]},{"id":45932,"value":[]}]','approved',null,null,null,null,null,null,null,null,null,null,null,'frontend','2019-06-11 10:59:32' );
INSERT INTO wp_bookly_appointments ( id,location_id,staff_id,staff_any,service_id,custom_service_name,custom_service_price,start_date,end_date,extras_duration,internal_note,google_event_id,google_event_etag,outlook_event_id,outlook_event_change_key,outlook_event_series_id,created_from,created )VALUES( 1382,null,11,0,6,null,null,'2019-06-12 10:00:00','2019-06-12 11:00:00',0,null,null,null,null,null,null,'bookly','2019-06-11 10:59:32' );
INSERT INTO wp_bookly_customers ( id,wp_user_id,facebook_id,group_id,full_name,first_name,last_name,phone,email,birthday,country,state,postcode,city,street,street_number,additional_address,notes,info_fields,credit,created )VALUES( 1382,null,null,null,'Daniel Prete','Daniel Prete','','4162775538','daniel.prete03@gmail.com*',null,'','','','','','','','',null,0,'2019-06-11 10:59:32' );
INSERT INTO wp_bookly_payments ( id,coupon_id,type,total,tax,paid,paid_type,gateway_price_correction,status,details,created )VALUES( 1382,null,'stripe',101.7,11.7,101.7,'in_full',0.00,'completed','{"items":[{"ca_id":1382,"appointment_date":"2019-06-12 10:00:00","service_name":"Library","service_price":90,"service_tax":"11.70","wait_listed":false,"deposit_format":null,"number_of_persons":1,"units":"1","duration":"3600","staff_name":"Library","extras":[]}],"coupon":null,"subtotal":{"price":90,"deposit":0},"customer":"Daniel Prete","tax_in_price":"excluded","tax_paid":"11.70","extras_multiply_nop":1}','2019-06-11 10:59:32' );
INSERT INTO wp_bookly_customer_appointments ( id,series_id,package_id,customer_id,appointment_id,payment_id,number_of_persons,units,notes,extras,extras_multiply_nop,extras_consider_duration,custom_fields,status,status_changed_at,token,time_zone,time_zone_offset,rating,rating_comment,locale,collaborative_service_id,collaborative_token,compound_service_id,compound_token,created_from,created )VALUES( 1382,null,null,1382,1382,1382,1,1,'Engagement Photos','[]',1,1,'[{"id":43107,"value":"Quarum Photography"},{"id":51989,"value":"Wedding"},{"id":27913,"value":""},{"id":72188,"value":["I agree to <a href="https:\/\/www.mintroom.ca\/Terms_and_Conditions.pdf?v=11122018" target="_blank">Terms and Conditions<\/a>"]},{"id":85555,"value":["I agree there will be no more than 10 guests in the room per booking"]},{"id":27913,"value":" "},{"id":87958,"value":[]},{"id":45932,"value":[]}]','approved',null,null,null,null,null,null,null,null,null,null,null,'frontend','2019-06-11 10:59:32' );
INSERT INTO wp_bookly_appointments ( id,location_id,staff_id,staff_any,service_id,custom_service_name,custom_service_price,start_date,end_date,extras_duration,internal_note,google_event_id,google_event_etag,outlook_event_id,outlook_event_change_key,outlook_event_series_id,created_from,created )VALUES( 1383,null,11,0,6,null,null,'2019-06-23 09:00:00','2019-06-23 10:00:00',0,null,null,null,null,null,null,'bookly','2019-06-11 10:59:32' );
INSERT INTO wp_bookly_customers ( id,wp_user_id,facebook_id,group_id,full_name,first_name,last_name,phone,email,birthday,country,state,postcode,city,street,street_number,additional_address,notes,info_fields,credit,created )VALUES( 1383,null,null,null,'Alex Chung (Yan Pan Chung)','Alex Chung (Yan Pan Chung)','','2898877407','echocyp@gmail.com*',null,'','','','','','','','',null,0,'2019-06-11 10:59:32' );
INSERT INTO wp_bookly_payments ( id,coupon_id,type,total,tax,paid,paid_type,gateway_price_correction,status,details,created )VALUES( 1383,null,'stripe',305.1,35.1,305.1,'in_full',0.00,'completed','{"items":[{"ca_id":1383,"appointment_date":"2019-06-23 09:00:00","service_name":"Library","service_price":90,"service_tax":"11.70","wait_listed":false,"deposit_format":null,"number_of_persons":1,"units":"1","duration":"3600","staff_name":"Library","extras":[]}],"coupon":null,"subtotal":{"price":270,"deposit":0},"customer":"Alex Chung (Yan Pan Chung)","tax_in_price":"excluded","tax_paid":"35.10","extras_multiply_nop":1}','2019-06-11 10:59:32' );
INSERT INTO wp_bookly_customer_appointments ( id,series_id,package_id,customer_id,appointment_id,payment_id,number_of_persons,units,notes,extras,extras_multiply_nop,extras_consider_duration,custom_fields,status,status_changed_at,token,time_zone,time_zone_offset,rating,rating_comment,locale,collaborative_service_id,collaborative_token,compound_service_id,compound_token,created_from,created )VALUES( 1383,null,null,1383,1383,1383,1,1,'','[]',1,1,'[{"id":43107,"value":"Alex Chung"},{"id":51989,"value":"Portrait"},{"id":27913,"value":""},{"id":72188,"value":["I agree to <a href="https:\/\/www.mintroom.ca\/Terms_and_Conditions.pdf?v=11122018" target="_blank">Terms and Conditions<\/a>"]},{"id":85555,"value":["I agree there will be no more than 10 guests in the room per booking"]},{"id":27913,"value":" "},{"id":87958,"value":[]},{"id":45932,"value":[]}]','approved',null,null,null,null,null,null,null,null,null,null,null,'frontend','2019-06-11 10:59:32' );
INSERT INTO wp_bookly_appointments ( id,location_id,staff_id,staff_any,service_id,custom_service_name,custom_service_price,start_date,end_date,extras_duration,internal_note,google_event_id,google_event_etag,outlook_event_id,outlook_event_change_key,outlook_event_series_id,created_from,created )VALUES( 1384,null,11,0,6,null,null,'2019-06-23 10:00:00','2019-06-23 11:00:00',0,null,null,null,null,null,null,'bookly','2019-06-11 10:59:32' );
INSERT INTO wp_bookly_payments ( id,coupon_id,type,total,tax,paid,paid_type,gateway_price_correction,status,details,created )VALUES( 1384,null,'stripe',305.1,35.1,305.1,'in_full',0.00,'completed','{"items":[{"ca_id":1384,"appointment_date":"2019-06-23 10:00:00","service_name":"Library","service_price":90,"service_tax":"11.70","wait_listed":false,"deposit_format":null,"number_of_persons":1,"units":"1","duration":"3600","staff_name":"Library","extras":[]}],"coupon":null,"subtotal":{"price":270,"deposit":0},"customer":"Alex Chung (Yan Pan Chung)","tax_in_price":"excluded","tax_paid":"35.10","extras_multiply_nop":1}','2019-06-11 10:59:32' );
INSERT INTO wp_bookly_customer_appointments ( id,series_id,package_id,customer_id,appointment_id,payment_id,number_of_persons,units,notes,extras,extras_multiply_nop,extras_consider_duration,custom_fields,status,status_changed_at,token,time_zone,time_zone_offset,rating,rating_comment,locale,collaborative_service_id,collaborative_token,compound_service_id,compound_token,created_from,created )VALUES( 1384,null,null,1383,1384,1384,1,1,'','[]',1,1,'[{"id":43107,"value":"Alex Chung"},{"id":51989,"value":"Portrait"},{"id":27913,"value":""},{"id":72188,"value":["I agree to <a href="https:\/\/www.mintroom.ca\/Terms_and_Conditions.pdf?v=11122018" target="_blank">Terms and Conditions<\/a>"]},{"id":85555,"value":["I agree there will be no more than 10 guests in the room per booking"]},{"id":27913,"value":" "},{"id":87958,"value":[]},{"id":45932,"value":[]}]','approved',null,null,null,null,null,null,null,null,null,null,null,'frontend','2019-06-11 10:59:32' );
INSERT INTO wp_bookly_appointments ( id,location_id,staff_id,staff_any,service_id,custom_service_name,custom_service_price,start_date,end_date,extras_duration,internal_note,google_event_id,google_event_etag,outlook_event_id,outlook_event_change_key,outlook_event_series_id,created_from,created )VALUES( 1385,null,11,0,6,null,null,'2019-06-23 11:00:00','2019-06-23 12:00:00',0,null,null,null,null,null,null,'bookly','2019-06-11 10:59:32' );
INSERT INTO wp_bookly_payments ( id,coupon_id,type,total,tax,paid,paid_type,gateway_price_correction,status,details,created )VALUES( 1385,null,'stripe',305.1,35.1,305.1,'in_full',0.00,'completed','{"items":[{"ca_id":1385,"appointment_date":"2019-06-23 11:00:00","service_name":"Library","service_price":90,"service_tax":"11.70","wait_listed":false,"deposit_format":null,"number_of_persons":1,"units":"1","duration":"3600","staff_name":"Library","extras":[]}],"coupon":null,"subtotal":{"price":270,"deposit":0},"customer":"Alex Chung (Yan Pan Chung)","tax_in_price":"excluded","tax_paid":"35.10","extras_multiply_nop":1}','2019-06-11 10:59:32' );
INSERT INTO wp_bookly_customer_appointments ( id,series_id,package_id,customer_id,appointment_id,payment_id,number_of_persons,units,notes,extras,extras_multiply_nop,extras_consider_duration,custom_fields,status,status_changed_at,token,time_zone,time_zone_offset,rating,rating_comment,locale,collaborative_service_id,collaborative_token,compound_service_id,compound_token,created_from,created )VALUES( 1385,null,null,1383,1385,1385,1,1,'','[]',1,1,'[{"id":43107,"value":"Alex Chung"},{"id":51989,"value":"Portrait"},{"id":27913,"value":""},{"id":72188,"value":["I agree to <a href="https:\/\/www.mintroom.ca\/Terms_and_Conditions.pdf?v=11122018" target="_blank">Terms and Conditions<\/a>"]},{"id":85555,"value":["I agree there will be no more than 10 guests in the room per booking"]},{"id":27913,"value":" "},{"id":87958,"value":[]},{"id":45932,"value":[]}]','approved',null,null,null,null,null,null,null,null,null,null,null,'frontend','2019-06-11 10:59:32' );
INSERT INTO wp_bookly_appointments ( id,location_id,staff_id,staff_any,service_id,custom_service_name,custom_service_price,start_date,end_date,extras_duration,internal_note,google_event_id,google_event_etag,outlook_event_id,outlook_event_change_key,outlook_event_series_id,created_from,created )VALUES( 1386,null,11,0,6,null,null,'2019-11-02 16:00:00','2019-11-02 17:00:00',0,null,null,null,null,null,null,'bookly','2019-06-11 10:59:32' );
INSERT INTO wp_bookly_customers ( id,wp_user_id,facebook_id,group_id,full_name,first_name,last_name,phone,email,birthday,country,state,postcode,city,street,street_number,additional_address,notes,info_fields,credit,created )VALUES( 1386,null,null,null,'Rachel Mare','Rachel Mare','','416-678-2872','rachelmare@hotmail.com*',null,'','','','','','','','',null,0,'2019-06-11 10:59:32' );
INSERT INTO wp_bookly_payments ( id,coupon_id,type,total,tax,paid,paid_type,gateway_price_correction,status,details,created )VALUES( 1386,null,'stripe',101.7,11.7,101.7,'in_full',0.00,'completed','{"items":[{"ca_id":1386,"appointment_date":"2019-11-02 16:00:00","service_name":"Library","service_price":90,"service_tax":"11.70","wait_listed":false,"deposit_format":null,"number_of_persons":1,"units":"1","duration":"3600","staff_name":"Library","extras":[]}],"coupon":null,"subtotal":{"price":90,"deposit":0},"customer":"Rachel Mare","tax_in_price":"excluded","tax_paid":"11.70","extras_multiply_nop":1}','2019-06-11 10:59:32' );
INSERT INTO wp_bookly_customer_appointments ( id,series_id,package_id,customer_id,appointment_id,payment_id,number_of_persons,units,notes,extras,extras_multiply_nop,extras_consider_duration,custom_fields,status,status_changed_at,token,time_zone,time_zone_offset,rating,rating_comment,locale,collaborative_service_id,collaborative_token,compound_service_id,compound_token,created_from,created )VALUES( 1386,null,null,1386,1386,1386,1,1,'Total of 13 in bridal party, we are aware of 8 in a room at a time. others will be in the party bus till their turn. booked with Shasha. thank you. ','[]',1,1,'[{"id":43107,"value":"spring creations "},{"id":51989,"value":"Wedding"},{"id":27913,"value":""},{"id":72188,"value":["I agree to <a href="https:\/\/www.mintroom.ca\/Terms_and_Conditions.pdf?v=11122018" target="_blank">Terms and Conditions<\/a>"]},{"id":85555,"value":["I agree there will be no more than 10 guests in the room per booking"]},{"id":27913,"value":" "},{"id":87958,"value":[]},{"id":45932,"value":[]}]','approved',null,null,null,null,null,null,null,null,null,null,null,'frontend','2019-06-11 10:59:32' );
INSERT INTO wp_bookly_appointments ( id,location_id,staff_id,staff_any,service_id,custom_service_name,custom_service_price,start_date,end_date,extras_duration,internal_note,google_event_id,google_event_etag,outlook_event_id,outlook_event_change_key,outlook_event_series_id,created_from,created )VALUES( 1387,null,10,0,5,null,null,'2019-10-26 14:00:00','2019-10-26 15:00:00',0,null,null,null,null,null,null,'bookly','2019-06-11 10:59:32' );
INSERT INTO wp_bookly_customers ( id,wp_user_id,facebook_id,group_id,full_name,first_name,last_name,phone,email,birthday,country,state,postcode,city,street,street_number,additional_address,notes,info_fields,credit,created )VALUES( 1387,null,null,null,'Christine Duranleau','Christine Duranleau','','5145600596','Duranleaucd@gmail.com*',null,'','','','','','','','',null,0,'2019-06-11 10:59:32' );
INSERT INTO wp_bookly_payments ( id,coupon_id,type,total,tax,paid,paid_type,gateway_price_correction,status,details,created )VALUES( 1387,null,'stripe',101.7,11.7,101.7,'in_full',0.00,'completed','{"items":[{"ca_id":1387,"appointment_date":"2019-10-26 14:00:00","service_name":"Conservatory","service_price":90,"service_tax":"11.70","wait_listed":false,"deposit_format":null,"number_of_persons":1,"units":"1","duration":"3600","staff_name":"Conservatory","extras":[]}],"coupon":null,"subtotal":{"price":90,"deposit":0},"customer":"Christine Duranleau","tax_in_price":"excluded","tax_paid":"11.70","extras_multiply_nop":1}','2019-06-11 10:59:32' );
INSERT INTO wp_bookly_customer_appointments ( id,series_id,package_id,customer_id,appointment_id,payment_id,number_of_persons,units,notes,extras,extras_multiply_nop,extras_consider_duration,custom_fields,status,status_changed_at,token,time_zone,time_zone_offset,rating,rating_comment,locale,collaborative_service_id,collaborative_token,compound_service_id,compound_token,created_from,created )VALUES( 1387,null,null,1387,1387,1387,1,1,'','[]',1,1,'[{"id":43107,"value":"Beautiful Life Studios"},{"id":51989,"value":"Wedding"},{"id":27913,"value":""},{"id":72188,"value":["I agree to <a href="https:\/\/www.mintroom.ca\/Terms_and_Conditions.pdf?v=11122018" target="_blank">Terms and Conditions<\/a>"]},{"id":85555,"value":["I agree there will be no more than 10 guests in the room per booking"]},{"id":27913,"value":" "},{"id":87958,"value":[]},{"id":45932,"value":[]}]','approved',null,null,null,null,null,null,null,null,null,null,null,'frontend','2019-06-11 10:59:32' );
INSERT INTO wp_bookly_appointments ( id,location_id,staff_id,staff_any,service_id,custom_service_name,custom_service_price,start_date,end_date,extras_duration,internal_note,google_event_id,google_event_etag,outlook_event_id,outlook_event_change_key,outlook_event_series_id,created_from,created )VALUES( 1388,null,12,0,7,null,null,'2019-06-16 11:00:00','2019-06-16 12:00:00',0,null,null,null,null,null,null,'bookly','2019-06-11 10:59:32' );
INSERT INTO wp_bookly_customers ( id,wp_user_id,facebook_id,group_id,full_name,first_name,last_name,phone,email,birthday,country,state,postcode,city,street,street_number,additional_address,notes,info_fields,credit,created )VALUES( 1388,null,null,null,'Maggie hi','Maggie hi','','416-823-6281','Teterwarm@gmail.com*',null,'','','','','','','','',null,0,'2019-06-11 10:59:32' );
INSERT INTO wp_bookly_payments ( id,coupon_id,type,total,tax,paid,paid_type,gateway_price_correction,status,details,created )VALUES( 1388,null,'stripe',186.45,21.45,186.45,'in_full',0.00,'completed','{"items":[{"ca_id":1388,"appointment_date":"2019-06-16 11:00:00","service_name":"Lounge","service_price":55,"service_tax":"7.15","wait_listed":false,"deposit_format":null,"number_of_persons":1,"units":"1","duration":"3600","staff_name":"Lounge","extras":[]}],"coupon":null,"subtotal":{"price":165,"deposit":0},"customer":"Maggie hi","tax_in_price":"excluded","tax_paid":"21.45","extras_multiply_nop":1}','2019-06-11 10:59:32' );
INSERT INTO wp_bookly_customer_appointments ( id,series_id,package_id,customer_id,appointment_id,payment_id,number_of_persons,units,notes,extras,extras_multiply_nop,extras_consider_duration,custom_fields,status,status_changed_at,token,time_zone,time_zone_offset,rating,rating_comment,locale,collaborative_service_id,collaborative_token,compound_service_id,compound_token,created_from,created )VALUES( 1388,null,null,1388,1388,1388,1,1,'','[]',1,1,'[{"id":43107,"value":"Yugo "},{"id":51989,"value":"Fashion"},{"id":27913,"value":""},{"id":72188,"value":["I agree to <a href="https:\/\/www.mintroom.ca\/Terms_and_Conditions.pdf?v=11122018" target="_blank">Terms and Conditions<\/a>"]},{"id":85555,"value":["I agree there will be no more than 10 guests in the room per booking"]},{"id":27913,"value":" "},{"id":87958,"value":[]},{"id":45932,"value":[]}]','approved',null,null,null,null,null,null,null,null,null,null,null,'frontend','2019-06-11 10:59:32' );
INSERT INTO wp_bookly_appointments ( id,location_id,staff_id,staff_any,service_id,custom_service_name,custom_service_price,start_date,end_date,extras_duration,internal_note,google_event_id,google_event_etag,outlook_event_id,outlook_event_change_key,outlook_event_series_id,created_from,created )VALUES( 1389,null,12,0,7,null,null,'2019-06-16 12:00:00','2019-06-16 13:00:00',0,null,null,null,null,null,null,'bookly','2019-06-11 10:59:32' );
INSERT INTO wp_bookly_payments ( id,coupon_id,type,total,tax,paid,paid_type,gateway_price_correction,status,details,created )VALUES( 1389,null,'stripe',186.45,21.45,186.45,'in_full',0.00,'completed','{"items":[{"ca_id":1389,"appointment_date":"2019-06-16 12:00:00","service_name":"Lounge","service_price":55,"service_tax":"7.15","wait_listed":false,"deposit_format":null,"number_of_persons":1,"units":"1","duration":"3600","staff_name":"Lounge","extras":[]}],"coupon":null,"subtotal":{"price":165,"deposit":0},"customer":"Maggie hi","tax_in_price":"excluded","tax_paid":"21.45","extras_multiply_nop":1}','2019-06-11 10:59:32' );
INSERT INTO wp_bookly_customer_appointments ( id,series_id,package_id,customer_id,appointment_id,payment_id,number_of_persons,units,notes,extras,extras_multiply_nop,extras_consider_duration,custom_fields,status,status_changed_at,token,time_zone,time_zone_offset,rating,rating_comment,locale,collaborative_service_id,collaborative_token,compound_service_id,compound_token,created_from,created )VALUES( 1389,null,null,1388,1389,1389,1,1,'','[]',1,1,'[{"id":43107,"value":"Yugo "},{"id":51989,"value":"Fashion"},{"id":27913,"value":""},{"id":72188,"value":["I agree to <a href="https:\/\/www.mintroom.ca\/Terms_and_Conditions.pdf?v=11122018" target="_blank">Terms and Conditions<\/a>"]},{"id":85555,"value":["I agree there will be no more than 10 guests in the room per booking"]},{"id":27913,"value":" "},{"id":87958,"value":[]},{"id":45932,"value":[]}]','approved',null,null,null,null,null,null,null,null,null,null,null,'frontend','2019-06-11 10:59:32' );
INSERT INTO wp_bookly_appointments ( id,location_id,staff_id,staff_any,service_id,custom_service_name,custom_service_price,start_date,end_date,extras_duration,internal_note,google_event_id,google_event_etag,outlook_event_id,outlook_event_change_key,outlook_event_series_id,created_from,created )VALUES( 1390,null,12,0,7,null,null,'2019-06-16 13:00:00','2019-06-16 14:00:00',0,null,null,null,null,null,null,'bookly','2019-06-11 10:59:32' );
INSERT INTO wp_bookly_payments ( id,coupon_id,type,total,tax,paid,paid_type,gateway_price_correction,status,details,created )VALUES( 1390,null,'stripe',186.45,21.45,186.45,'in_full',0.00,'completed','{"items":[{"ca_id":1390,"appointment_date":"2019-06-16 13:00:00","service_name":"Lounge","service_price":55,"service_tax":"7.15","wait_listed":false,"deposit_format":null,"number_of_persons":1,"units":"1","duration":"3600","staff_name":"Lounge","extras":[]}],"coupon":null,"subtotal":{"price":165,"deposit":0},"customer":"Maggie hi","tax_in_price":"excluded","tax_paid":"21.45","extras_multiply_nop":1}','2019-06-11 10:59:32' );
INSERT INTO wp_bookly_customer_appointments ( id,series_id,package_id,customer_id,appointment_id,payment_id,number_of_persons,units,notes,extras,extras_multiply_nop,extras_consider_duration,custom_fields,status,status_changed_at,token,time_zone,time_zone_offset,rating,rating_comment,locale,collaborative_service_id,collaborative_token,compound_service_id,compound_token,created_from,created )VALUES( 1390,null,null,1388,1390,1390,1,1,'','[]',1,1,'[{"id":43107,"value":"Yugo "},{"id":51989,"value":"Fashion"},{"id":27913,"value":""},{"id":72188,"value":["I agree to <a href="https:\/\/www.mintroom.ca\/Terms_and_Conditions.pdf?v=11122018" target="_blank">Terms and Conditions<\/a>"]},{"id":85555,"value":["I agree there will be no more than 10 guests in the room per booking"]},{"id":27913,"value":" "},{"id":87958,"value":[]},{"id":45932,"value":[]}]','approved',null,null,null,null,null,null,null,null,null,null,null,'frontend','2019-06-11 10:59:32' );
INSERT INTO wp_bookly_appointments ( id,location_id,staff_id,staff_any,service_id,custom_service_name,custom_service_price,start_date,end_date,extras_duration,internal_note,google_event_id,google_event_etag,outlook_event_id,outlook_event_change_key,outlook_event_series_id,created_from,created )VALUES( 1391,null,9,0,4,null,null,'2019-06-15 11:00:00','2019-06-15 12:00:00',0,null,null,null,null,null,null,'bookly','2019-06-11 10:59:32' );
INSERT INTO wp_bookly_customers ( id,wp_user_id,facebook_id,group_id,full_name,first_name,last_name,phone,email,birthday,country,state,postcode,city,street,street_number,additional_address,notes,info_fields,credit,created )VALUES( 1391,null,null,null,'Shola','Shola','','6479758490','sholafowosere@gmail.com*',null,'','','','','','','','',null,0,'2019-06-11 10:59:32' );
INSERT INTO wp_bookly_payments ( id,coupon_id,type,total,tax,paid,paid_type,gateway_price_correction,status,details,created )VALUES( 1391,null,'stripe',101.7,11.7,101.7,'in_full',0.00,'completed','{"items":[{"ca_id":1391,"appointment_date":"2019-06-15 11:00:00","service_name":"Ballroom","service_price":90,"service_tax":"11.70","wait_listed":false,"deposit_format":null,"number_of_persons":1,"units":"1","duration":"3600","staff_name":"Ballroom","extras":[]}],"coupon":null,"subtotal":{"price":90,"deposit":0},"customer":"Shola","tax_in_price":"excluded","tax_paid":"11.70","extras_multiply_nop":1}','2019-06-11 10:59:32' );
INSERT INTO wp_bookly_customer_appointments ( id,series_id,package_id,customer_id,appointment_id,payment_id,number_of_persons,units,notes,extras,extras_multiply_nop,extras_consider_duration,custom_fields,status,status_changed_at,token,time_zone,time_zone_offset,rating,rating_comment,locale,collaborative_service_id,collaborative_token,compound_service_id,compound_token,created_from,created )VALUES( 1391,null,null,1391,1391,1391,1,1,'','[]',1,1,'[{"id":43107,"value":"GafoVisions"},{"id":51989,"value":"Family"},{"id":27913,"value":""},{"id":72188,"value":["I agree to <a href="https:\/\/www.mintroom.ca\/Terms_and_Conditions.pdf?v=11122018" target="_blank">Terms and Conditions<\/a>"]},{"id":85555,"value":["I agree there will be no more than 10 guests in the room per booking"]},{"id":27913,"value":" "},{"id":87958,"value":[]},{"id":45932,"value":[]}]','approved',null,null,null,null,null,null,null,null,null,null,null,'frontend','2019-06-11 10:59:32' );
INSERT INTO wp_bookly_appointments ( id,location_id,staff_id,staff_any,service_id,custom_service_name,custom_service_price,start_date,end_date,extras_duration,internal_note,google_event_id,google_event_etag,outlook_event_id,outlook_event_change_key,outlook_event_series_id,created_from,created )VALUES( 1392,null,11,0,6,null,null,'2019-06-21 11:00:00','2019-06-21 12:00:00',0,null,null,null,null,null,null,'bookly','2019-06-11 10:59:32' );
INSERT INTO wp_bookly_customers ( id,wp_user_id,facebook_id,group_id,full_name,first_name,last_name,phone,email,birthday,country,state,postcode,city,street,street_number,additional_address,notes,info_fields,credit,created )VALUES( 1392,null,null,null,'Mike Black','Mike Black','','6475007846','mike@mikeblackphotoworks.com*',null,'','','','','','','','',null,0,'2019-06-11 10:59:32' );
INSERT INTO wp_bookly_payments ( id,coupon_id,type,total,tax,paid,paid_type,gateway_price_correction,status,details,created )VALUES( 1392,50,'coupon',0,0,0,'in_full',0.00,'completed','{"items":[{"ca_id":1392,"appointment_date":"2019-06-21 11:00:00","service_name":"Library","service_price":90,"service_tax":"11.70","wait_listed":false,"deposit_format":null,"number_of_persons":1,"units":"1","duration":"3600","staff_name":"Library","extras":[]}],"coupon":{"code":"PT_HUGE","discount":100,"deduction":"0.00"},"subtotal":{"price":90,"deposit":0},"customer":"Mike Black","tax_in_price":"excluded","tax_paid":"0.00","extras_multiply_nop":1}','2019-06-11 10:59:32' );
INSERT INTO wp_bookly_customer_appointments ( id,series_id,package_id,customer_id,appointment_id,payment_id,number_of_persons,units,notes,extras,extras_multiply_nop,extras_consider_duration,custom_fields,status,status_changed_at,token,time_zone,time_zone_offset,rating,rating_comment,locale,collaborative_service_id,collaborative_token,compound_service_id,compound_token,created_from,created )VALUES( 1392,null,null,1392,1392,1392,1,1,'','[]',1,1,'[{"id":43107,"value":"Mike"},{"id":51989,"value":"Portrait"},{"id":27913,"value":""},{"id":72188,"value":["I agree to <a href="https:\/\/www.mintroom.ca\/Terms_and_Conditions.pdf?v=11122018" target="_blank">Terms and Conditions<\/a>"]},{"id":85555,"value":["I agree there will be no more than 10 guests in the room per booking"]},{"id":27913,"value":" "},{"id":87958,"value":[]},{"id":45932,"value":[]}]','approved',null,null,null,null,null,null,null,null,null,null,null,'frontend','2019-06-11 10:59:32' );
INSERT INTO wp_bookly_appointments ( id,location_id,staff_id,staff_any,service_id,custom_service_name,custom_service_price,start_date,end_date,extras_duration,internal_note,google_event_id,google_event_etag,outlook_event_id,outlook_event_change_key,outlook_event_series_id,created_from,created )VALUES( 1393,null,11,0,6,null,null,'2019-08-24 11:00:00','2019-08-24 12:00:00',0,null,null,null,null,null,null,'bookly','2019-06-11 10:59:32' );
INSERT INTO wp_bookly_customers ( id,wp_user_id,facebook_id,group_id,full_name,first_name,last_name,phone,email,birthday,country,state,postcode,city,street,street_number,additional_address,notes,info_fields,credit,created )VALUES( 1393,null,null,null,'Hiba Aziz','Hiba Aziz','','6475635003','hibasimpson@rogers.com*',null,'','','','','','','','',null,0,'2019-06-11 10:59:32' );
INSERT INTO wp_bookly_payments ( id,coupon_id,type,total,tax,paid,paid_type,gateway_price_correction,status,details,created )VALUES( 1393,null,'stripe',101.7,11.7,101.7,'in_full',0.00,'completed','{"items":[{"ca_id":1393,"appointment_date":"2019-08-24 11:00:00","service_name":"Library","service_price":90,"service_tax":"11.70","wait_listed":false,"deposit_format":null,"number_of_persons":1,"units":"1","duration":"3600","staff_name":"Library","extras":[]}],"coupon":null,"subtotal":{"price":90,"deposit":0},"customer":"Hiba Aziz","tax_in_price":"excluded","tax_paid":"11.70","extras_multiply_nop":1}','2019-06-11 10:59:32' );
INSERT INTO wp_bookly_customer_appointments ( id,series_id,package_id,customer_id,appointment_id,payment_id,number_of_persons,units,notes,extras,extras_multiply_nop,extras_consider_duration,custom_fields,status,status_changed_at,token,time_zone,time_zone_offset,rating,rating_comment,locale,collaborative_service_id,collaborative_token,compound_service_id,compound_token,created_from,created )VALUES( 1393,null,null,1393,1393,1393,1,1,'','[]',1,1,'[{"id":43107,"value":"Calyssa Pickles"},{"id":51989,"value":"Family"},{"id":27913,"value":""},{"id":72188,"value":["I agree to <a href="https:\/\/www.mintroom.ca\/Terms_and_Conditions.pdf?v=11122018" target="_blank">Terms and Conditions<\/a>"]},{"id":85555,"value":["I agree there will be no more than 10 guests in the room per booking"]},{"id":27913,"value":" "},{"id":87958,"value":[]},{"id":45932,"value":[]}]','approved',null,null,null,null,null,null,null,null,null,null,null,'frontend','2019-06-11 10:59:32' );
INSERT INTO wp_bookly_appointments ( id,location_id,staff_id,staff_any,service_id,custom_service_name,custom_service_price,start_date,end_date,extras_duration,internal_note,google_event_id,google_event_etag,outlook_event_id,outlook_event_change_key,outlook_event_series_id,created_from,created )VALUES( 1394,null,12,0,7,null,null,'2019-08-24 10:00:00','2019-08-24 11:00:00',0,null,null,null,null,null,null,'bookly','2019-06-11 10:59:32' );
INSERT INTO wp_bookly_payments ( id,coupon_id,type,total,tax,paid,paid_type,gateway_price_correction,status,details,created )VALUES( 1394,null,'stripe',62.15,7.15,62.15,'in_full',0.00,'completed','{"items":[{"ca_id":1394,"appointment_date":"2019-08-24 10:00:00","service_name":"Lounge","service_price":55,"service_tax":"7.15","wait_listed":false,"deposit_format":null,"number_of_persons":1,"units":"1","duration":"3600","staff_name":"Lounge","extras":[]}],"coupon":null,"subtotal":{"price":55,"deposit":0},"customer":"Hiba Aziz","tax_in_price":"excluded","tax_paid":"7.15","extras_multiply_nop":1}','2019-06-11 10:59:32' );
INSERT INTO wp_bookly_customer_appointments ( id,series_id,package_id,customer_id,appointment_id,payment_id,number_of_persons,units,notes,extras,extras_multiply_nop,extras_consider_duration,custom_fields,status,status_changed_at,token,time_zone,time_zone_offset,rating,rating_comment,locale,collaborative_service_id,collaborative_token,compound_service_id,compound_token,created_from,created )VALUES( 1394,null,null,1393,1394,1394,1,1,'','[]',1,1,'[{"id":43107,"value":"Calyssa Pickles"},{"id":51989,"value":"Family"},{"id":27913,"value":""},{"id":72188,"value":["I agree to <a href="https:\/\/www.mintroom.ca\/Terms_and_Conditions.pdf?v=11122018" target="_blank">Terms and Conditions<\/a>"]},{"id":85555,"value":["I agree there will be no more than 10 guests in the room per booking"]},{"id":27913,"value":" "},{"id":87958,"value":[]},{"id":45932,"value":[]}]','approved',null,null,null,null,null,null,null,null,null,null,null,'frontend','2019-06-11 10:59:32' );
INSERT INTO wp_bookly_appointments ( id,location_id,staff_id,staff_any,service_id,custom_service_name,custom_service_price,start_date,end_date,extras_duration,internal_note,google_event_id,google_event_etag,outlook_event_id,outlook_event_change_key,outlook_event_series_id,created_from,created )VALUES( 1395,null,11,0,6,null,null,'2019-06-17 19:00:00','2019-06-17 20:00:00',0,null,null,null,null,null,null,'bookly','2019-06-11 10:59:32' );
INSERT INTO wp_bookly_appointments ( id,location_id,staff_id,staff_any,service_id,custom_service_name,custom_service_price,start_date,end_date,extras_duration,internal_note,google_event_id,google_event_etag,outlook_event_id,outlook_event_change_key,outlook_event_series_id,created_from,created )VALUES( 3395,null,13,0,8,null,null,'2019-06-17 19:00:00','2019-06-17 20:00:00',0,null,null,null,null,null,null,'bookly','2019-06-11 10:59:32' );
INSERT INTO wp_bookly_customers ( id,wp_user_id,facebook_id,group_id,full_name,first_name,last_name,phone,email,birthday,country,state,postcode,city,street,street_number,additional_address,notes,info_fields,credit,created )VALUES( 1395,null,null,null,'Chanelle Gurrell','Chanelle Gurrell','','4169939297','chanelle@royalbuttercos.com*',null,'','','','','','','','',null,0,'2019-06-11 10:59:32' );
INSERT INTO wp_bookly_customer_appointments ( id,series_id,package_id,customer_id,appointment_id,payment_id,number_of_persons,units,notes,extras,extras_multiply_nop,extras_consider_duration,custom_fields,status,status_changed_at,token,time_zone,time_zone_offset,rating,rating_comment,locale,collaborative_service_id,collaborative_token,compound_service_id,compound_token,created_from,created )VALUES( 1395,null,null,1395,1395,1395,1,1,'Makeup Line Launch Photo','[]',1,1,'[{"id":43107,"value":"Ryan Jambo"},{"id":51989,"value":"Fashion"},{"id":27913,"value":""},{"id":72188,"value":["I agree to <a href="https:\/\/www.mintroom.ca\/Terms_and_Conditions.pdf?v=11122018" target="_blank">Terms and Conditions<\/a>"]},{"id":85555,"value":["I agree there will be no more than 10 guests in the room per booking"]},{"id":27913,"value":" "},{"id":87958,"value":[]},{"id":45932,"value":[]}]','approved',null,null,null,null,null,null,null,null,null,null,null,'frontend','2019-06-11 10:59:32' );
INSERT INTO wp_bookly_appointments ( id,location_id,staff_id,staff_any,service_id,custom_service_name,custom_service_price,start_date,end_date,extras_duration,internal_note,google_event_id,google_event_etag,outlook_event_id,outlook_event_change_key,outlook_event_series_id,created_from,created )VALUES( 1396,null,10,0,5,null,null,'2019-06-14 18:00:00','2019-06-14 19:00:00',0,null,null,null,null,null,null,'bookly','2019-06-11 10:59:32' );
INSERT INTO wp_bookly_customers ( id,wp_user_id,facebook_id,group_id,full_name,first_name,last_name,phone,email,birthday,country,state,postcode,city,street,street_number,additional_address,notes,info_fields,credit,created )VALUES( 1396,null,null,null,'MOREBLESSING MUNANGWA','MOREBLESSING MUNANGWA','','6472163587','MOREBLESSINGPRODUCTIONS@HOTMAIL.COM*',null,'','','','','','','','',null,0,'2019-06-11 10:59:32' );
INSERT INTO wp_bookly_payments ( id,coupon_id,type,total,tax,paid,paid_type,gateway_price_correction,status,details,created )VALUES( 1396,null,'stripe',101.7,11.7,101.7,'in_full',0.00,'completed','{"items":[{"ca_id":1396,"appointment_date":"2019-06-14 18:00:00","service_name":"Conservatory","service_price":90,"service_tax":"11.70","wait_listed":false,"deposit_format":null,"number_of_persons":1,"units":"1","duration":"3600","staff_name":"Conservatory","extras":[]}],"coupon":null,"subtotal":{"price":90,"deposit":0},"customer":"MOREBLESSING MUNANGWA","tax_in_price":"excluded","tax_paid":"11.70","extras_multiply_nop":1}','2019-06-11 10:59:32' );
INSERT INTO wp_bookly_customer_appointments ( id,series_id,package_id,customer_id,appointment_id,payment_id,number_of_persons,units,notes,extras,extras_multiply_nop,extras_consider_duration,custom_fields,status,status_changed_at,token,time_zone,time_zone_offset,rating,rating_comment,locale,collaborative_service_id,collaborative_token,compound_service_id,compound_token,created_from,created )VALUES( 1396,null,null,1396,1396,1396,1,1,'','[]',1,1,'[{"id":43107,"value":"MOREBLESSING MUNANGWA"},{"id":51989,"value":"Family"},{"id":27913,"value":""},{"id":72188,"value":["I agree to <a href="https:\/\/www.mintroom.ca\/Terms_and_Conditions.pdf?v=11122018" target="_blank">Terms and Conditions<\/a>"]},{"id":85555,"value":["I agree there will be no more than 10 guests in the room per booking"]},{"id":27913,"value":" "},{"id":87958,"value":[]},{"id":45932,"value":[]}]','approved',null,null,null,null,null,null,null,null,null,null,null,'frontend','2019-06-11 10:59:32' );
INSERT INTO wp_bookly_appointments ( id,location_id,staff_id,staff_any,service_id,custom_service_name,custom_service_price,start_date,end_date,extras_duration,internal_note,google_event_id,google_event_etag,outlook_event_id,outlook_event_change_key,outlook_event_series_id,created_from,created )VALUES( 1397,null,9,0,4,null,null,'2019-07-06 16:00:00','2019-07-06 17:00:00',0,null,null,null,null,null,null,'bookly','2019-06-11 10:59:32' );
INSERT INTO wp_bookly_customers ( id,wp_user_id,facebook_id,group_id,full_name,first_name,last_name,phone,email,birthday,country,state,postcode,city,street,street_number,additional_address,notes,info_fields,credit,created )VALUES( 1397,null,null,null,'Amanda Crescenzi@gmail.com','Amanda Crescenzi@gmail.com','','4164575370','a.c.crescenzi@gmail.com*',null,'','','','','','','','',null,0,'2019-06-11 10:59:32' );
INSERT INTO wp_bookly_payments ( id,coupon_id,type,total,tax,paid,paid_type,gateway_price_correction,status,details,created )VALUES( 1397,50,'coupon',0,0,0,'in_full',0.00,'completed','{"items":[{"ca_id":1397,"appointment_date":"2019-07-06 16:00:00","service_name":"Ballroom","service_price":90,"service_tax":"11.70","wait_listed":false,"deposit_format":null,"number_of_persons":1,"units":"1","duration":"3600","staff_name":"Ballroom","extras":[]}],"coupon":{"code":"PT_HUGE","discount":100,"deduction":"0.00"},"subtotal":{"price":90,"deposit":0},"customer":"Amanda Crescenzi@gmail.com","tax_in_price":"excluded","tax_paid":"0.00","extras_multiply_nop":1}','2019-06-11 10:59:32' );
INSERT INTO wp_bookly_customer_appointments ( id,series_id,package_id,customer_id,appointment_id,payment_id,number_of_persons,units,notes,extras,extras_multiply_nop,extras_consider_duration,custom_fields,status,status_changed_at,token,time_zone,time_zone_offset,rating,rating_comment,locale,collaborative_service_id,collaborative_token,compound_service_id,compound_token,created_from,created )VALUES( 1397,null,null,1397,1397,1397,1,1,'','[]',1,1,'[{"id":43107,"value":"sasha"},{"id":51989,"value":"Wedding"},{"id":27913,"value":""},{"id":72188,"value":["I agree to <a href="https:\/\/www.mintroom.ca\/Terms_and_Conditions.pdf?v=11122018" target="_blank">Terms and Conditions<\/a>"]},{"id":85555,"value":["I agree there will be no more than 10 guests in the room per booking"]},{"id":27913,"value":" "},{"id":87958,"value":[]},{"id":45932,"value":[]}]','approved',null,null,null,null,null,null,null,null,null,null,null,'frontend','2019-06-11 10:59:32' );
INSERT INTO wp_bookly_appointments ( id,location_id,staff_id,staff_any,service_id,custom_service_name,custom_service_price,start_date,end_date,extras_duration,internal_note,google_event_id,google_event_etag,outlook_event_id,outlook_event_change_key,outlook_event_series_id,created_from,created )VALUES( 1398,null,10,0,5,null,null,'2019-07-06 15:00:00','2019-07-06 16:00:00',0,null,null,null,null,null,null,'bookly','2019-06-11 10:59:32' );
INSERT INTO wp_bookly_payments ( id,coupon_id,type,total,tax,paid,paid_type,gateway_price_correction,status,details,created )VALUES( 1398,50,'coupon',0,0,0,'in_full',0.00,'completed','{"items":[{"ca_id":1398,"appointment_date":"2019-07-06 15:00:00","service_name":"Conservatory","service_price":90,"service_tax":"11.70","wait_listed":false,"deposit_format":null,"number_of_persons":1,"units":"1","duration":"3600","staff_name":"Conservatory","extras":[]}],"coupon":{"code":"PT_HUGE","discount":100,"deduction":"0.00"},"subtotal":{"price":90,"deposit":0},"customer":"Amanda Crescenzi","tax_in_price":"excluded","tax_paid":"0.00","extras_multiply_nop":1}','2019-06-11 10:59:32' );
INSERT INTO wp_bookly_customer_appointments ( id,series_id,package_id,customer_id,appointment_id,payment_id,number_of_persons,units,notes,extras,extras_multiply_nop,extras_consider_duration,custom_fields,status,status_changed_at,token,time_zone,time_zone_offset,rating,rating_comment,locale,collaborative_service_id,collaborative_token,compound_service_id,compound_token,created_from,created )VALUES( 1398,null,null,1397,1398,1398,1,1,'','[]',1,1,'[{"id":43107,"value":"Sasha"},{"id":51989,"value":"Wedding"},{"id":27913,"value":""},{"id":72188,"value":["I agree to <a href="https:\/\/www.mintroom.ca\/Terms_and_Conditions.pdf?v=11122018" target="_blank">Terms and Conditions<\/a>"]},{"id":85555,"value":["I agree there will be no more than 10 guests in the room per booking"]},{"id":27913,"value":" "},{"id":87958,"value":[]},{"id":45932,"value":[]}]','approved',null,null,null,null,null,null,null,null,null,null,null,'frontend','2019-06-11 10:59:32' );
INSERT INTO wp_bookly_appointments ( id,location_id,staff_id,staff_any,service_id,custom_service_name,custom_service_price,start_date,end_date,extras_duration,internal_note,google_event_id,google_event_etag,outlook_event_id,outlook_event_change_key,outlook_event_series_id,created_from,created )VALUES( 1399,null,11,0,6,null,null,'2019-06-18 10:00:00','2019-06-18 11:00:00',0,null,null,null,null,null,null,'bookly','2019-06-11 10:59:32' );
INSERT INTO wp_bookly_customers ( id,wp_user_id,facebook_id,group_id,full_name,first_name,last_name,phone,email,birthday,country,state,postcode,city,street,street_number,additional_address,notes,info_fields,credit,created )VALUES( 1399,null,null,null,'Emily Tin','Emily Tin','','4167168239','info@fashionkidz.ca*',null,'','','','','','','','',null,0,'2019-06-11 10:59:32' );
INSERT INTO wp_bookly_payments ( id,coupon_id,type,total,tax,paid,paid_type,gateway_price_correction,status,details,created )VALUES( 1399,null,'stripe',305.1,35.1,305.1,'in_full',0.00,'completed','{"items":[{"ca_id":1399,"appointment_date":"2019-06-18 10:00:00","service_name":"Library","service_price":90,"service_tax":"11.70","wait_listed":false,"deposit_format":null,"number_of_persons":1,"units":"1","duration":"3600","staff_name":"Library","extras":[]}],"coupon":null,"subtotal":{"price":270,"deposit":0},"customer":"Emily Tin","tax_in_price":"excluded","tax_paid":"35.10","extras_multiply_nop":1}','2019-06-11 10:59:32' );
INSERT INTO wp_bookly_customer_appointments ( id,series_id,package_id,customer_id,appointment_id,payment_id,number_of_persons,units,notes,extras,extras_multiply_nop,extras_consider_duration,custom_fields,status,status_changed_at,token,time_zone,time_zone_offset,rating,rating_comment,locale,collaborative_service_id,collaborative_token,compound_service_id,compound_token,created_from,created )VALUES( 1399,null,null,1399,1399,1399,1,1,'','[]',1,1,'[{"id":43107,"value":"Neil Garcia"},{"id":51989,"value":"Fashion"},{"id":27913,"value":""},{"id":72188,"value":["I agree to <a href="https:\/\/www.mintroom.ca\/Terms_and_Conditions.pdf?v=11122018" target="_blank">Terms and Conditions<\/a>"]},{"id":85555,"value":["I agree there will be no more than 10 guests in the room per booking"]},{"id":27913,"value":" "},{"id":87958,"value":[]},{"id":45932,"value":[]}]','approved',null,null,null,null,null,null,null,null,null,null,null,'frontend','2019-06-11 10:59:32' );
INSERT INTO wp_bookly_appointments ( id,location_id,staff_id,staff_any,service_id,custom_service_name,custom_service_price,start_date,end_date,extras_duration,internal_note,google_event_id,google_event_etag,outlook_event_id,outlook_event_change_key,outlook_event_series_id,created_from,created )VALUES( 1400,null,11,0,6,null,null,'2019-06-18 11:00:00','2019-06-18 12:00:00',0,null,null,null,null,null,null,'bookly','2019-06-11 10:59:32' );
INSERT INTO wp_bookly_payments ( id,coupon_id,type,total,tax,paid,paid_type,gateway_price_correction,status,details,created )VALUES( 1400,null,'stripe',305.1,35.1,305.1,'in_full',0.00,'completed','{"items":[{"ca_id":1400,"appointment_date":"2019-06-18 11:00:00","service_name":"Library","service_price":90,"service_tax":"11.70","wait_listed":false,"deposit_format":null,"number_of_persons":1,"units":"1","duration":"3600","staff_name":"Library","extras":[]}],"coupon":null,"subtotal":{"price":270,"deposit":0},"customer":"Emily Tin","tax_in_price":"excluded","tax_paid":"35.10","extras_multiply_nop":1}','2019-06-11 10:59:32' );
INSERT INTO wp_bookly_customer_appointments ( id,series_id,package_id,customer_id,appointment_id,payment_id,number_of_persons,units,notes,extras,extras_multiply_nop,extras_consider_duration,custom_fields,status,status_changed_at,token,time_zone,time_zone_offset,rating,rating_comment,locale,collaborative_service_id,collaborative_token,compound_service_id,compound_token,created_from,created )VALUES( 1400,null,null,1399,1400,1400,1,1,'','[]',1,1,'[{"id":43107,"value":"Neil Garcia"},{"id":51989,"value":"Fashion"},{"id":27913,"value":""},{"id":72188,"value":["I agree to <a href="https:\/\/www.mintroom.ca\/Terms_and_Conditions.pdf?v=11122018" target="_blank">Terms and Conditions<\/a>"]},{"id":85555,"value":["I agree there will be no more than 10 guests in the room per booking"]},{"id":27913,"value":" "},{"id":87958,"value":[]},{"id":45932,"value":[]}]','approved',null,null,null,null,null,null,null,null,null,null,null,'frontend','2019-06-11 10:59:32' );
INSERT INTO wp_bookly_appointments ( id,location_id,staff_id,staff_any,service_id,custom_service_name,custom_service_price,start_date,end_date,extras_duration,internal_note,google_event_id,google_event_etag,outlook_event_id,outlook_event_change_key,outlook_event_series_id,created_from,created )VALUES( 1401,null,11,0,6,null,null,'2019-06-18 12:00:00','2019-06-18 13:00:00',0,null,null,null,null,null,null,'bookly','2019-06-11 10:59:32' );
INSERT INTO wp_bookly_payments ( id,coupon_id,type,total,tax,paid,paid_type,gateway_price_correction,status,details,created )VALUES( 1401,null,'stripe',305.1,35.1,305.1,'in_full',0.00,'completed','{"items":[{"ca_id":1401,"appointment_date":"2019-06-18 12:00:00","service_name":"Library","service_price":90,"service_tax":"11.70","wait_listed":false,"deposit_format":null,"number_of_persons":1,"units":"1","duration":"3600","staff_name":"Library","extras":[]}],"coupon":null,"subtotal":{"price":270,"deposit":0},"customer":"Emily Tin","tax_in_price":"excluded","tax_paid":"35.10","extras_multiply_nop":1}','2019-06-11 10:59:32' );
INSERT INTO wp_bookly_customer_appointments ( id,series_id,package_id,customer_id,appointment_id,payment_id,number_of_persons,units,notes,extras,extras_multiply_nop,extras_consider_duration,custom_fields,status,status_changed_at,token,time_zone,time_zone_offset,rating,rating_comment,locale,collaborative_service_id,collaborative_token,compound_service_id,compound_token,created_from,created )VALUES( 1401,null,null,1399,1401,1401,1,1,'','[]',1,1,'[{"id":43107,"value":"Neil Garcia"},{"id":51989,"value":"Fashion"},{"id":27913,"value":""},{"id":72188,"value":["I agree to <a href="https:\/\/www.mintroom.ca\/Terms_and_Conditions.pdf?v=11122018" target="_blank">Terms and Conditions<\/a>"]},{"id":85555,"value":["I agree there will be no more than 10 guests in the room per booking"]},{"id":27913,"value":" "},{"id":87958,"value":[]},{"id":45932,"value":[]}]','approved',null,null,null,null,null,null,null,null,null,null,null,'frontend','2019-06-11 10:59:32' );
INSERT INTO wp_bookly_appointments ( id,location_id,staff_id,staff_any,service_id,custom_service_name,custom_service_price,start_date,end_date,extras_duration,internal_note,google_event_id,google_event_etag,outlook_event_id,outlook_event_change_key,outlook_event_series_id,created_from,created )VALUES( 1402,null,12,0,7,null,null,'2019-06-22 10:00:00','2019-06-22 11:00:00',0,null,null,null,null,null,null,'bookly','2019-06-11 10:59:32' );
INSERT INTO wp_bookly_payments ( id,coupon_id,type,total,tax,paid,paid_type,gateway_price_correction,status,details,created )VALUES( 1402,null,'stripe',186.45,21.45,186.45,'in_full',0.00,'completed','{"items":[{"ca_id":1402,"appointment_date":"2019-06-22 10:00:00","service_name":"Lounge","service_price":55,"service_tax":"7.15","wait_listed":false,"deposit_format":null,"number_of_persons":1,"units":"1","duration":"3600","staff_name":"Lounge","extras":[]}],"coupon":null,"subtotal":{"price":165,"deposit":0},"customer":"Emily Tin","tax_in_price":"excluded","tax_paid":"21.45","extras_multiply_nop":1}','2019-06-11 10:59:32' );
INSERT INTO wp_bookly_customer_appointments ( id,series_id,package_id,customer_id,appointment_id,payment_id,number_of_persons,units,notes,extras,extras_multiply_nop,extras_consider_duration,custom_fields,status,status_changed_at,token,time_zone,time_zone_offset,rating,rating_comment,locale,collaborative_service_id,collaborative_token,compound_service_id,compound_token,created_from,created )VALUES( 1402,null,null,1399,1402,1402,1,1,'','[]',1,1,'[{"id":43107,"value":"Neil Garcia"},{"id":51989,"value":"Fashion"},{"id":27913,"value":""},{"id":72188,"value":["I agree to <a href="https:\/\/www.mintroom.ca\/Terms_and_Conditions.pdf?v=11122018" target="_blank">Terms and Conditions<\/a>"]},{"id":85555,"value":["I agree there will be no more than 10 guests in the room per booking"]},{"id":27913,"value":" "},{"id":87958,"value":[]},{"id":45932,"value":[]}]','approved',null,null,null,null,null,null,null,null,null,null,null,'frontend','2019-06-11 10:59:32' );
INSERT INTO wp_bookly_appointments ( id,location_id,staff_id,staff_any,service_id,custom_service_name,custom_service_price,start_date,end_date,extras_duration,internal_note,google_event_id,google_event_etag,outlook_event_id,outlook_event_change_key,outlook_event_series_id,created_from,created )VALUES( 1403,null,12,0,7,null,null,'2019-06-22 11:00:00','2019-06-22 12:00:00',0,null,null,null,null,null,null,'bookly','2019-06-11 10:59:32' );
INSERT INTO wp_bookly_payments ( id,coupon_id,type,total,tax,paid,paid_type,gateway_price_correction,status,details,created )VALUES( 1403,null,'stripe',186.45,21.45,186.45,'in_full',0.00,'completed','{"items":[{"ca_id":1403,"appointment_date":"2019-06-22 11:00:00","service_name":"Lounge","service_price":55,"service_tax":"7.15","wait_listed":false,"deposit_format":null,"number_of_persons":1,"units":"1","duration":"3600","staff_name":"Lounge","extras":[]}],"coupon":null,"subtotal":{"price":165,"deposit":0},"customer":"Emily Tin","tax_in_price":"excluded","tax_paid":"21.45","extras_multiply_nop":1}','2019-06-11 10:59:32' );
INSERT INTO wp_bookly_customer_appointments ( id,series_id,package_id,customer_id,appointment_id,payment_id,number_of_persons,units,notes,extras,extras_multiply_nop,extras_consider_duration,custom_fields,status,status_changed_at,token,time_zone,time_zone_offset,rating,rating_comment,locale,collaborative_service_id,collaborative_token,compound_service_id,compound_token,created_from,created )VALUES( 1403,null,null,1399,1403,1403,1,1,'','[]',1,1,'[{"id":43107,"value":"Neil Garcia"},{"id":51989,"value":"Fashion"},{"id":27913,"value":""},{"id":72188,"value":["I agree to <a href="https:\/\/www.mintroom.ca\/Terms_and_Conditions.pdf?v=11122018" target="_blank">Terms and Conditions<\/a>"]},{"id":85555,"value":["I agree there will be no more than 10 guests in the room per booking"]},{"id":27913,"value":" "},{"id":87958,"value":[]},{"id":45932,"value":[]}]','approved',null,null,null,null,null,null,null,null,null,null,null,'frontend','2019-06-11 10:59:32' );
INSERT INTO wp_bookly_appointments ( id,location_id,staff_id,staff_any,service_id,custom_service_name,custom_service_price,start_date,end_date,extras_duration,internal_note,google_event_id,google_event_etag,outlook_event_id,outlook_event_change_key,outlook_event_series_id,created_from,created )VALUES( 1404,null,12,0,7,null,null,'2019-06-22 12:00:00','2019-06-22 13:00:00',0,null,null,null,null,null,null,'bookly','2019-06-11 10:59:32' );
INSERT INTO wp_bookly_payments ( id,coupon_id,type,total,tax,paid,paid_type,gateway_price_correction,status,details,created )VALUES( 1404,null,'stripe',186.45,21.45,186.45,'in_full',0.00,'completed','{"items":[{"ca_id":1404,"appointment_date":"2019-06-22 12:00:00","service_name":"Lounge","service_price":55,"service_tax":"7.15","wait_listed":false,"deposit_format":null,"number_of_persons":1,"units":"1","duration":"3600","staff_name":"Lounge","extras":[]}],"coupon":null,"subtotal":{"price":165,"deposit":0},"customer":"Emily Tin","tax_in_price":"excluded","tax_paid":"21.45","extras_multiply_nop":1}','2019-06-11 10:59:32' );
INSERT INTO wp_bookly_customer_appointments ( id,series_id,package_id,customer_id,appointment_id,payment_id,number_of_persons,units,notes,extras,extras_multiply_nop,extras_consider_duration,custom_fields,status,status_changed_at,token,time_zone,time_zone_offset,rating,rating_comment,locale,collaborative_service_id,collaborative_token,compound_service_id,compound_token,created_from,created )VALUES( 1404,null,null,1399,1404,1404,1,1,'','[]',1,1,'[{"id":43107,"value":"Neil Garcia"},{"id":51989,"value":"Fashion"},{"id":27913,"value":""},{"id":72188,"value":["I agree to <a href="https:\/\/www.mintroom.ca\/Terms_and_Conditions.pdf?v=11122018" target="_blank">Terms and Conditions<\/a>"]},{"id":85555,"value":["I agree there will be no more than 10 guests in the room per booking"]},{"id":27913,"value":" "},{"id":87958,"value":[]},{"id":45932,"value":[]}]','approved',null,null,null,null,null,null,null,null,null,null,null,'frontend','2019-06-11 10:59:32' );
INSERT INTO wp_bookly_appointments ( id,location_id,staff_id,staff_any,service_id,custom_service_name,custom_service_price,start_date,end_date,extras_duration,internal_note,google_event_id,google_event_etag,outlook_event_id,outlook_event_change_key,outlook_event_series_id,created_from,created )VALUES( 1405,null,11,0,6,null,null,'2019-07-06 10:00:00','2019-07-06 11:00:00',0,null,null,null,null,null,null,'bookly','2019-06-11 10:59:32' );
INSERT INTO wp_bookly_customers ( id,wp_user_id,facebook_id,group_id,full_name,first_name,last_name,phone,email,birthday,country,state,postcode,city,street,street_number,additional_address,notes,info_fields,credit,created )VALUES( 1405,null,null,null,'Sylvia Angelone','Sylvia Angelone','','416-710-8673','sylvia@plushphotography.ca*',null,'','','','','','','','',null,0,'2019-06-11 10:59:32' );
INSERT INTO wp_bookly_payments ( id,coupon_id,type,total,tax,paid,paid_type,gateway_price_correction,status,details,created )VALUES( 1405,null,'stripe',101.7,11.7,101.7,'in_full',0.00,'completed','{"items":[{"ca_id":1405,"appointment_date":"2019-07-06 10:00:00","service_name":"Library","service_price":90,"service_tax":"11.70","wait_listed":false,"deposit_format":null,"number_of_persons":1,"units":"1","duration":"3600","staff_name":"Library","extras":[]}],"coupon":null,"subtotal":{"price":90,"deposit":0},"customer":"Sylvia Angelone","tax_in_price":"excluded","tax_paid":"11.70","extras_multiply_nop":1}','2019-06-11 10:59:32' );
INSERT INTO wp_bookly_customer_appointments ( id,series_id,package_id,customer_id,appointment_id,payment_id,number_of_persons,units,notes,extras,extras_multiply_nop,extras_consider_duration,custom_fields,status,status_changed_at,token,time_zone,time_zone_offset,rating,rating_comment,locale,collaborative_service_id,collaborative_token,compound_service_id,compound_token,created_from,created )VALUES( 1405,null,null,1405,1405,1405,1,1,'Family and children Portraits','[]',1,1,'[{"id":43107,"value":"Sylvia"},{"id":51989,"value":"Family"},{"id":27913,"value":""},{"id":72188,"value":["I agree to <a href="https:\/\/www.mintroom.ca\/Terms_and_Conditions.pdf?v=11122018" target="_blank">Terms and Conditions<\/a>"]},{"id":85555,"value":["I agree there will be no more than 10 guests in the room per booking"]},{"id":27913,"value":" "},{"id":87958,"value":[]},{"id":45932,"value":[]}]','approved',null,null,null,null,null,null,null,null,null,null,null,'frontend','2019-06-11 10:59:32' );
INSERT INTO wp_bookly_appointments ( id,location_id,staff_id,staff_any,service_id,custom_service_name,custom_service_price,start_date,end_date,extras_duration,internal_note,google_event_id,google_event_etag,outlook_event_id,outlook_event_change_key,outlook_event_series_id,created_from,created )VALUES( 1406,null,12,0,7,null,null,'2019-07-07 14:00:00','2019-07-07 15:00:00',0,null,null,null,null,null,null,'bookly','2019-06-11 10:59:32' );
INSERT INTO wp_bookly_customers ( id,wp_user_id,facebook_id,group_id,full_name,first_name,last_name,phone,email,birthday,country,state,postcode,city,street,street_number,additional_address,notes,info_fields,credit,created )VALUES( 1406,null,null,null,'Sam Gaetz','Sam Gaetz','','4169038331','info@gaetzphotography.com*',null,'','','','','','','','',null,0,'2019-06-11 10:59:32' );
INSERT INTO wp_bookly_payments ( id,coupon_id,type,total,tax,paid,paid_type,gateway_price_correction,status,details,created )VALUES( 1406,null,'stripe',186.45,21.45,186.45,'in_full',0.00,'completed','{"items":[{"ca_id":1406,"appointment_date":"2019-07-07 14:00:00","service_name":"Lounge","service_price":55,"service_tax":"7.15","wait_listed":false,"deposit_format":null,"number_of_persons":1,"units":"1","duration":"3600","staff_name":"Lounge","extras":[]}],"coupon":null,"subtotal":{"price":165,"deposit":0},"customer":"Sam Gaetz","tax_in_price":"excluded","tax_paid":"21.45","extras_multiply_nop":1}','2019-06-11 10:59:32' );
INSERT INTO wp_bookly_customer_appointments ( id,series_id,package_id,customer_id,appointment_id,payment_id,number_of_persons,units,notes,extras,extras_multiply_nop,extras_consider_duration,custom_fields,status,status_changed_at,token,time_zone,time_zone_offset,rating,rating_comment,locale,collaborative_service_id,collaborative_token,compound_service_id,compound_token,created_from,created )VALUES( 1406,null,null,1406,1406,1406,1,1,'For a Band','[]',1,1,'[{"id":43107,"value":"Sam Gaetz"},{"id":51989,"value":"Portrait"},{"id":27913,"value":""},{"id":72188,"value":["I agree to <a href="https:\/\/www.mintroom.ca\/Terms_and_Conditions.pdf?v=11122018" target="_blank">Terms and Conditions<\/a>"]},{"id":85555,"value":["I agree there will be no more than 10 guests in the room per booking"]},{"id":27913,"value":" "},{"id":87958,"value":[]},{"id":45932,"value":[]}]','approved',null,null,null,null,null,null,null,null,null,null,null,'frontend','2019-06-11 10:59:32' );
INSERT INTO wp_bookly_appointments ( id,location_id,staff_id,staff_any,service_id,custom_service_name,custom_service_price,start_date,end_date,extras_duration,internal_note,google_event_id,google_event_etag,outlook_event_id,outlook_event_change_key,outlook_event_series_id,created_from,created )VALUES( 1407,null,12,0,7,null,null,'2019-07-07 15:00:00','2019-07-07 16:00:00',0,null,null,null,null,null,null,'bookly','2019-06-11 10:59:32' );
INSERT INTO wp_bookly_payments ( id,coupon_id,type,total,tax,paid,paid_type,gateway_price_correction,status,details,created )VALUES( 1407,null,'stripe',186.45,21.45,186.45,'in_full',0.00,'completed','{"items":[{"ca_id":1407,"appointment_date":"2019-07-07 15:00:00","service_name":"Lounge","service_price":55,"service_tax":"7.15","wait_listed":false,"deposit_format":null,"number_of_persons":1,"units":"1","duration":"3600","staff_name":"Lounge","extras":[]}],"coupon":null,"subtotal":{"price":165,"deposit":0},"customer":"Sam Gaetz","tax_in_price":"excluded","tax_paid":"21.45","extras_multiply_nop":1}','2019-06-11 10:59:32' );
INSERT INTO wp_bookly_customer_appointments ( id,series_id,package_id,customer_id,appointment_id,payment_id,number_of_persons,units,notes,extras,extras_multiply_nop,extras_consider_duration,custom_fields,status,status_changed_at,token,time_zone,time_zone_offset,rating,rating_comment,locale,collaborative_service_id,collaborative_token,compound_service_id,compound_token,created_from,created )VALUES( 1407,null,null,1406,1407,1407,1,1,'For a Band','[]',1,1,'[{"id":43107,"value":"Sam Gaetz"},{"id":51989,"value":"Portrait"},{"id":27913,"value":""},{"id":72188,"value":["I agree to <a href="https:\/\/www.mintroom.ca\/Terms_and_Conditions.pdf?v=11122018" target="_blank">Terms and Conditions<\/a>"]},{"id":85555,"value":["I agree there will be no more than 10 guests in the room per booking"]},{"id":27913,"value":" "},{"id":87958,"value":[]},{"id":45932,"value":[]}]','approved',null,null,null,null,null,null,null,null,null,null,null,'frontend','2019-06-11 10:59:32' );
INSERT INTO wp_bookly_appointments ( id,location_id,staff_id,staff_any,service_id,custom_service_name,custom_service_price,start_date,end_date,extras_duration,internal_note,google_event_id,google_event_etag,outlook_event_id,outlook_event_change_key,outlook_event_series_id,created_from,created )VALUES( 1408,null,12,0,7,null,null,'2019-07-07 16:00:00','2019-07-07 17:00:00',0,null,null,null,null,null,null,'bookly','2019-06-11 10:59:32' );
INSERT INTO wp_bookly_payments ( id,coupon_id,type,total,tax,paid,paid_type,gateway_price_correction,status,details,created )VALUES( 1408,null,'stripe',186.45,21.45,186.45,'in_full',0.00,'completed','{"items":[{"ca_id":1408,"appointment_date":"2019-07-07 16:00:00","service_name":"Lounge","service_price":55,"service_tax":"7.15","wait_listed":false,"deposit_format":null,"number_of_persons":1,"units":"1","duration":"3600","staff_name":"Lounge","extras":[]}],"coupon":null,"subtotal":{"price":165,"deposit":0},"customer":"Sam Gaetz","tax_in_price":"excluded","tax_paid":"21.45","extras_multiply_nop":1}','2019-06-11 10:59:32' );
INSERT INTO wp_bookly_customer_appointments ( id,series_id,package_id,customer_id,appointment_id,payment_id,number_of_persons,units,notes,extras,extras_multiply_nop,extras_consider_duration,custom_fields,status,status_changed_at,token,time_zone,time_zone_offset,rating,rating_comment,locale,collaborative_service_id,collaborative_token,compound_service_id,compound_token,created_from,created )VALUES( 1408,null,null,1406,1408,1408,1,1,'For a Band','[]',1,1,'[{"id":43107,"value":"Sam Gaetz"},{"id":51989,"value":"Portrait"},{"id":27913,"value":""},{"id":72188,"value":["I agree to <a href="https:\/\/www.mintroom.ca\/Terms_and_Conditions.pdf?v=11122018" target="_blank">Terms and Conditions<\/a>"]},{"id":85555,"value":["I agree there will be no more than 10 guests in the room per booking"]},{"id":27913,"value":" "},{"id":87958,"value":[]},{"id":45932,"value":[]}]','approved',null,null,null,null,null,null,null,null,null,null,null,'frontend','2019-06-11 10:59:32' );
INSERT INTO wp_bookly_appointments ( id,location_id,staff_id,staff_any,service_id,custom_service_name,custom_service_price,start_date,end_date,extras_duration,internal_note,google_event_id,google_event_etag,outlook_event_id,outlook_event_change_key,outlook_event_series_id,created_from,created )VALUES( 1409,null,11,0,6,null,null,'2019-06-30 13:00:00','2019-06-30 14:00:00',0,null,null,null,null,null,null,'bookly','2019-06-11 10:59:32' );
INSERT INTO wp_bookly_customers ( id,wp_user_id,facebook_id,group_id,full_name,first_name,last_name,phone,email,birthday,country,state,postcode,city,street,street_number,additional_address,notes,info_fields,credit,created )VALUES( 1409,null,null,null,'kelsey ferguson','kelsey ferguson','','5198029300','hey.kelseyf@gmail.com*',null,'','','','','','','','',null,0,'2019-06-11 10:59:32' );
INSERT INTO wp_bookly_payments ( id,coupon_id,type,total,tax,paid,paid_type,gateway_price_correction,status,details,created )VALUES( 1409,null,'stripe',203.4,23.4,203.4,'in_full',0.00,'completed','{"items":[{"ca_id":1409,"appointment_date":"2019-06-30 13:00:00","service_name":"Library","service_price":90,"service_tax":"11.70","wait_listed":false,"deposit_format":null,"number_of_persons":1,"units":"1","duration":"3600","staff_name":"Library","extras":[]}],"coupon":null,"subtotal":{"price":180,"deposit":0},"customer":"kelsey ferguson","tax_in_price":"excluded","tax_paid":"23.40","extras_multiply_nop":1}','2019-06-11 10:59:32' );
INSERT INTO wp_bookly_customer_appointments ( id,series_id,package_id,customer_id,appointment_id,payment_id,number_of_persons,units,notes,extras,extras_multiply_nop,extras_consider_duration,custom_fields,status,status_changed_at,token,time_zone,time_zone_offset,rating,rating_comment,locale,collaborative_service_id,collaborative_token,compound_service_id,compound_token,created_from,created )VALUES( 1409,null,null,1409,1409,1409,1,1,'','[]',1,1,'[{"id":43107,"value":"eddie soza"},{"id":51989,"value":"Fashion"},{"id":27913,"value":""},{"id":72188,"value":["I agree to <a href="https:\/\/www.mintroom.ca\/Terms_and_Conditions.pdf?v=11122018" target="_blank">Terms and Conditions<\/a>"]},{"id":85555,"value":["I agree there will be no more than 10 guests in the room per booking"]},{"id":27913,"value":" "},{"id":87958,"value":[]},{"id":45932,"value":[]}]','approved',null,null,null,null,null,null,null,null,null,null,null,'frontend','2019-06-11 10:59:32' );
INSERT INTO wp_bookly_appointments ( id,location_id,staff_id,staff_any,service_id,custom_service_name,custom_service_price,start_date,end_date,extras_duration,internal_note,google_event_id,google_event_etag,outlook_event_id,outlook_event_change_key,outlook_event_series_id,created_from,created )VALUES( 1410,null,11,0,6,null,null,'2019-06-30 14:00:00','2019-06-30 15:00:00',0,null,null,null,null,null,null,'bookly','2019-06-11 10:59:32' );
INSERT INTO wp_bookly_payments ( id,coupon_id,type,total,tax,paid,paid_type,gateway_price_correction,status,details,created )VALUES( 1410,null,'stripe',203.4,23.4,203.4,'in_full',0.00,'completed','{"items":[{"ca_id":1410,"appointment_date":"2019-06-30 14:00:00","service_name":"Library","service_price":90,"service_tax":"11.70","wait_listed":false,"deposit_format":null,"number_of_persons":1,"units":"1","duration":"3600","staff_name":"Library","extras":[]}],"coupon":null,"subtotal":{"price":180,"deposit":0},"customer":"kelsey ferguson","tax_in_price":"excluded","tax_paid":"23.40","extras_multiply_nop":1}','2019-06-11 10:59:32' );
INSERT INTO wp_bookly_customer_appointments ( id,series_id,package_id,customer_id,appointment_id,payment_id,number_of_persons,units,notes,extras,extras_multiply_nop,extras_consider_duration,custom_fields,status,status_changed_at,token,time_zone,time_zone_offset,rating,rating_comment,locale,collaborative_service_id,collaborative_token,compound_service_id,compound_token,created_from,created )VALUES( 1410,null,null,1409,1410,1410,1,1,'','[]',1,1,'[{"id":43107,"value":"eddie soza"},{"id":51989,"value":"Fashion"},{"id":27913,"value":""},{"id":72188,"value":["I agree to <a href="https:\/\/www.mintroom.ca\/Terms_and_Conditions.pdf?v=11122018" target="_blank">Terms and Conditions<\/a>"]},{"id":85555,"value":["I agree there will be no more than 10 guests in the room per booking"]},{"id":27913,"value":" "},{"id":87958,"value":[]},{"id":45932,"value":[]}]','approved',null,null,null,null,null,null,null,null,null,null,null,'frontend','2019-06-11 10:59:32' );
INSERT INTO wp_bookly_appointments ( id,location_id,staff_id,staff_any,service_id,custom_service_name,custom_service_price,start_date,end_date,extras_duration,internal_note,google_event_id,google_event_etag,outlook_event_id,outlook_event_change_key,outlook_event_series_id,created_from,created )VALUES( 1411,null,10,0,5,null,null,'2019-07-06 11:00:00','2019-07-06 12:00:00',0,null,null,null,null,null,null,'bookly','2019-06-11 10:59:32' );
INSERT INTO wp_bookly_payments ( id,coupon_id,type,total,tax,paid,paid_type,gateway_price_correction,status,details,created )VALUES( 1411,51,'stripe',81.36,9.36,81.36,'in_full',0.00,'completed','{"items":[{"ca_id":1411,"appointment_date":"2019-07-06 11:00:00","service_name":"Conservatory","service_price":90,"service_tax":"11.70","wait_listed":false,"deposit_format":null,"number_of_persons":1,"units":"1","duration":"3600","staff_name":"Conservatory","extras":[]}],"coupon":{"code":"nicolecohen9@gmail.com","discount":20,"deduction":"0.00"},"subtotal":{"price":90,"deposit":0},"customer":"nicole","tax_in_price":"excluded","tax_paid":"9.36","extras_multiply_nop":1}','2019-06-11 10:59:32' );
INSERT INTO wp_bookly_customer_appointments ( id,series_id,package_id,customer_id,appointment_id,payment_id,number_of_persons,units,notes,extras,extras_multiply_nop,extras_consider_duration,custom_fields,status,status_changed_at,token,time_zone,time_zone_offset,rating,rating_comment,locale,collaborative_service_id,collaborative_token,compound_service_id,compound_token,created_from,created )VALUES( 1411,null,null,1280,1411,1411,1,1,'','[]',1,1,'[{"id":43107,"value":"nicole lewis"},{"id":51989,"value":"Family"},{"id":27913,"value":""},{"id":72188,"value":["I agree to <a href="https:\/\/www.mintroom.ca\/Terms_and_Conditions.pdf?v=11122018" target="_blank">Terms and Conditions<\/a>"]},{"id":85555,"value":["I agree there will be no more than 10 guests in the room per booking"]},{"id":27913,"value":" "},{"id":87958,"value":[]},{"id":45932,"value":[]}]','approved',null,null,null,null,null,null,null,null,null,null,null,'frontend','2019-06-11 10:59:32' );
INSERT INTO wp_bookly_appointments ( id,location_id,staff_id,staff_any,service_id,custom_service_name,custom_service_price,start_date,end_date,extras_duration,internal_note,google_event_id,google_event_etag,outlook_event_id,outlook_event_change_key,outlook_event_series_id,created_from,created )VALUES( 1412,null,11,0,6,null,null,'2019-06-12 18:00:00','2019-06-12 19:00:00',0,null,null,null,null,null,null,'bookly','2019-06-11 10:59:32' );
INSERT INTO wp_bookly_customers ( id,wp_user_id,facebook_id,group_id,full_name,first_name,last_name,phone,email,birthday,country,state,postcode,city,street,street_number,additional_address,notes,info_fields,credit,created )VALUES( 1412,null,null,null,'Justin Miles Hagley','Justin Miles Hagley','','4167048760','justin.hagley@live.com*',null,'','','','','','','','',null,0,'2019-06-11 10:59:32' );
INSERT INTO wp_bookly_payments ( id,coupon_id,type,total,tax,paid,paid_type,gateway_price_correction,status,details,created )VALUES( 1412,null,'stripe',101.7,11.7,101.7,'in_full',0.00,'completed','{"items":[{"ca_id":1412,"appointment_date":"2019-06-12 18:00:00","service_name":"Library","service_price":90,"service_tax":"11.70","wait_listed":false,"deposit_format":null,"number_of_persons":1,"units":"1","duration":"3600","staff_name":"Library","extras":[]}],"coupon":null,"subtotal":{"price":90,"deposit":0},"customer":"Justin Miles Hagley","tax_in_price":"excluded","tax_paid":"11.70","extras_multiply_nop":1}','2019-06-11 10:59:32' );
INSERT INTO wp_bookly_customer_appointments ( id,series_id,package_id,customer_id,appointment_id,payment_id,number_of_persons,units,notes,extras,extras_multiply_nop,extras_consider_duration,custom_fields,status,status_changed_at,token,time_zone,time_zone_offset,rating,rating_comment,locale,collaborative_service_id,collaborative_token,compound_service_id,compound_token,created_from,created )VALUES( 1412,null,null,1412,1412,1412,1,1,'','[]',1,1,'[{"id":43107,"value":"Justin Miles Hagley"},{"id":51989,"value":"Portrait"},{"id":27913,"value":""},{"id":72188,"value":["I agree to <a href="https:\/\/www.mintroom.ca\/Terms_and_Conditions.pdf?v=11122018" target="_blank">Terms and Conditions<\/a>"]},{"id":85555,"value":["I agree there will be no more than 10 guests in the room per booking"]},{"id":27913,"value":" "},{"id":87958,"value":[]},{"id":45932,"value":[]}]','approved',null,null,null,null,null,null,null,null,null,null,null,'frontend','2019-06-11 10:59:32' );
INSERT INTO wp_bookly_appointments ( id,location_id,staff_id,staff_any,service_id,custom_service_name,custom_service_price,start_date,end_date,extras_duration,internal_note,google_event_id,google_event_etag,outlook_event_id,outlook_event_change_key,outlook_event_series_id,created_from,created )VALUES( 1413,null,12,0,7,null,null,'2019-06-12 19:00:00','2019-06-12 20:00:00',0,null,null,null,null,null,null,'bookly','2019-06-11 10:59:32' );
INSERT INTO wp_bookly_payments ( id,coupon_id,type,total,tax,paid,paid_type,gateway_price_correction,status,details,created )VALUES( 1413,null,'stripe',62.15,7.15,62.15,'in_full',0.00,'completed','{"items":[{"ca_id":1413,"appointment_date":"2019-06-12 19:00:00","service_name":"Lounge","service_price":55,"service_tax":"7.15","wait_listed":false,"deposit_format":null,"number_of_persons":1,"units":"1","duration":"3600","staff_name":"Lounge","extras":[]}],"coupon":null,"subtotal":{"price":55,"deposit":0},"customer":"Justin Miles Hagley","tax_in_price":"excluded","tax_paid":"7.15","extras_multiply_nop":1}','2019-06-11 10:59:32' );
INSERT INTO wp_bookly_customer_appointments ( id,series_id,package_id,customer_id,appointment_id,payment_id,number_of_persons,units,notes,extras,extras_multiply_nop,extras_consider_duration,custom_fields,status,status_changed_at,token,time_zone,time_zone_offset,rating,rating_comment,locale,collaborative_service_id,collaborative_token,compound_service_id,compound_token,created_from,created )VALUES( 1413,null,null,1412,1413,1413,1,1,'','[]',1,1,'[{"id":43107,"value":"Justin Miles Hagley"},{"id":51989,"value":"Portrait"},{"id":27913,"value":""},{"id":72188,"value":["I agree to <a href="https:\/\/www.mintroom.ca\/Terms_and_Conditions.pdf?v=11122018" target="_blank">Terms and Conditions<\/a>"]},{"id":85555,"value":["I agree there will be no more than 10 guests in the room per booking"]},{"id":27913,"value":" "},{"id":87958,"value":[]},{"id":45932,"value":[]}]','approved',null,null,null,null,null,null,null,null,null,null,null,'frontend','2019-06-11 10:59:32' );
INSERT INTO wp_bookly_appointments ( id,location_id,staff_id,staff_any,service_id,custom_service_name,custom_service_price,start_date,end_date,extras_duration,internal_note,google_event_id,google_event_etag,outlook_event_id,outlook_event_change_key,outlook_event_series_id,created_from,created )VALUES( 1414,null,9,0,4,null,null,'2019-07-09 11:00:00','2019-07-09 12:00:00',0,null,null,null,null,null,null,'bookly','2019-06-11 10:59:32' );
INSERT INTO wp_bookly_customers ( id,wp_user_id,facebook_id,group_id,full_name,first_name,last_name,phone,email,birthday,country,state,postcode,city,street,street_number,additional_address,notes,info_fields,credit,created )VALUES( 1414,null,null,null,'Alexandra Nesterova','Alexandra Nesterova','','416-576-6363','Alexandranesterova@yahoo.ca*',null,'','','','','','','','',null,0,'2019-06-11 10:59:32' );
INSERT INTO wp_bookly_payments ( id,coupon_id,type,total,tax,paid,paid_type,gateway_price_correction,status,details,created )VALUES( 1414,null,'stripe',101.7,11.7,101.7,'in_full',0.00,'completed','{"items":[{"ca_id":1414,"appointment_date":"2019-07-09 11:00:00","service_name":"Ballroom","service_price":90,"service_tax":"11.70","wait_listed":false,"deposit_format":null,"number_of_persons":1,"units":"1","duration":"3600","staff_name":"Ballroom","extras":[]}],"coupon":null,"subtotal":{"price":90,"deposit":0},"customer":"Alexandra Nesterova","tax_in_price":"excluded","tax_paid":"11.70","extras_multiply_nop":1}','2019-06-11 10:59:32' );
INSERT INTO wp_bookly_customer_appointments ( id,series_id,package_id,customer_id,appointment_id,payment_id,number_of_persons,units,notes,extras,extras_multiply_nop,extras_consider_duration,custom_fields,status,status_changed_at,token,time_zone,time_zone_offset,rating,rating_comment,locale,collaborative_service_id,collaborative_token,compound_service_id,compound_token,created_from,created )VALUES( 1414,null,null,1414,1414,1414,1,1,'','[]',1,1,'[{"id":43107,"value":"Anna Scetinina"},{"id":51989,"value":"Family"},{"id":27913,"value":""},{"id":72188,"value":["I agree to <a href="https:\/\/www.mintroom.ca\/Terms_and_Conditions.pdf?v=11122018" target="_blank">Terms and Conditions<\/a>"]},{"id":85555,"value":["I agree there will be no more than 10 guests in the room per booking"]},{"id":27913,"value":" "},{"id":87958,"value":[]},{"id":45932,"value":[]}]','approved',null,null,null,null,null,null,null,null,null,null,null,'frontend','2019-06-11 10:59:32' );
INSERT INTO wp_bookly_appointments ( id,location_id,staff_id,staff_any,service_id,custom_service_name,custom_service_price,start_date,end_date,extras_duration,internal_note,google_event_id,google_event_etag,outlook_event_id,outlook_event_change_key,outlook_event_series_id,created_from,created )VALUES( 1415,null,11,0,6,null,null,'2019-06-18 08:00:00','2019-06-18 09:00:00',0,null,null,null,null,null,null,'bookly','2019-06-11 10:59:32' );
INSERT INTO wp_bookly_customers ( id,wp_user_id,facebook_id,group_id,full_name,first_name,last_name,phone,email,birthday,country,state,postcode,city,street,street_number,additional_address,notes,info_fields,credit,created )VALUES( 1415,null,null,null,'Prashanth','Prashanth','','6479824097','prashanth04g@gmail.com*',null,'','','','','','','','',null,0,'2019-06-11 10:59:32' );
INSERT INTO wp_bookly_payments ( id,coupon_id,type,total,tax,paid,paid_type,gateway_price_correction,status,details,created )VALUES( 1415,null,'stripe',101.7,11.7,101.7,'in_full',0.00,'completed','{"items":[{"ca_id":1415,"appointment_date":"2019-06-18 08:00:00","service_name":"Library","service_price":90,"service_tax":"11.70","wait_listed":false,"deposit_format":null,"number_of_persons":1,"units":"1","duration":"3600","staff_name":"Library","extras":[]}],"coupon":null,"subtotal":{"price":90,"deposit":0},"customer":"Prashanth","tax_in_price":"excluded","tax_paid":"11.70","extras_multiply_nop":1}','2019-06-11 10:59:32' );
INSERT INTO wp_bookly_customer_appointments ( id,series_id,package_id,customer_id,appointment_id,payment_id,number_of_persons,units,notes,extras,extras_multiply_nop,extras_consider_duration,custom_fields,status,status_changed_at,token,time_zone,time_zone_offset,rating,rating_comment,locale,collaborative_service_id,collaborative_token,compound_service_id,compound_token,created_from,created )VALUES( 1415,null,null,1415,1415,1415,1,1,'','[]',1,1,'[{"id":43107,"value":"Mugunthan"},{"id":51989,"value":"Portrait"},{"id":27913,"value":""},{"id":72188,"value":["I agree to <a href="https:\/\/www.mintroom.ca\/Terms_and_Conditions.pdf?v=11122018" target="_blank">Terms and Conditions<\/a>"]},{"id":85555,"value":["I agree there will be no more than 10 guests in the room per booking"]},{"id":27913,"value":" "},{"id":87958,"value":[]},{"id":45932,"value":[]}]','approved',null,null,null,null,null,null,null,null,null,null,null,'frontend','2019-06-11 10:59:32' );
INSERT INTO wp_bookly_appointments ( id,location_id,staff_id,staff_any,service_id,custom_service_name,custom_service_price,start_date,end_date,extras_duration,internal_note,google_event_id,google_event_etag,outlook_event_id,outlook_event_change_key,outlook_event_series_id,created_from,created )VALUES( 1416,null,12,0,7,null,null,'2019-06-24 12:00:00','2019-06-24 13:00:00',0,null,null,null,null,null,null,'bookly','2019-06-11 10:59:32' );
INSERT INTO wp_bookly_customers ( id,wp_user_id,facebook_id,group_id,full_name,first_name,last_name,phone,email,birthday,country,state,postcode,city,street,street_number,additional_address,notes,info_fields,credit,created )VALUES( 1416,null,null,null,'Alex & Alina Ustenko','Alex & Alina Ustenko','','905 699 3875','Alina.ustenko.ca@gmail.com*',null,'','','','','','','','',null,0,'2019-06-11 10:59:32' );
INSERT INTO wp_bookly_payments ( id,coupon_id,type,total,tax,paid,paid_type,gateway_price_correction,status,details,created )VALUES( 1416,null,'stripe',62.15,7.15,62.15,'in_full',0.00,'completed','{"items":[{"ca_id":1416,"appointment_date":"2019-06-24 12:00:00","service_name":"Lounge","service_price":55,"service_tax":"7.15","wait_listed":false,"deposit_format":null,"number_of_persons":1,"units":"1","duration":"3600","staff_name":"Lounge","extras":[]}],"coupon":null,"subtotal":{"price":55,"deposit":0},"customer":"Alex & Alina Ustenko","tax_in_price":"excluded","tax_paid":"7.15","extras_multiply_nop":1}','2019-06-11 10:59:32' );
INSERT INTO wp_bookly_customer_appointments ( id,series_id,package_id,customer_id,appointment_id,payment_id,number_of_persons,units,notes,extras,extras_multiply_nop,extras_consider_duration,custom_fields,status,status_changed_at,token,time_zone,time_zone_offset,rating,rating_comment,locale,collaborative_service_id,collaborative_token,compound_service_id,compound_token,created_from,created )VALUES( 1416,null,null,1416,1416,1416,1,1,'','[]',1,1,'[{"id":43107,"value":"Alina Rahman"},{"id":51989,"value":"Family"},{"id":27913,"value":""},{"id":72188,"value":["I agree to <a href="https:\/\/www.mintroom.ca\/Terms_and_Conditions.pdf?v=11122018" target="_blank">Terms and Conditions<\/a>"]},{"id":85555,"value":["I agree there will be no more than 10 guests in the room per booking"]},{"id":27913,"value":" "},{"id":87958,"value":[]},{"id":45932,"value":[]}]','approved',null,null,null,null,null,null,null,null,null,null,null,'frontend','2019-06-11 10:59:32' );
INSERT INTO wp_bookly_appointments ( id,location_id,staff_id,staff_any,service_id,custom_service_name,custom_service_price,start_date,end_date,extras_duration,internal_note,google_event_id,google_event_etag,outlook_event_id,outlook_event_change_key,outlook_event_series_id,created_from,created )VALUES( 1417,null,10,0,5,null,null,'2019-06-24 11:00:00','2019-06-24 12:00:00',0,null,null,null,null,null,null,'bookly','2019-06-11 10:59:32' );
INSERT INTO wp_bookly_payments ( id,coupon_id,type,total,tax,paid,paid_type,gateway_price_correction,status,details,created )VALUES( 1417,null,'stripe',101.7,11.7,101.7,'in_full',0.00,'completed','{"items":[{"ca_id":1417,"appointment_date":"2019-06-24 11:00:00","service_name":"Conservatory","service_price":90,"service_tax":"11.70","wait_listed":false,"deposit_format":null,"number_of_persons":1,"units":"1","duration":"3600","staff_name":"Conservatory","extras":[]}],"coupon":null,"subtotal":{"price":90,"deposit":0},"customer":"Alex & Alina Ustenko","tax_in_price":"excluded","tax_paid":"11.70","extras_multiply_nop":1}','2019-06-11 10:59:32' );
INSERT INTO wp_bookly_customer_appointments ( id,series_id,package_id,customer_id,appointment_id,payment_id,number_of_persons,units,notes,extras,extras_multiply_nop,extras_consider_duration,custom_fields,status,status_changed_at,token,time_zone,time_zone_offset,rating,rating_comment,locale,collaborative_service_id,collaborative_token,compound_service_id,compound_token,created_from,created )VALUES( 1417,null,null,1416,1417,1417,1,1,'','[]',1,1,'[{"id":43107,"value":"Alina Rahman"},{"id":51989,"value":"Fashion"},{"id":27913,"value":""},{"id":72188,"value":["I agree to <a href="https:\/\/www.mintroom.ca\/Terms_and_Conditions.pdf?v=11122018" target="_blank">Terms and Conditions<\/a>"]},{"id":85555,"value":["I agree there will be no more than 10 guests in the room per booking"]},{"id":27913,"value":" "},{"id":87958,"value":[]},{"id":45932,"value":[]}]','approved',null,null,null,null,null,null,null,null,null,null,null,'frontend','2019-06-11 10:59:32' );
INSERT INTO wp_bookly_appointments ( id,location_id,staff_id,staff_any,service_id,custom_service_name,custom_service_price,start_date,end_date,extras_duration,internal_note,google_event_id,google_event_etag,outlook_event_id,outlook_event_change_key,outlook_event_series_id,created_from,created )VALUES( 1418,null,9,0,4,null,null,'2019-07-06 14:00:00','2019-07-06 15:00:00',0,null,null,null,null,null,null,'bookly','2019-06-11 10:59:32' );
INSERT INTO wp_bookly_customers ( id,wp_user_id,facebook_id,group_id,full_name,first_name,last_name,phone,email,birthday,country,state,postcode,city,street,street_number,additional_address,notes,info_fields,credit,created )VALUES( 1418,null,null,null,'Christina Scalia','Christina Scalia','','416-356-8584','christina.scalia@gmail.com*',null,'','','','','','','','',null,0,'2019-06-11 10:59:32' );
INSERT INTO wp_bookly_payments ( id,coupon_id,type,total,tax,paid,paid_type,gateway_price_correction,status,details,created )VALUES( 1418,null,'stripe',101.7,11.7,101.7,'in_full',0.00,'completed','{"items":[{"ca_id":1418,"appointment_date":"2019-07-06 14:00:00","service_name":"Ballroom","service_price":90,"service_tax":"11.70","wait_listed":false,"deposit_format":null,"number_of_persons":1,"units":"1","duration":"3600","staff_name":"Ballroom","extras":[]}],"coupon":null,"subtotal":{"price":90,"deposit":0},"customer":"Christina Scalia","tax_in_price":"excluded","tax_paid":"11.70","extras_multiply_nop":1}','2019-06-11 10:59:32' );
INSERT INTO wp_bookly_customer_appointments ( id,series_id,package_id,customer_id,appointment_id,payment_id,number_of_persons,units,notes,extras,extras_multiply_nop,extras_consider_duration,custom_fields,status,status_changed_at,token,time_zone,time_zone_offset,rating,rating_comment,locale,collaborative_service_id,collaborative_token,compound_service_id,compound_token,created_from,created )VALUES( 1418,null,null,1418,1418,1418,1,1,'','[]',1,1,'[{"id":43107,"value":"Amsis"},{"id":51989,"value":"Wedding"},{"id":27913,"value":""},{"id":72188,"value":["I agree to <a href="https:\/\/www.mintroom.ca\/Terms_and_Conditions.pdf?v=11122018" target="_blank">Terms and Conditions<\/a>"]},{"id":85555,"value":["I agree there will be no more than 10 guests in the room per booking"]},{"id":27913,"value":" "},{"id":87958,"value":[]},{"id":45932,"value":[]}]','approved',null,null,null,null,null,null,null,null,null,null,null,'frontend','2019-06-11 10:59:32' );
INSERT INTO wp_bookly_appointments ( id,location_id,staff_id,staff_any,service_id,custom_service_name,custom_service_price,start_date,end_date,extras_duration,internal_note,google_event_id,google_event_etag,outlook_event_id,outlook_event_change_key,outlook_event_series_id,created_from,created )VALUES( 1419,null,11,0,6,null,null,'2019-06-23 13:00:00','2019-06-23 14:00:00',0,null,null,null,null,null,null,'bookly','2019-06-11 10:59:32' );
INSERT INTO wp_bookly_customers ( id,wp_user_id,facebook_id,group_id,full_name,first_name,last_name,phone,email,birthday,country,state,postcode,city,street,street_number,additional_address,notes,info_fields,credit,created )VALUES( 1419,null,null,null,'Ananthan Vijayakumar','Ananthan Vijayakumar','','4168540483','nair5150@mylaurier.ca*',null,'','','','','','','','',null,0,'2019-06-11 10:59:32' );
INSERT INTO wp_bookly_payments ( id,coupon_id,type,total,tax,paid,paid_type,gateway_price_correction,status,details,created )VALUES( 1419,null,'stripe',101.7,11.7,101.7,'in_full',0.00,'completed','{"items":[{"ca_id":1419,"appointment_date":"2019-06-23 13:00:00","service_name":"Library","service_price":90,"service_tax":"11.70","wait_listed":false,"deposit_format":null,"number_of_persons":1,"units":"1","duration":"3600","staff_name":"Library","extras":[]}],"coupon":null,"subtotal":{"price":90,"deposit":0},"customer":"Ananthan Vijayakumar","tax_in_price":"excluded","tax_paid":"11.70","extras_multiply_nop":1}','2019-06-11 10:59:32' );
INSERT INTO wp_bookly_customer_appointments ( id,series_id,package_id,customer_id,appointment_id,payment_id,number_of_persons,units,notes,extras,extras_multiply_nop,extras_consider_duration,custom_fields,status,status_changed_at,token,time_zone,time_zone_offset,rating,rating_comment,locale,collaborative_service_id,collaborative_token,compound_service_id,compound_token,created_from,created )VALUES( 1419,null,null,1419,1419,1419,1,1,'We are a indian/sri lankan couple and wish to have our wedding e-shoot done here. ','[]',1,1,'[{"id":43107,"value":"Shan Ambi"},{"id":51989,"value":"Wedding"},{"id":27913,"value":""},{"id":72188,"value":["I agree to <a href="https:\/\/www.mintroom.ca\/Terms_and_Conditions.pdf?v=11122018" target="_blank">Terms and Conditions<\/a>"]},{"id":85555,"value":["I agree there will be no more than 10 guests in the room per booking"]},{"id":27913,"value":" "},{"id":87958,"value":[]},{"id":45932,"value":[]}]','approved',null,null,null,null,null,null,null,null,null,null,null,'frontend','2019-06-11 10:59:32' );
INSERT INTO wp_bookly_appointments ( id,location_id,staff_id,staff_any,service_id,custom_service_name,custom_service_price,start_date,end_date,extras_duration,internal_note,google_event_id,google_event_etag,outlook_event_id,outlook_event_change_key,outlook_event_series_id,created_from,created )VALUES( 1420,null,12,0,7,null,null,'2019-06-23 10:00:00','2019-06-23 11:00:00',0,null,null,null,null,null,null,'bookly','2019-06-11 10:59:32' );
INSERT INTO wp_bookly_customers ( id,wp_user_id,facebook_id,group_id,full_name,first_name,last_name,phone,email,birthday,country,state,postcode,city,street,street_number,additional_address,notes,info_fields,credit,created )VALUES( 1420,null,null,null,'Michael Mora','Michael Mora','','4162305986','mike_mora@hotmail.com*',null,'','','','','','','','',null,0,'2019-06-11 10:59:32' );
INSERT INTO wp_bookly_payments ( id,coupon_id,type,total,tax,paid,paid_type,gateway_price_correction,status,details,created )VALUES( 1420,null,'stripe',62.15,7.15,62.15,'in_full',0.00,'completed','{"items":[{"ca_id":1420,"appointment_date":"2019-06-23 10:00:00","service_name":"Lounge","service_price":55,"service_tax":"7.15","wait_listed":false,"deposit_format":null,"number_of_persons":1,"units":"1","duration":"3600","staff_name":"Lounge","extras":[]}],"coupon":null,"subtotal":{"price":55,"deposit":0},"customer":"Michael Mora","tax_in_price":"excluded","tax_paid":"7.15","extras_multiply_nop":1}','2019-06-11 10:59:32' );
INSERT INTO wp_bookly_customer_appointments ( id,series_id,package_id,customer_id,appointment_id,payment_id,number_of_persons,units,notes,extras,extras_multiply_nop,extras_consider_duration,custom_fields,status,status_changed_at,token,time_zone,time_zone_offset,rating,rating_comment,locale,collaborative_service_id,collaborative_token,compound_service_id,compound_token,created_from,created )VALUES( 1420,null,null,1420,1420,1420,1,1,'','[]',1,1,'[{"id":43107,"value":"Michael Mora"},{"id":51989,"value":"Fashion"},{"id":27913,"value":""},{"id":72188,"value":["I agree to <a href="https:\/\/www.mintroom.ca\/Terms_and_Conditions.pdf?v=11122018" target="_blank">Terms and Conditions<\/a>"]},{"id":85555,"value":["I agree there will be no more than 10 guests in the room per booking"]},{"id":27913,"value":" "},{"id":87958,"value":[]},{"id":45932,"value":[]}]','approved',null,null,null,null,null,null,null,null,null,null,null,'frontend','2019-06-11 10:59:32' );
INSERT INTO wp_bookly_appointments ( id,location_id,staff_id,staff_any,service_id,custom_service_name,custom_service_price,start_date,end_date,extras_duration,internal_note,google_event_id,google_event_etag,outlook_event_id,outlook_event_change_key,outlook_event_series_id,created_from,created )VALUES( 1421,null,9,0,4,null,null,'2019-06-23 09:00:00','2019-06-23 10:00:00',0,null,null,null,null,null,null,'bookly','2019-06-11 10:59:32' );
INSERT INTO wp_bookly_payments ( id,coupon_id,type,total,tax,paid,paid_type,gateway_price_correction,status,details,created )VALUES( 1421,null,'stripe',101.7,11.7,101.7,'in_full',0.00,'completed','{"items":[{"ca_id":1421,"appointment_date":"2019-06-23 09:00:00","service_name":"Ballroom","service_price":90,"service_tax":"11.70","wait_listed":false,"deposit_format":null,"number_of_persons":1,"units":"1","duration":"3600","staff_name":"Ballroom","extras":[]}],"coupon":null,"subtotal":{"price":90,"deposit":0},"customer":"Michael Mora","tax_in_price":"excluded","tax_paid":"11.70","extras_multiply_nop":1}','2019-06-11 10:59:32' );
INSERT INTO wp_bookly_customer_appointments ( id,series_id,package_id,customer_id,appointment_id,payment_id,number_of_persons,units,notes,extras,extras_multiply_nop,extras_consider_duration,custom_fields,status,status_changed_at,token,time_zone,time_zone_offset,rating,rating_comment,locale,collaborative_service_id,collaborative_token,compound_service_id,compound_token,created_from,created )VALUES( 1421,null,null,1420,1421,1421,1,1,'','[]',1,1,'[{"id":43107,"value":"Michael Mora"},{"id":51989,"value":"Fashion"},{"id":27913,"value":""},{"id":72188,"value":["I agree to <a href="https:\/\/www.mintroom.ca\/Terms_and_Conditions.pdf?v=11122018" target="_blank">Terms and Conditions<\/a>"]},{"id":85555,"value":["I agree there will be no more than 10 guests in the room per booking"]},{"id":27913,"value":" "},{"id":87958,"value":[]},{"id":45932,"value":[]}]','approved',null,null,null,null,null,null,null,null,null,null,null,'frontend','2019-06-11 10:59:32' );
INSERT INTO wp_bookly_appointments ( id,location_id,staff_id,staff_any,service_id,custom_service_name,custom_service_price,start_date,end_date,extras_duration,internal_note,google_event_id,google_event_etag,outlook_event_id,outlook_event_change_key,outlook_event_series_id,created_from,created )VALUES( 1422,null,11,0,6,null,null,'2019-06-16 15:00:00','2019-06-16 16:00:00',0,null,null,null,null,null,null,'bookly','2019-06-11 10:59:32' );
INSERT INTO wp_bookly_customers ( id,wp_user_id,facebook_id,group_id,full_name,first_name,last_name,phone,email,birthday,country,state,postcode,city,street,street_number,additional_address,notes,info_fields,credit,created )VALUES( 1422,null,null,null,'Maria Dimitropoulos','Maria Dimitropoulos','','4165541488','eyecandeevisuals@gmail.com*',null,'','','','','','','','',null,0,'2019-06-11 10:59:32' );
INSERT INTO wp_bookly_payments ( id,coupon_id,type,total,tax,paid,paid_type,gateway_price_correction,status,details,created )VALUES( 1422,null,'stripe',101.7,11.7,101.7,'in_full',0.00,'completed','{"items":[{"ca_id":1422,"appointment_date":"2019-06-16 15:00:00","service_name":"Library","service_price":90,"service_tax":"11.70","wait_listed":false,"deposit_format":null,"number_of_persons":1,"units":"1","duration":"3600","staff_name":"Library","extras":[]}],"coupon":null,"subtotal":{"price":90,"deposit":0},"customer":"Maria Dimitropoulos","tax_in_price":"excluded","tax_paid":"11.70","extras_multiply_nop":1}','2019-06-11 10:59:32' );
INSERT INTO wp_bookly_customer_appointments ( id,series_id,package_id,customer_id,appointment_id,payment_id,number_of_persons,units,notes,extras,extras_multiply_nop,extras_consider_duration,custom_fields,status,status_changed_at,token,time_zone,time_zone_offset,rating,rating_comment,locale,collaborative_service_id,collaborative_token,compound_service_id,compound_token,created_from,created )VALUES( 1422,null,null,1422,1422,1422,1,1,'','[]',1,1,'[{"id":43107,"value":"Ashley Gillick"},{"id":51989,"value":"Portrait"},{"id":27913,"value":""},{"id":72188,"value":["I agree to <a href="https:\/\/www.mintroom.ca\/Terms_and_Conditions.pdf?v=11122018" target="_blank">Terms and Conditions<\/a>"]},{"id":85555,"value":["I agree there will be no more than 10 guests in the room per booking"]},{"id":27913,"value":" "},{"id":87958,"value":[]},{"id":45932,"value":[]}]','approved',null,null,null,null,null,null,null,null,null,null,null,'frontend','2019-06-11 10:59:32' );
INSERT INTO wp_bookly_appointments ( id,location_id,staff_id,staff_any,service_id,custom_service_name,custom_service_price,start_date,end_date,extras_duration,internal_note,google_event_id,google_event_etag,outlook_event_id,outlook_event_change_key,outlook_event_series_id,created_from,created )VALUES( 1423,null,10,0,5,null,null,'2019-06-14 15:00:00','2019-06-14 16:00:00',0,null,null,null,null,null,null,'bookly','2019-06-11 10:59:32' );
INSERT INTO wp_bookly_customers ( id,wp_user_id,facebook_id,group_id,full_name,first_name,last_name,phone,email,birthday,country,state,postcode,city,street,street_number,additional_address,notes,info_fields,credit,created )VALUES( 1423,null,null,null,'Tara','Tara','','4164548272','tara@taramcmullen.com*',null,'','','','','','','','',null,0,'2019-06-11 10:59:32' );
INSERT INTO wp_bookly_payments ( id,coupon_id,type,total,tax,paid,paid_type,gateway_price_correction,status,details,created )VALUES( 1423,null,'stripe',203.4,23.4,203.4,'in_full',0.00,'completed','{"items":[{"ca_id":1423,"appointment_date":"2019-06-14 15:00:00","service_name":"Conservatory","service_price":90,"service_tax":"11.70","wait_listed":false,"deposit_format":null,"number_of_persons":1,"units":"1","duration":"3600","staff_name":"Conservatory","extras":[]}],"coupon":null,"subtotal":{"price":180,"deposit":0},"customer":"Tara","tax_in_price":"excluded","tax_paid":"23.40","extras_multiply_nop":1}','2019-06-11 10:59:32' );
INSERT INTO wp_bookly_customer_appointments ( id,series_id,package_id,customer_id,appointment_id,payment_id,number_of_persons,units,notes,extras,extras_multiply_nop,extras_consider_duration,custom_fields,status,status_changed_at,token,time_zone,time_zone_offset,rating,rating_comment,locale,collaborative_service_id,collaborative_token,compound_service_id,compound_token,created_from,created )VALUES( 1423,null,null,1423,1423,1423,1,1,'','[]',1,1,'[{"id":43107,"value":"Tara McMullen"},{"id":51989,"value":"Family"},{"id":27913,"value":""},{"id":72188,"value":["I agree to <a href="https:\/\/www.mintroom.ca\/Terms_and_Conditions.pdf?v=11122018" target="_blank">Terms and Conditions<\/a>"]},{"id":85555,"value":["I agree there will be no more than 10 guests in the room per booking"]},{"id":27913,"value":" "},{"id":87958,"value":[]},{"id":45932,"value":[]}]','approved',null,null,null,null,null,null,null,null,null,null,null,'frontend','2019-06-11 10:59:32' );
INSERT INTO wp_bookly_appointments ( id,location_id,staff_id,staff_any,service_id,custom_service_name,custom_service_price,start_date,end_date,extras_duration,internal_note,google_event_id,google_event_etag,outlook_event_id,outlook_event_change_key,outlook_event_series_id,created_from,created )VALUES( 1424,null,10,0,5,null,null,'2019-06-14 16:00:00','2019-06-14 17:00:00',0,null,null,null,null,null,null,'bookly','2019-06-11 10:59:32' );
INSERT INTO wp_bookly_payments ( id,coupon_id,type,total,tax,paid,paid_type,gateway_price_correction,status,details,created )VALUES( 1424,null,'stripe',203.4,23.4,203.4,'in_full',0.00,'completed','{"items":[{"ca_id":1424,"appointment_date":"2019-06-14 16:00:00","service_name":"Conservatory","service_price":90,"service_tax":"11.70","wait_listed":false,"deposit_format":null,"number_of_persons":1,"units":"1","duration":"3600","staff_name":"Conservatory","extras":[]}],"coupon":null,"subtotal":{"price":180,"deposit":0},"customer":"Tara","tax_in_price":"excluded","tax_paid":"23.40","extras_multiply_nop":1}','2019-06-11 10:59:32' );
INSERT INTO wp_bookly_customer_appointments ( id,series_id,package_id,customer_id,appointment_id,payment_id,number_of_persons,units,notes,extras,extras_multiply_nop,extras_consider_duration,custom_fields,status,status_changed_at,token,time_zone,time_zone_offset,rating,rating_comment,locale,collaborative_service_id,collaborative_token,compound_service_id,compound_token,created_from,created )VALUES( 1424,null,null,1423,1424,1424,1,1,'','[]',1,1,'[{"id":43107,"value":"Tara McMullen"},{"id":51989,"value":"Family"},{"id":27913,"value":""},{"id":72188,"value":["I agree to <a href="https:\/\/www.mintroom.ca\/Terms_and_Conditions.pdf?v=11122018" target="_blank">Terms and Conditions<\/a>"]},{"id":85555,"value":["I agree there will be no more than 10 guests in the room per booking"]},{"id":27913,"value":" "},{"id":87958,"value":[]},{"id":45932,"value":[]}]','approved',null,null,null,null,null,null,null,null,null,null,null,'frontend','2019-06-11 10:59:32' );
INSERT INTO wp_bookly_appointments ( id,location_id,staff_id,staff_any,service_id,custom_service_name,custom_service_price,start_date,end_date,extras_duration,internal_note,google_event_id,google_event_etag,outlook_event_id,outlook_event_change_key,outlook_event_series_id,created_from,created )VALUES( 1425,null,12,0,7,null,null,'2019-06-27 14:00:00','2019-06-27 15:00:00',0,null,null,null,null,null,null,'bookly','2019-06-11 10:59:32' );
INSERT INTO wp_bookly_customers ( id,wp_user_id,facebook_id,group_id,full_name,first_name,last_name,phone,email,birthday,country,state,postcode,city,street,street_number,additional_address,notes,info_fields,credit,created )VALUES( 1425,null,null,null,'Ran Zheng','Ran Zheng','','6479988991','feif25@hotmail.com*',null,'','','','','','','','',null,0,'2019-06-11 10:59:32' );
INSERT INTO wp_bookly_payments ( id,coupon_id,type,total,tax,paid,paid_type,gateway_price_correction,status,details,created )VALUES( 1425,null,'stripe',62.15,7.15,62.15,'in_full',0.00,'completed','{"items":[{"ca_id":1425,"appointment_date":"2019-06-27 14:00:00","service_name":"Lounge","service_price":55,"service_tax":"7.15","wait_listed":false,"deposit_format":null,"number_of_persons":1,"units":"1","duration":"3600","staff_name":"Lounge","extras":[]}],"coupon":null,"subtotal":{"price":55,"deposit":0},"customer":"Ran Zheng","tax_in_price":"excluded","tax_paid":"7.15","extras_multiply_nop":1}','2019-06-11 10:59:32' );
INSERT INTO wp_bookly_customer_appointments ( id,series_id,package_id,customer_id,appointment_id,payment_id,number_of_persons,units,notes,extras,extras_multiply_nop,extras_consider_duration,custom_fields,status,status_changed_at,token,time_zone,time_zone_offset,rating,rating_comment,locale,collaborative_service_id,collaborative_token,compound_service_id,compound_token,created_from,created )VALUES( 1425,null,null,1425,1425,1425,1,1,'','[]',1,1,'[{"id":43107,"value":"Leo Wang"},{"id":51989,"value":"Portrait"},{"id":27913,"value":""},{"id":72188,"value":["I agree to <a href="https:\/\/www.mintroom.ca\/Terms_and_Conditions.pdf?v=11122018" target="_blank">Terms and Conditions<\/a>"]},{"id":85555,"value":["I agree there will be no more than 10 guests in the room per booking"]},{"id":27913,"value":" "},{"id":87958,"value":[]},{"id":45932,"value":[]}]','approved',null,null,null,null,null,null,null,null,null,null,null,'frontend','2019-06-11 10:59:32' );
INSERT INTO wp_bookly_appointments ( id,location_id,staff_id,staff_any,service_id,custom_service_name,custom_service_price,start_date,end_date,extras_duration,internal_note,google_event_id,google_event_etag,outlook_event_id,outlook_event_change_key,outlook_event_series_id,created_from,created )VALUES( 1426,null,11,0,6,null,null,'2019-06-27 15:00:00','2019-06-27 16:00:00',0,null,null,null,null,null,null,'bookly','2019-06-11 10:59:32' );
INSERT INTO wp_bookly_payments ( id,coupon_id,type,total,tax,paid,paid_type,gateway_price_correction,status,details,created )VALUES( 1426,null,'stripe',101.7,11.7,101.7,'in_full',0.00,'completed','{"items":[{"ca_id":1426,"appointment_date":"2019-06-27 15:00:00","service_name":"Library","service_price":90,"service_tax":"11.70","wait_listed":false,"deposit_format":null,"number_of_persons":1,"units":"1","duration":"3600","staff_name":"Library","extras":[]}],"coupon":null,"subtotal":{"price":90,"deposit":0},"customer":"Ran Zheng","tax_in_price":"excluded","tax_paid":"11.70","extras_multiply_nop":1}','2019-06-11 10:59:32' );
INSERT INTO wp_bookly_customer_appointments ( id,series_id,package_id,customer_id,appointment_id,payment_id,number_of_persons,units,notes,extras,extras_multiply_nop,extras_consider_duration,custom_fields,status,status_changed_at,token,time_zone,time_zone_offset,rating,rating_comment,locale,collaborative_service_id,collaborative_token,compound_service_id,compound_token,created_from,created )VALUES( 1426,null,null,1425,1426,1426,1,1,'','[]',1,1,'[{"id":43107,"value":"leo Wang"},{"id":51989,"value":"Portrait"},{"id":27913,"value":""},{"id":72188,"value":["I agree to <a href="https:\/\/www.mintroom.ca\/Terms_and_Conditions.pdf?v=11122018" target="_blank">Terms and Conditions<\/a>"]},{"id":85555,"value":["I agree there will be no more than 10 guests in the room per booking"]},{"id":27913,"value":" "},{"id":87958,"value":[]},{"id":45932,"value":[]}]','approved',null,null,null,null,null,null,null,null,null,null,null,'frontend','2019-06-11 10:59:32' );
INSERT INTO wp_bookly_appointments ( id,location_id,staff_id,staff_any,service_id,custom_service_name,custom_service_price,start_date,end_date,extras_duration,internal_note,google_event_id,google_event_etag,outlook_event_id,outlook_event_change_key,outlook_event_series_id,created_from,created )VALUES( 1427,null,10,0,5,null,null,'2019-06-20 12:00:00','2019-06-20 13:00:00',0,null,null,null,null,null,null,'bookly','2019-06-11 10:59:32' );
INSERT INTO wp_bookly_payments ( id,coupon_id,type,total,tax,paid,paid_type,gateway_price_correction,status,details,created )VALUES( 1427,null,'stripe',101.7,11.7,101.7,'in_full',0.00,'completed','{"items":[{"ca_id":1427,"appointment_date":"2019-06-20 12:00:00","service_name":"Conservatory","service_price":90,"service_tax":"11.70","wait_listed":false,"deposit_format":null,"number_of_persons":1,"units":"1","duration":"3600","staff_name":"Conservatory","extras":[]}],"coupon":null,"subtotal":{"price":90,"deposit":0},"customer":"CHARISSE NAGPALA","tax_in_price":"excluded","tax_paid":"11.70","extras_multiply_nop":1}','2019-06-11 10:59:32' );
INSERT INTO wp_bookly_customer_appointments ( id,series_id,package_id,customer_id,appointment_id,payment_id,number_of_persons,units,notes,extras,extras_multiply_nop,extras_consider_duration,custom_fields,status,status_changed_at,token,time_zone,time_zone_offset,rating,rating_comment,locale,collaborative_service_id,collaborative_token,compound_service_id,compound_token,created_from,created )VALUES( 1427,null,null,1132,1427,1427,1,1,'time extended','[]',1,1,'[{"id":43107,"value":"beyond infiniti"},{"id":51989,"value":"Wedding"},{"id":27913,"value":""},{"id":72188,"value":["I agree to <a href="https:\/\/www.mintroom.ca\/Terms_and_Conditions.pdf?v=11122018" target="_blank">Terms and Conditions<\/a>"]},{"id":85555,"value":["I agree there will be no more than 10 guests in the room per booking"]},{"id":27913,"value":" "},{"id":87958,"value":[]},{"id":45932,"value":[]}]','approved',null,null,null,null,null,null,null,null,null,null,null,'frontend','2019-06-11 10:59:32' );
INSERT INTO wp_bookly_appointments ( id,location_id,staff_id,staff_any,service_id,custom_service_name,custom_service_price,start_date,end_date,extras_duration,internal_note,google_event_id,google_event_etag,outlook_event_id,outlook_event_change_key,outlook_event_series_id,created_from,created )VALUES( 1428,null,11,0,6,null,null,'2019-06-12 13:00:00','2019-06-12 14:00:00',0,null,null,null,null,null,null,'bookly','2019-06-11 10:59:32' );
INSERT INTO wp_bookly_customers ( id,wp_user_id,facebook_id,group_id,full_name,first_name,last_name,phone,email,birthday,country,state,postcode,city,street,street_number,additional_address,notes,info_fields,credit,created )VALUES( 1428,null,null,null,'Isibor Otasowie','Isibor Otasowie','','6475711240','isiborotasowie07@gmail.com*',null,'','','','','','','','',null,0,'2019-06-11 10:59:32' );
INSERT INTO wp_bookly_payments ( id,coupon_id,type,total,tax,paid,paid_type,gateway_price_correction,status,details,created )VALUES( 1428,null,'stripe',101.7,11.7,101.7,'in_full',0.00,'completed','{"items":[{"ca_id":1428,"appointment_date":"2019-06-12 13:00:00","service_name":"Library","service_price":90,"service_tax":"11.70","wait_listed":false,"deposit_format":null,"number_of_persons":1,"units":"1","duration":"3600","staff_name":"Library","extras":[]}],"coupon":null,"subtotal":{"price":90,"deposit":0},"customer":"Isibor Otasowie","tax_in_price":"excluded","tax_paid":"11.70","extras_multiply_nop":1}','2019-06-11 10:59:32' );
INSERT INTO wp_bookly_customer_appointments ( id,series_id,package_id,customer_id,appointment_id,payment_id,number_of_persons,units,notes,extras,extras_multiply_nop,extras_consider_duration,custom_fields,status,status_changed_at,token,time_zone,time_zone_offset,rating,rating_comment,locale,collaborative_service_id,collaborative_token,compound_service_id,compound_token,created_from,created )VALUES( 1428,null,null,1428,1428,1428,1,1,'Birthday portraits ','[]',1,1,'[{"id":43107,"value":"Otasowie Isibor "},{"id":51989,"value":"Portrait"},{"id":27913,"value":""},{"id":72188,"value":["I agree to <a href="https:\/\/www.mintroom.ca\/Terms_and_Conditions.pdf?v=11122018" target="_blank">Terms and Conditions<\/a>"]},{"id":85555,"value":["I agree there will be no more than 10 guests in the room per booking"]},{"id":27913,"value":" "},{"id":87958,"value":[]},{"id":45932,"value":[]}]','approved',null,null,null,null,null,null,null,null,null,null,null,'frontend','2019-06-11 10:59:32' );





INSERT INTO wp_bookly_customer_appointments ( id,series_id,package_id,customer_id,appointment_id,payment_id,number_of_persons,units,notes,extras,extras_multiply_nop,extras_consider_duration,custom_fields,status,status_changed_at,token,time_zone,time_zone_offset,rating,rating_comment,locale,collaborative_service_id,collaborative_token,compound_service_id,compound_token,created_from,created )VALUES( 3015,null,null,1015,3015,1015,1,2,'','[]',1,1,'[{"id":43107,"value":"Derrel Ho Shing"},{"id":51989,"value":"Wedding"},{"id":27913,"value":""},{"id":72188,"value":["I agree to <a href="https:\/\/www.mintroom.ca\/Terms_and_Conditions.pdf?v=11122018" target="_blank">Terms and Conditions<\/a>"]},{"id":85555,"value":["I agree there will be no more than 10 guests in the room per booking"]},{"id":27913,"value":" "},{"id":87958,"value":[]},{"id":45932,"value":[]}]','approved',null,null,null,null,null,null,null,null,null,null,null,'frontend','2019-06-11 10:59:32' );
INSERT INTO wp_bookly_customer_appointments ( id,series_id,package_id,customer_id,appointment_id,payment_id,number_of_persons,units,notes,extras,extras_multiply_nop,extras_consider_duration,custom_fields,status,status_changed_at,token,time_zone,time_zone_offset,rating,rating_comment,locale,collaborative_service_id,collaborative_token,compound_service_id,compound_token,created_from,created )VALUES( 4015,null,null,1015,3015,1015,1,2,'','[]',1,1,'[{"id":43107,"value":"Derrel Ho Shing"},{"id":51989,"value":"Wedding"},{"id":27913,"value":""},{"id":72188,"value":["I agree to <a href="https:\/\/www.mintroom.ca\/Terms_and_Conditions.pdf?v=11122018" target="_blank">Terms and Conditions<\/a>"]},{"id":85555,"value":["I agree there will be no more than 10 guests in the room per booking"]},{"id":27913,"value":" "},{"id":87958,"value":[]},{"id":45932,"value":[]}]','approved',null,null,null,null,null,null,null,null,null,null,null,'frontend','2019-06-11 10:59:32' );
INSERT INTO wp_bookly_payments ( id,coupon_id,type,total,tax,paid,paid_type,gateway_price_correction,status,details,created )VALUES( 1015,50,'coupon',0,0,0,'in_full',0.00,'completed','{"items":[{"ca_id":1015,"appointment_date":"2019-07-26 13:00:00","service_name":"Conservatory","service_price":90,"service_tax":"11.70","wait_listed":false,"deposit_format":null,"number_of_persons":1,"units":"1","duration":"3600","staff_name":"Conservatory","extras":[]},{"ca_id":3015,"appointment_date":"2019-07-26 13:00:00","service_name":"Make Up Table - Downstairs Seat 1","service_price":90,"service_tax":"11.70","wait_listed":false,"deposit_format":null,"number_of_persons":1,"units":2,"duration":"3600","staff_name":"Make Up Table - Downstairs Seat 1","extras":[]},{"ca_id":4015,"appointment_date":"2019-07-26 13:00:00","service_name":"Make Up Table - Upstairs Seat 1","service_price":90,"service_tax":"11.70","wait_listed":false,"deposit_format":null,"number_of_persons":1,"units":2,"duration":"3600","staff_name":"Make Up Table - Upstairs Seat 1","extras":[]}],"coupon":{"code":"Pt_huge","discount":100,"deduction":"0.00"},"subtotal":{"price":180,"deposit":0},"customer":"Melanie Fortiz","tax_in_price":"excluded","tax_paid":"0.00","extras_multiply_nop":1}','2019-06-11 10:59:32' );
INSERT INTO wp_bookly_customer_appointments ( id,series_id,package_id,customer_id,appointment_id,payment_id,number_of_persons,units,notes,extras,extras_multiply_nop,extras_consider_duration,custom_fields,status,status_changed_at,token,time_zone,time_zone_offset,rating,rating_comment,locale,collaborative_service_id,collaborative_token,compound_service_id,compound_token,created_from,created )VALUES( 3016,null,null,1016,3016,1016,1,2,'','[]',1,1,'[{"id":43107,"value":"Derrel Ho Shing"},{"id":51989,"value":"Wedding"},{"id":27913,"value":""},{"id":72188,"value":["I agree to <a href="https:\/\/www.mintroom.ca\/Terms_and_Conditions.pdf?v=11122018" target="_blank">Terms and Conditions<\/a>"]},{"id":85555,"value":["I agree there will be no more than 10 guests in the room per booking"]},{"id":27913,"value":" "},{"id":87958,"value":[]},{"id":45932,"value":[]}]','approved',null,null,null,null,null,null,null,null,null,null,null,'frontend','2019-06-11 10:59:32' );
INSERT INTO wp_bookly_customer_appointments ( id,series_id,package_id,customer_id,appointment_id,payment_id,number_of_persons,units,notes,extras,extras_multiply_nop,extras_consider_duration,custom_fields,status,status_changed_at,token,time_zone,time_zone_offset,rating,rating_comment,locale,collaborative_service_id,collaborative_token,compound_service_id,compound_token,created_from,created )VALUES( 4016,null,null,1016,3016,1016,1,2,'','[]',1,1,'[{"id":43107,"value":"Derrel Ho Shing"},{"id":51989,"value":"Wedding"},{"id":27913,"value":""},{"id":72188,"value":["I agree to <a href="https:\/\/www.mintroom.ca\/Terms_and_Conditions.pdf?v=11122018" target="_blank">Terms and Conditions<\/a>"]},{"id":85555,"value":["I agree there will be no more than 10 guests in the room per booking"]},{"id":27913,"value":" "},{"id":87958,"value":[]},{"id":45932,"value":[]}]','approved',null,null,null,null,null,null,null,null,null,null,null,'frontend','2019-06-11 10:59:32' );
INSERT INTO wp_bookly_payments ( id,coupon_id,type,total,tax,paid,paid_type,gateway_price_correction,status,details,created )VALUES( 1016,50,'coupon',0,0,0,'in_full',0.00,'completed','{"items":[{"ca_id":1016,"appointment_date":"2019-07-26 14:00:00","service_name":"Conservatory","service_price":90,"service_tax":"11.70","wait_listed":false,"deposit_format":null,"number_of_persons":1,"units":"1","duration":"3600","staff_name":"Conservatory","extras":[]},{"ca_id":3016,"appointment_date":"2019-07-26 14:00:00","service_name":"Make Up Table - Downstairs Seat 1","service_price":90,"service_tax":"11.70","wait_listed":false,"deposit_format":null,"number_of_persons":1,"units":2,"duration":"3600","staff_name":"Make Up Table - Downstairs Seat 1","extras":[]},{"ca_id":4016,"appointment_date":"2019-07-26 14:00:00","service_name":"Make Up Table - Upstairs Seat 1","service_price":90,"service_tax":"11.70","wait_listed":false,"deposit_format":null,"number_of_persons":1,"units":2,"duration":"3600","staff_name":"Make Up Table - Upstairs Seat 1","extras":[]}],"coupon":{"code":"Pt_huge","discount":100,"deduction":"0.00"},"subtotal":{"price":180,"deposit":0},"customer":"Melanie Fortiz","tax_in_price":"excluded","tax_paid":"0.00","extras_multiply_nop":1}','2019-06-11 10:59:32' );
INSERT INTO wp_bookly_customer_appointments ( id,series_id,package_id,customer_id,appointment_id,payment_id,number_of_persons,units,notes,extras,extras_multiply_nop,extras_consider_duration,custom_fields,status,status_changed_at,token,time_zone,time_zone_offset,rating,rating_comment,locale,collaborative_service_id,collaborative_token,compound_service_id,compound_token,created_from,created )VALUES( 3082,null,null,1082,3082,1082,1,2,'','[]',1,1,'[{"id":43107,"value":"Purple Tree Photography"},{"id":51989,"value":"Wedding"},{"id":27913,"value":""},{"id":72188,"value":["I agree to <a href="https:\/\/www.mintroom.ca\/Terms_and_Conditions.pdf?v=11122018" target="_blank">Terms and Conditions<\/a>"]},{"id":85555,"value":["I agree there will be no more than 10 guests in the room per booking"]},{"id":27913,"value":" "},{"id":87958,"value":[]},{"id":45932,"value":[]}]','approved',null,null,null,null,null,null,null,null,null,null,null,'frontend','2019-06-11 10:59:32' );
INSERT INTO wp_bookly_customer_appointments ( id,series_id,package_id,customer_id,appointment_id,payment_id,number_of_persons,units,notes,extras,extras_multiply_nop,extras_consider_duration,custom_fields,status,status_changed_at,token,time_zone,time_zone_offset,rating,rating_comment,locale,collaborative_service_id,collaborative_token,compound_service_id,compound_token,created_from,created )VALUES( 4082,null,null,1082,3082,1082,1,2,'','[]',1,1,'[{"id":43107,"value":"Purple Tree Photography"},{"id":51989,"value":"Wedding"},{"id":27913,"value":""},{"id":72188,"value":["I agree to <a href="https:\/\/www.mintroom.ca\/Terms_and_Conditions.pdf?v=11122018" target="_blank">Terms and Conditions<\/a>"]},{"id":85555,"value":["I agree there will be no more than 10 guests in the room per booking"]},{"id":27913,"value":" "},{"id":87958,"value":[]},{"id":45932,"value":[]}]','approved',null,null,null,null,null,null,null,null,null,null,null,'frontend','2019-06-11 10:59:32' );
INSERT INTO wp_bookly_payments ( id,coupon_id,type,total,tax,paid,paid_type,gateway_price_correction,status,details,created )VALUES( 1082,null,'stripe',248.6,28.6,248.6,'in_full',0.00,'completed','{"items":[{"ca_id":1082,"appointment_date":"2019-06-22 16:00:00","service_name":"Ballroom","service_price":90,"service_tax":"11.70","wait_listed":false,"deposit_format":null,"number_of_persons":1,"units":"1","duration":"3600","staff_name":"Ballroom","extras":[]},{"ca_id":3082,"appointment_date":"2019-06-22 16:00:00","service_name":"Make Up Table - Downstairs Seat 1","service_price":90,"service_tax":"11.70","wait_listed":false,"deposit_format":null,"number_of_persons":1,"units":2,"duration":"3600","staff_name":"Make Up Table - Downstairs Seat 1","extras":[]},{"ca_id":4082,"appointment_date":"2019-06-22 16:00:00","service_name":"Make Up Table - Upstairs Seat 1","service_price":90,"service_tax":"11.70","wait_listed":false,"deposit_format":null,"number_of_persons":1,"units":2,"duration":"3600","staff_name":"Make Up Table - Upstairs Seat 1","extras":[]}],"coupon":null,"subtotal":{"price":180,"deposit":0},"customer":"Georgina Vretos","tax_in_price":"excluded","tax_paid":"28.60","extras_multiply_nop":1}','2019-06-11 10:59:32' );
INSERT INTO wp_bookly_customer_appointments ( id,series_id,package_id,customer_id,appointment_id,payment_id,number_of_persons,units,notes,extras,extras_multiply_nop,extras_consider_duration,custom_fields,status,status_changed_at,token,time_zone,time_zone_offset,rating,rating_comment,locale,collaborative_service_id,collaborative_token,compound_service_id,compound_token,created_from,created )VALUES( 3083,null,null,1083,3083,1083,1,2,'','[]',1,1,'[{"id":43107,"value":"Purple Tree Photography"},{"id":51989,"value":"Wedding"},{"id":27913,"value":""},{"id":72188,"value":["I agree to <a href="https:\/\/www.mintroom.ca\/Terms_and_Conditions.pdf?v=11122018" target="_blank">Terms and Conditions<\/a>"]},{"id":85555,"value":["I agree there will be no more than 10 guests in the room per booking"]},{"id":27913,"value":" "},{"id":87958,"value":[]},{"id":45932,"value":[]}]','approved',null,null,null,null,null,null,null,null,null,null,null,'frontend','2019-06-11 10:59:32' );
INSERT INTO wp_bookly_customer_appointments ( id,series_id,package_id,customer_id,appointment_id,payment_id,number_of_persons,units,notes,extras,extras_multiply_nop,extras_consider_duration,custom_fields,status,status_changed_at,token,time_zone,time_zone_offset,rating,rating_comment,locale,collaborative_service_id,collaborative_token,compound_service_id,compound_token,created_from,created )VALUES( 4083,null,null,1083,3083,1083,1,2,'','[]',1,1,'[{"id":43107,"value":"Purple Tree Photography"},{"id":51989,"value":"Wedding"},{"id":27913,"value":""},{"id":72188,"value":["I agree to <a href="https:\/\/www.mintroom.ca\/Terms_and_Conditions.pdf?v=11122018" target="_blank">Terms and Conditions<\/a>"]},{"id":85555,"value":["I agree there will be no more than 10 guests in the room per booking"]},{"id":27913,"value":" "},{"id":87958,"value":[]},{"id":45932,"value":[]}]','approved',null,null,null,null,null,null,null,null,null,null,null,'frontend','2019-06-11 10:59:32' );
INSERT INTO wp_bookly_payments ( id,coupon_id,type,total,tax,paid,paid_type,gateway_price_correction,status,details,created )VALUES( 1083,null,'stripe',248.6,28.6,248.6,'in_full',0.00,'completed','{"items":[{"ca_id":1083,"appointment_date":"2019-06-22 17:00:00","service_name":"Ballroom","service_price":90,"service_tax":"11.70","wait_listed":false,"deposit_format":null,"number_of_persons":1,"units":"1","duration":"3600","staff_name":"Ballroom","extras":[]},{"ca_id":3083,"appointment_date":"2019-06-22 17:00:00","service_name":"Make Up Table - Downstairs Seat 1","service_price":90,"service_tax":"11.70","wait_listed":false,"deposit_format":null,"number_of_persons":1,"units":2,"duration":"3600","staff_name":"Make Up Table - Downstairs Seat 1","extras":[]},{"ca_id":4083,"appointment_date":"2019-06-22 17:00:00","service_name":"Make Up Table - Upstairs Seat 1","service_price":90,"service_tax":"11.70","wait_listed":false,"deposit_format":null,"number_of_persons":1,"units":2,"duration":"3600","staff_name":"Make Up Table - Upstairs Seat 1","extras":[]}],"coupon":null,"subtotal":{"price":180,"deposit":0},"customer":"Georgina Vretos","tax_in_price":"excluded","tax_paid":"28.60","extras_multiply_nop":1}','2019-06-11 10:59:32' );
INSERT INTO wp_bookly_customer_appointments ( id,series_id,package_id,customer_id,appointment_id,payment_id,number_of_persons,units,notes,extras,extras_multiply_nop,extras_consider_duration,custom_fields,status,status_changed_at,token,time_zone,time_zone_offset,rating,rating_comment,locale,collaborative_service_id,collaborative_token,compound_service_id,compound_token,created_from,created )VALUES( 3111,null,null,1111,3111,1111,1,1,'Wedding anniversary and family photos','[]',1,1,'[{"id":43107,"value":"Gamada Ali"},{"id":51989,"value":"Family"},{"id":27913,"value":""},{"id":72188,"value":["I agree to <a href="https:\/\/www.mintroom.ca\/Terms_and_Conditions.pdf?v=11122018" target="_blank">Terms and Conditions<\/a>"]},{"id":85555,"value":["I agree there will be no more than 10 guests in the room per booking"]},{"id":27913,"value":" "},{"id":87958,"value":[]},{"id":45932,"value":[]}]','approved',null,null,null,null,null,null,null,null,null,null,null,'frontend','2019-06-11 10:59:32' );
INSERT INTO wp_bookly_payments ( id,coupon_id,type,total,tax,paid,paid_type,gateway_price_correction,status,details,created )VALUES( 1111,null,'stripe',226,26,226,'in_full',0.00,'completed','{"items":[{"ca_id":1111,"appointment_date":"2019-09-13 18:00:00","service_name":"Conservatory","service_price":90,"service_tax":"11.70","wait_listed":false,"deposit_format":null,"number_of_persons":1,"units":"1","duration":"3600","staff_name":"Conservatory","extras":[]},{"ca_id":3111,"appointment_date":"2019-09-13 18:00:00","service_name":"Make Up Table - Downstairs Seat 1","service_price":90,"service_tax":"11.70","wait_listed":false,"deposit_format":null,"number_of_persons":1,"units":1,"duration":"3600","staff_name":"Make Up Table - Downstairs Seat 1","extras":[]}],"coupon":null,"subtotal":{"price":180,"deposit":0},"customer":"Priscilla Anane","tax_in_price":"excluded","tax_paid":"26.00","extras_multiply_nop":1}','2019-06-11 10:59:32' );
INSERT INTO wp_bookly_customer_appointments ( id,series_id,package_id,customer_id,appointment_id,payment_id,number_of_persons,units,notes,extras,extras_multiply_nop,extras_consider_duration,custom_fields,status,status_changed_at,token,time_zone,time_zone_offset,rating,rating_comment,locale,collaborative_service_id,collaborative_token,compound_service_id,compound_token,created_from,created )VALUES( 3112,null,null,1112,3112,1112,1,1,'Wedding anniversary and family photos','[]',1,1,'[{"id":43107,"value":"Gamada Ali"},{"id":51989,"value":"Family"},{"id":27913,"value":""},{"id":72188,"value":["I agree to <a href="https:\/\/www.mintroom.ca\/Terms_and_Conditions.pdf?v=11122018" target="_blank">Terms and Conditions<\/a>"]},{"id":85555,"value":["I agree there will be no more than 10 guests in the room per booking"]},{"id":27913,"value":" "},{"id":87958,"value":[]},{"id":45932,"value":[]}]','approved',null,null,null,null,null,null,null,null,null,null,null,'frontend','2019-06-11 10:59:32' );
INSERT INTO wp_bookly_payments ( id,coupon_id,type,total,tax,paid,paid_type,gateway_price_correction,status,details,created )VALUES( 1112,null,'stripe',226,26,226,'in_full',0.00,'completed','{"items":[{"ca_id":1112,"appointment_date":"2019-09-13 19:00:00","service_name":"Conservatory","service_price":90,"service_tax":"11.70","wait_listed":false,"deposit_format":null,"number_of_persons":1,"units":"1","duration":"3600","staff_name":"Conservatory","extras":[]},{"ca_id":3112,"appointment_date":"2019-09-13 19:00:00","service_name":"Make Up Table - Downstairs Seat 1","service_price":90,"service_tax":"11.70","wait_listed":false,"deposit_format":null,"number_of_persons":1,"units":1,"duration":"3600","staff_name":"Make Up Table - Downstairs Seat 1","extras":[]}],"coupon":null,"subtotal":{"price":180,"deposit":0},"customer":"Priscilla Anane","tax_in_price":"excluded","tax_paid":"26.00","extras_multiply_nop":1}','2019-06-11 10:59:32' );
INSERT INTO wp_bookly_customer_appointments ( id,series_id,package_id,customer_id,appointment_id,payment_id,number_of_persons,units,notes,extras,extras_multiply_nop,extras_consider_duration,custom_fields,status,status_changed_at,token,time_zone,time_zone_offset,rating,rating_comment,locale,collaborative_service_id,collaborative_token,compound_service_id,compound_token,created_from,created )VALUES( 3132,null,null,1132,3132,1132,1,2,'','[]',1,1,'[{"id":43107,"value":"Beyond Infiniti"},{"id":51989,"value":"Wedding"},{"id":27913,"value":""},{"id":72188,"value":["I agree to <a href="https:\/\/www.mintroom.ca\/Terms_and_Conditions.pdf?v=11122018" target="_blank">Terms and Conditions<\/a>"]},{"id":85555,"value":["I agree there will be no more than 10 guests in the room per booking"]},{"id":27913,"value":" "},{"id":87958,"value":[]},{"id":45932,"value":[]}]','approved',null,null,null,null,null,null,null,null,null,null,null,'frontend','2019-06-11 10:59:32' );
INSERT INTO wp_bookly_customer_appointments ( id,series_id,package_id,customer_id,appointment_id,payment_id,number_of_persons,units,notes,extras,extras_multiply_nop,extras_consider_duration,custom_fields,status,status_changed_at,token,time_zone,time_zone_offset,rating,rating_comment,locale,collaborative_service_id,collaborative_token,compound_service_id,compound_token,created_from,created )VALUES( 4132,null,null,1132,3132,1132,1,2,'','[]',1,1,'[{"id":43107,"value":"Beyond Infiniti"},{"id":51989,"value":"Wedding"},{"id":27913,"value":""},{"id":72188,"value":["I agree to <a href="https:\/\/www.mintroom.ca\/Terms_and_Conditions.pdf?v=11122018" target="_blank">Terms and Conditions<\/a>"]},{"id":85555,"value":["I agree there will be no more than 10 guests in the room per booking"]},{"id":27913,"value":" "},{"id":87958,"value":[]},{"id":45932,"value":[]}]','approved',null,null,null,null,null,null,null,null,null,null,null,'frontend','2019-06-11 10:59:32' );
INSERT INTO wp_bookly_payments ( id,coupon_id,type,total,tax,paid,paid_type,gateway_price_correction,status,details,created )VALUES( 1132,null,'stripe',248.6,28.6,248.6,'in_full',0.00,'completed','{"items":[{"ca_id":1132,"appointment_date":"2019-06-20 10:00:00","service_name":"Conservatory","service_price":90,"service_tax":"11.70","wait_listed":false,"deposit_format":null,"number_of_persons":1,"units":"1","duration":"3600","staff_name":"Conservatory","extras":[]},{"ca_id":3132,"appointment_date":"2019-06-20 10:00:00","service_name":"Make Up Table - Downstairs Seat 1","service_price":90,"service_tax":"11.70","wait_listed":false,"deposit_format":null,"number_of_persons":1,"units":2,"duration":"3600","staff_name":"Make Up Table - Downstairs Seat 1","extras":[]},{"ca_id":4132,"appointment_date":"2019-06-20 10:00:00","service_name":"Make Up Table - Upstairs Seat 1","service_price":90,"service_tax":"11.70","wait_listed":false,"deposit_format":null,"number_of_persons":1,"units":2,"duration":"3600","staff_name":"Make Up Table - Upstairs Seat 1","extras":[]}],"coupon":null,"subtotal":{"price":180,"deposit":0},"customer":"CHARISSE NAGPALA","tax_in_price":"excluded","tax_paid":"28.60","extras_multiply_nop":1}','2019-06-11 10:59:32' );
INSERT INTO wp_bookly_customer_appointments ( id,series_id,package_id,customer_id,appointment_id,payment_id,number_of_persons,units,notes,extras,extras_multiply_nop,extras_consider_duration,custom_fields,status,status_changed_at,token,time_zone,time_zone_offset,rating,rating_comment,locale,collaborative_service_id,collaborative_token,compound_service_id,compound_token,created_from,created )VALUES( 3133,null,null,1133,3133,1133,1,2,'','[]',1,1,'[{"id":43107,"value":"Beyond Infiniti"},{"id":51989,"value":"Wedding"},{"id":27913,"value":""},{"id":72188,"value":["I agree to <a href="https:\/\/www.mintroom.ca\/Terms_and_Conditions.pdf?v=11122018" target="_blank">Terms and Conditions<\/a>"]},{"id":85555,"value":["I agree there will be no more than 10 guests in the room per booking"]},{"id":27913,"value":" "},{"id":87958,"value":[]},{"id":45932,"value":[]}]','approved',null,null,null,null,null,null,null,null,null,null,null,'frontend','2019-06-11 10:59:32' );
INSERT INTO wp_bookly_customer_appointments ( id,series_id,package_id,customer_id,appointment_id,payment_id,number_of_persons,units,notes,extras,extras_multiply_nop,extras_consider_duration,custom_fields,status,status_changed_at,token,time_zone,time_zone_offset,rating,rating_comment,locale,collaborative_service_id,collaborative_token,compound_service_id,compound_token,created_from,created )VALUES( 4133,null,null,1133,3133,1133,1,2,'','[]',1,1,'[{"id":43107,"value":"Beyond Infiniti"},{"id":51989,"value":"Wedding"},{"id":27913,"value":""},{"id":72188,"value":["I agree to <a href="https:\/\/www.mintroom.ca\/Terms_and_Conditions.pdf?v=11122018" target="_blank">Terms and Conditions<\/a>"]},{"id":85555,"value":["I agree there will be no more than 10 guests in the room per booking"]},{"id":27913,"value":" "},{"id":87958,"value":[]},{"id":45932,"value":[]}]','approved',null,null,null,null,null,null,null,null,null,null,null,'frontend','2019-06-11 10:59:32' );
INSERT INTO wp_bookly_payments ( id,coupon_id,type,total,tax,paid,paid_type,gateway_price_correction,status,details,created )VALUES( 1133,null,'stripe',248.6,28.6,248.6,'in_full',0.00,'completed','{"items":[{"ca_id":1133,"appointment_date":"2019-06-20 11:00:00","service_name":"Conservatory","service_price":90,"service_tax":"11.70","wait_listed":false,"deposit_format":null,"number_of_persons":1,"units":"1","duration":"3600","staff_name":"Conservatory","extras":[]},{"ca_id":3133,"appointment_date":"2019-06-20 11:00:00","service_name":"Make Up Table - Downstairs Seat 1","service_price":90,"service_tax":"11.70","wait_listed":false,"deposit_format":null,"number_of_persons":1,"units":2,"duration":"3600","staff_name":"Make Up Table - Downstairs Seat 1","extras":[]},{"ca_id":4133,"appointment_date":"2019-06-20 11:00:00","service_name":"Make Up Table - Upstairs Seat 1","service_price":90,"service_tax":"11.70","wait_listed":false,"deposit_format":null,"number_of_persons":1,"units":2,"duration":"3600","staff_name":"Make Up Table - Upstairs Seat 1","extras":[]}],"coupon":null,"subtotal":{"price":180,"deposit":0},"customer":"CHARISSE NAGPALA","tax_in_price":"excluded","tax_paid":"28.60","extras_multiply_nop":1}','2019-06-11 10:59:32' );
INSERT INTO wp_bookly_customer_appointments ( id,series_id,package_id,customer_id,appointment_id,payment_id,number_of_persons,units,notes,extras,extras_multiply_nop,extras_consider_duration,custom_fields,status,status_changed_at,token,time_zone,time_zone_offset,rating,rating_comment,locale,collaborative_service_id,collaborative_token,compound_service_id,compound_token,created_from,created )VALUES( 3161,null,null,1161,3161,1161,1,1,'There will be only myself, my fiancé and two photographers in this room. ','[]',1,1,'[{"id":43107,"value":"Saina Sarafian"},{"id":51989,"value":"Wedding"},{"id":27913,"value":""},{"id":72188,"value":["I agree to <a href="https:\/\/www.mintroom.ca\/Terms_and_Conditions.pdf?v=11122018" target="_blank">Terms and Conditions<\/a>"]},{"id":85555,"value":["I agree there will be no more than 10 guests in the room per booking"]},{"id":27913,"value":" "},{"id":87958,"value":[]},{"id":45932,"value":[]}]','approved',null,null,null,null,null,null,null,null,null,null,null,'frontend','2019-06-11 10:59:32' );
INSERT INTO wp_bookly_payments ( id,coupon_id,type,total,tax,paid,paid_type,gateway_price_correction,status,details,created )VALUES( 1161,null,'stripe',84.75,9.75,84.75,'in_full',0.00,'completed','{"items":[{"ca_id":1161,"appointment_date":"2019-09-01 15:00:00","service_name":"Lounge","service_price":55,"service_tax":"7.15","wait_listed":false,"deposit_format":null,"number_of_persons":1,"units":"1","duration":"3600","staff_name":"Lounge","extras":[]},{"ca_id":3161,"appointment_date":"2019-09-01 15:00:00","service_name":"Make Up Table - Downstairs Seat 1","service_price":55,"service_tax":"7.15","wait_listed":false,"deposit_format":null,"number_of_persons":1,"units":1,"duration":"3600","staff_name":"Make Up Table - Downstairs Seat 1","extras":[]}],"coupon":null,"subtotal":{"price":55,"deposit":0},"customer":"Saina Sarafian","tax_in_price":"excluded","tax_paid":"9.75","extras_multiply_nop":1}','2019-06-11 10:59:32' );
INSERT INTO wp_bookly_customer_appointments ( id,series_id,package_id,customer_id,appointment_id,payment_id,number_of_persons,units,notes,extras,extras_multiply_nop,extras_consider_duration,custom_fields,status,status_changed_at,token,time_zone,time_zone_offset,rating,rating_comment,locale,collaborative_service_id,collaborative_token,compound_service_id,compound_token,created_from,created )VALUES( 3166,null,null,1166,3166,1166,1,1,'Engagement Shoot','[]',1,1,'[{"id":43107,"value":"Melista Bahler "},{"id":51989,"value":"Wedding"},{"id":27913,"value":""},{"id":72188,"value":["I agree to <a href="https:\/\/www.mintroom.ca\/Terms_and_Conditions.pdf?v=11122018" target="_blank">Terms and Conditions<\/a>"]},{"id":85555,"value":["I agree there will be no more than 10 guests in the room per booking"]},{"id":27913,"value":" "},{"id":87958,"value":[]},{"id":45932,"value":[]}]','approved',null,null,null,null,null,null,null,null,null,null,null,'frontend','2019-06-11 10:59:32' );
INSERT INTO wp_bookly_payments ( id,coupon_id,type,total,tax,paid,paid_type,gateway_price_correction,status,details,created )VALUES( 1166,null,'stripe',124.3,14.3,124.3,'in_full',0.00,'completed','{"items":[{"ca_id":1166,"appointment_date":"2019-06-25 16:00:00","service_name":"Library","service_price":90,"service_tax":"11.70","wait_listed":false,"deposit_format":null,"number_of_persons":1,"units":"1","duration":"3600","staff_name":"Library","extras":[]},{"ca_id":3166,"appointment_date":"2019-06-25 16:00:00","service_name":"Make Up Table - Downstairs Seat 1","service_price":90,"service_tax":"11.70","wait_listed":false,"deposit_format":null,"number_of_persons":1,"units":1,"duration":"3600","staff_name":"Make Up Table - Downstairs Seat 1","extras":[]}],"coupon":null,"subtotal":{"price":90,"deposit":0},"customer":"Kyla Hull","tax_in_price":"excluded","tax_paid":"14.30","extras_multiply_nop":1}','2019-06-11 10:59:32' );
INSERT INTO wp_bookly_customer_appointments ( id,series_id,package_id,customer_id,appointment_id,payment_id,number_of_persons,units,notes,extras,extras_multiply_nop,extras_consider_duration,custom_fields,status,status_changed_at,token,time_zone,time_zone_offset,rating,rating_comment,locale,collaborative_service_id,collaborative_token,compound_service_id,compound_token,created_from,created )VALUES( 3231,null,null,1231,3231,1231,1,2,'','[]',1,1,'[{"id":43107,"value":"Bruna Sanchez"},{"id":51989,"value":"Wedding"},{"id":27913,"value":""},{"id":72188,"value":["I agree to <a href="https:\/\/www.mintroom.ca\/Terms_and_Conditions.pdf?v=11122018" target="_blank">Terms and Conditions<\/a>"]},{"id":85555,"value":["I agree there will be no more than 10 guests in the room per booking"]},{"id":27913,"value":" "},{"id":87958,"value":[]},{"id":45932,"value":[]}]','approved',null,null,null,null,null,null,null,null,null,null,null,'frontend','2019-06-11 10:59:32' );
INSERT INTO wp_bookly_customer_appointments ( id,series_id,package_id,customer_id,appointment_id,payment_id,number_of_persons,units,notes,extras,extras_multiply_nop,extras_consider_duration,custom_fields,status,status_changed_at,token,time_zone,time_zone_offset,rating,rating_comment,locale,collaborative_service_id,collaborative_token,compound_service_id,compound_token,created_from,created )VALUES( 4231,null,null,1231,3231,1231,1,2,'','[]',1,1,'[{"id":43107,"value":"Bruna Sanchez"},{"id":51989,"value":"Wedding"},{"id":27913,"value":""},{"id":72188,"value":["I agree to <a href="https:\/\/www.mintroom.ca\/Terms_and_Conditions.pdf?v=11122018" target="_blank">Terms and Conditions<\/a>"]},{"id":85555,"value":["I agree there will be no more than 10 guests in the room per booking"]},{"id":27913,"value":" "},{"id":87958,"value":[]},{"id":45932,"value":[]}]','approved',null,null,null,null,null,null,null,null,null,null,null,'frontend','2019-06-11 10:59:32' );
INSERT INTO wp_bookly_payments ( id,coupon_id,type,total,tax,paid,paid_type,gateway_price_correction,status,details,created )VALUES( 1231,null,'stripe',248.6,28.6,248.6,'in_full',0.00,'completed','{"items":[{"ca_id":1231,"appointment_date":"2019-07-07 12:00:00","service_name":"Ballroom","service_price":90,"service_tax":"11.70","wait_listed":false,"deposit_format":null,"number_of_persons":1,"units":"1","duration":"3600","staff_name":"Ballroom","extras":[]},{"ca_id":3231,"appointment_date":"2019-07-07 12:00:00","service_name":"Make Up Table - Downstairs Seat 1","service_price":90,"service_tax":"11.70","wait_listed":false,"deposit_format":null,"number_of_persons":1,"units":2,"duration":"3600","staff_name":"Make Up Table - Downstairs Seat 1","extras":[]},{"ca_id":4231,"appointment_date":"2019-07-07 12:00:00","service_name":"Make Up Table - Upstairs Seat 1","service_price":90,"service_tax":"11.70","wait_listed":false,"deposit_format":null,"number_of_persons":1,"units":2,"duration":"3600","staff_name":"Make Up Table - Upstairs Seat 1","extras":[]}],"coupon":null,"subtotal":{"price":180,"deposit":0},"customer":"SUNN SUNN S HALLIKERI","tax_in_price":"excluded","tax_paid":"28.60","extras_multiply_nop":1}','2019-06-11 10:59:32' );
INSERT INTO wp_bookly_customer_appointments ( id,series_id,package_id,customer_id,appointment_id,payment_id,number_of_persons,units,notes,extras,extras_multiply_nop,extras_consider_duration,custom_fields,status,status_changed_at,token,time_zone,time_zone_offset,rating,rating_comment,locale,collaborative_service_id,collaborative_token,compound_service_id,compound_token,created_from,created )VALUES( 3232,null,null,1232,3232,1232,1,2,'','[]',1,1,'[{"id":43107,"value":"Bruna Sanchez"},{"id":51989,"value":"Wedding"},{"id":27913,"value":""},{"id":72188,"value":["I agree to <a href="https:\/\/www.mintroom.ca\/Terms_and_Conditions.pdf?v=11122018" target="_blank">Terms and Conditions<\/a>"]},{"id":85555,"value":["I agree there will be no more than 10 guests in the room per booking"]},{"id":27913,"value":" "},{"id":87958,"value":[]},{"id":45932,"value":[]}]','approved',null,null,null,null,null,null,null,null,null,null,null,'frontend','2019-06-11 10:59:32' );
INSERT INTO wp_bookly_customer_appointments ( id,series_id,package_id,customer_id,appointment_id,payment_id,number_of_persons,units,notes,extras,extras_multiply_nop,extras_consider_duration,custom_fields,status,status_changed_at,token,time_zone,time_zone_offset,rating,rating_comment,locale,collaborative_service_id,collaborative_token,compound_service_id,compound_token,created_from,created )VALUES( 4232,null,null,1232,3232,1232,1,2,'','[]',1,1,'[{"id":43107,"value":"Bruna Sanchez"},{"id":51989,"value":"Wedding"},{"id":27913,"value":""},{"id":72188,"value":["I agree to <a href="https:\/\/www.mintroom.ca\/Terms_and_Conditions.pdf?v=11122018" target="_blank">Terms and Conditions<\/a>"]},{"id":85555,"value":["I agree there will be no more than 10 guests in the room per booking"]},{"id":27913,"value":" "},{"id":87958,"value":[]},{"id":45932,"value":[]}]','approved',null,null,null,null,null,null,null,null,null,null,null,'frontend','2019-06-11 10:59:32' );
INSERT INTO wp_bookly_payments ( id,coupon_id,type,total,tax,paid,paid_type,gateway_price_correction,status,details,created )VALUES( 1232,null,'stripe',248.6,28.6,248.6,'in_full',0.00,'completed','{"items":[{"ca_id":1232,"appointment_date":"2019-07-07 13:00:00","service_name":"Ballroom","service_price":90,"service_tax":"11.70","wait_listed":false,"deposit_format":null,"number_of_persons":1,"units":"1","duration":"3600","staff_name":"Ballroom","extras":[]},{"ca_id":3232,"appointment_date":"2019-07-07 13:00:00","service_name":"Make Up Table - Downstairs Seat 1","service_price":90,"service_tax":"11.70","wait_listed":false,"deposit_format":null,"number_of_persons":1,"units":2,"duration":"3600","staff_name":"Make Up Table - Downstairs Seat 1","extras":[]},{"ca_id":4232,"appointment_date":"2019-07-07 13:00:00","service_name":"Make Up Table - Upstairs Seat 1","service_price":90,"service_tax":"11.70","wait_listed":false,"deposit_format":null,"number_of_persons":1,"units":2,"duration":"3600","staff_name":"Make Up Table - Upstairs Seat 1","extras":[]}],"coupon":null,"subtotal":{"price":180,"deposit":0},"customer":"SUNN SUNN S HALLIKERI","tax_in_price":"excluded","tax_paid":"28.60","extras_multiply_nop":1}','2019-06-11 10:59:32' );
INSERT INTO wp_bookly_customer_appointments ( id,series_id,package_id,customer_id,appointment_id,payment_id,number_of_persons,units,notes,extras,extras_multiply_nop,extras_consider_duration,custom_fields,status,status_changed_at,token,time_zone,time_zone_offset,rating,rating_comment,locale,collaborative_service_id,collaborative_token,compound_service_id,compound_token,created_from,created )VALUES( 3236,null,null,1236,3236,1236,1,1,'','[]',1,1,'[{"id":43107,"value":"Isabel Padolina"},{"id":51989,"value":"Fashion"},{"id":27913,"value":""},{"id":72188,"value":["I agree to <a href="https:\/\/www.mintroom.ca\/Terms_and_Conditions.pdf?v=11122018" target="_blank">Terms and Conditions<\/a>"]},{"id":85555,"value":["I agree there will be no more than 10 guests in the room per booking"]},{"id":27913,"value":" "},{"id":87958,"value":[]},{"id":45932,"value":[]}]','approved',null,null,null,null,null,null,null,null,null,null,null,'frontend','2019-06-11 10:59:32' );
INSERT INTO wp_bookly_payments ( id,coupon_id,type,total,tax,paid,paid_type,gateway_price_correction,status,details,created )VALUES( 1236,null,'stripe',146.9,16.9,146.9,'in_full',0.00,'completed','{"items":[{"ca_id":1236,"appointment_date":"2019-09-21 11:00:00","service_name":"Lounge","service_price":55,"service_tax":"7.15","wait_listed":false,"deposit_format":null,"number_of_persons":1,"units":"1","duration":"3600","staff_name":"Lounge","extras":[]},{"ca_id":3236,"appointment_date":"2019-09-21 11:00:00","service_name":"Make Up Table - Downstairs Seat 1","service_price":55,"service_tax":"7.15","wait_listed":false,"deposit_format":null,"number_of_persons":1,"units":1,"duration":"3600","staff_name":"Make Up Table - Downstairs Seat 1","extras":[]}],"coupon":null,"subtotal":{"price":110,"deposit":0},"customer":"Cristina Lucca","tax_in_price":"excluded","tax_paid":"16.90","extras_multiply_nop":1}','2019-06-11 10:59:32' );
INSERT INTO wp_bookly_customer_appointments ( id,series_id,package_id,customer_id,appointment_id,payment_id,number_of_persons,units,notes,extras,extras_multiply_nop,extras_consider_duration,custom_fields,status,status_changed_at,token,time_zone,time_zone_offset,rating,rating_comment,locale,collaborative_service_id,collaborative_token,compound_service_id,compound_token,created_from,created )VALUES( 3237,null,null,1237,3237,1237,1,1,'','[]',1,1,'[{"id":43107,"value":"Isabel Padolina"},{"id":51989,"value":"Fashion"},{"id":27913,"value":""},{"id":72188,"value":["I agree to <a href="https:\/\/www.mintroom.ca\/Terms_and_Conditions.pdf?v=11122018" target="_blank">Terms and Conditions<\/a>"]},{"id":85555,"value":["I agree there will be no more than 10 guests in the room per booking"]},{"id":27913,"value":" "},{"id":87958,"value":[]},{"id":45932,"value":[]}]','approved',null,null,null,null,null,null,null,null,null,null,null,'frontend','2019-06-11 10:59:32' );
INSERT INTO wp_bookly_payments ( id,coupon_id,type,total,tax,paid,paid_type,gateway_price_correction,status,details,created )VALUES( 1237,null,'stripe',146.9,16.9,146.9,'in_full',0.00,'completed','{"items":[{"ca_id":1237,"appointment_date":"2019-09-21 12:00:00","service_name":"Lounge","service_price":55,"service_tax":"7.15","wait_listed":false,"deposit_format":null,"number_of_persons":1,"units":"1","duration":"3600","staff_name":"Lounge","extras":[]},{"ca_id":3237,"appointment_date":"2019-09-21 12:00:00","service_name":"Make Up Table - Downstairs Seat 1","service_price":55,"service_tax":"7.15","wait_listed":false,"deposit_format":null,"number_of_persons":1,"units":1,"duration":"3600","staff_name":"Make Up Table - Downstairs Seat 1","extras":[]}],"coupon":null,"subtotal":{"price":110,"deposit":0},"customer":"Cristina Lucca","tax_in_price":"excluded","tax_paid":"16.90","extras_multiply_nop":1}','2019-06-11 10:59:32' );
INSERT INTO wp_bookly_customer_appointments ( id,series_id,package_id,customer_id,appointment_id,payment_id,number_of_persons,units,notes,extras,extras_multiply_nop,extras_consider_duration,custom_fields,status,status_changed_at,token,time_zone,time_zone_offset,rating,rating_comment,locale,collaborative_service_id,collaborative_token,compound_service_id,compound_token,created_from,created )VALUES( 3249,null,null,1249,3249,1249,1,1,'','[]',1,1,'[{"id":43107,"value":"Nadav Rosenberg - Manning Ave"},{"id":51989,"value":"Wedding"},{"id":27913,"value":""},{"id":72188,"value":["I agree to <a href="https:\/\/www.mintroom.ca\/Terms_and_Conditions.pdf?v=11122018" target="_blank">Terms and Conditions<\/a>"]},{"id":85555,"value":["I agree there will be no more than 10 guests in the room per booking"]},{"id":27913,"value":" "},{"id":87958,"value":[]},{"id":45932,"value":[]}]','approved',null,null,null,null,null,null,null,null,null,null,null,'frontend','2019-06-11 10:59:32' );
INSERT INTO wp_bookly_payments ( id,coupon_id,type,total,tax,paid,paid_type,gateway_price_correction,status,details,created )VALUES( 1249,56,'stripe',199.33,22.93,199.33,'in_full',0.00,'completed','{"items":[{"ca_id":1249,"appointment_date":"2019-06-17 13:00:00","service_name":"Lounge","service_price":55,"service_tax":"7.15","wait_listed":false,"deposit_format":null,"number_of_persons":1,"units":"1","duration":"3600","staff_name":"Lounge","extras":[]},{"ca_id":3249,"appointment_date":"2019-06-17 13:00:00","service_name":"Make Up Table - Downstairs Seat 1","service_price":55,"service_tax":"7.15","wait_listed":false,"deposit_format":null,"number_of_persons":1,"units":1,"duration":"3600","staff_name":"Make Up Table - Downstairs Seat 1","extras":[]}],"coupon":{"code":"MRNEWSLETTER","discount":10,"deduction":"0.00"},"subtotal":{"price":220,"deposit":0},"customer":"Shana DeRoche","tax_in_price":"excluded","tax_paid":"22.93","extras_multiply_nop":1}','2019-06-11 10:59:32' );
INSERT INTO wp_bookly_customer_appointments ( id,series_id,package_id,customer_id,appointment_id,payment_id,number_of_persons,units,notes,extras,extras_multiply_nop,extras_consider_duration,custom_fields,status,status_changed_at,token,time_zone,time_zone_offset,rating,rating_comment,locale,collaborative_service_id,collaborative_token,compound_service_id,compound_token,created_from,created )VALUES( 3250,null,null,1250,3250,1250,1,1,'','[]',1,1,'[{"id":43107,"value":"Nadav Rosenberg - Manning Ave"},{"id":51989,"value":"Wedding"},{"id":27913,"value":""},{"id":72188,"value":["I agree to <a href="https:\/\/www.mintroom.ca\/Terms_and_Conditions.pdf?v=11122018" target="_blank">Terms and Conditions<\/a>"]},{"id":85555,"value":["I agree there will be no more than 10 guests in the room per booking"]},{"id":27913,"value":" "},{"id":87958,"value":[]},{"id":45932,"value":[]}]','approved',null,null,null,null,null,null,null,null,null,null,null,'frontend','2019-06-11 10:59:32' );
INSERT INTO wp_bookly_payments ( id,coupon_id,type,total,tax,paid,paid_type,gateway_price_correction,status,details,created )VALUES( 1250,56,'stripe',199.33,22.93,199.33,'in_full',0.00,'completed','{"items":[{"ca_id":1250,"appointment_date":"2019-06-17 14:00:00","service_name":"Lounge","service_price":55,"service_tax":"7.15","wait_listed":false,"deposit_format":null,"number_of_persons":1,"units":"1","duration":"3600","staff_name":"Lounge","extras":[]},{"ca_id":3250,"appointment_date":"2019-06-17 14:00:00","service_name":"Make Up Table - Downstairs Seat 1","service_price":55,"service_tax":"7.15","wait_listed":false,"deposit_format":null,"number_of_persons":1,"units":1,"duration":"3600","staff_name":"Make Up Table - Downstairs Seat 1","extras":[]}],"coupon":{"code":"MRNEWSLETTER","discount":10,"deduction":"0.00"},"subtotal":{"price":220,"deposit":0},"customer":"Shana DeRoche","tax_in_price":"excluded","tax_paid":"22.93","extras_multiply_nop":1}','2019-06-11 10:59:32' );
INSERT INTO wp_bookly_customer_appointments ( id,series_id,package_id,customer_id,appointment_id,payment_id,number_of_persons,units,notes,extras,extras_multiply_nop,extras_consider_duration,custom_fields,status,status_changed_at,token,time_zone,time_zone_offset,rating,rating_comment,locale,collaborative_service_id,collaborative_token,compound_service_id,compound_token,created_from,created )VALUES( 3251,null,null,1251,3251,1251,1,1,'','[]',1,1,'[{"id":43107,"value":"Nadav Rosenberg - Manning Ave"},{"id":51989,"value":"Wedding"},{"id":27913,"value":""},{"id":72188,"value":["I agree to <a href="https:\/\/www.mintroom.ca\/Terms_and_Conditions.pdf?v=11122018" target="_blank">Terms and Conditions<\/a>"]},{"id":85555,"value":["I agree there will be no more than 10 guests in the room per booking"]},{"id":27913,"value":" "},{"id":87958,"value":[]},{"id":45932,"value":[]}]','approved',null,null,null,null,null,null,null,null,null,null,null,'frontend','2019-06-11 10:59:32' );
INSERT INTO wp_bookly_payments ( id,coupon_id,type,total,tax,paid,paid_type,gateway_price_correction,status,details,created )VALUES( 1251,56,'stripe',199.33,22.93,199.33,'in_full',0.00,'completed','{"items":[{"ca_id":1251,"appointment_date":"2019-06-17 15:00:00","service_name":"Lounge","service_price":55,"service_tax":"7.15","wait_listed":false,"deposit_format":null,"number_of_persons":1,"units":"1","duration":"3600","staff_name":"Lounge","extras":[]},{"ca_id":3251,"appointment_date":"2019-06-17 15:00:00","service_name":"Make Up Table - Downstairs Seat 1","service_price":55,"service_tax":"7.15","wait_listed":false,"deposit_format":null,"number_of_persons":1,"units":1,"duration":"3600","staff_name":"Make Up Table - Downstairs Seat 1","extras":[]}],"coupon":{"code":"MRNEWSLETTER","discount":10,"deduction":"0.00"},"subtotal":{"price":220,"deposit":0},"customer":"Shana DeRoche","tax_in_price":"excluded","tax_paid":"22.93","extras_multiply_nop":1}','2019-06-11 10:59:32' );
INSERT INTO wp_bookly_customer_appointments ( id,series_id,package_id,customer_id,appointment_id,payment_id,number_of_persons,units,notes,extras,extras_multiply_nop,extras_consider_duration,custom_fields,status,status_changed_at,token,time_zone,time_zone_offset,rating,rating_comment,locale,collaborative_service_id,collaborative_token,compound_service_id,compound_token,created_from,created )VALUES( 3252,null,null,1252,3252,1252,1,1,'','[]',1,1,'[{"id":43107,"value":"Nadav Rosenberg - Manning Ave"},{"id":51989,"value":"Wedding"},{"id":27913,"value":""},{"id":72188,"value":["I agree to <a href="https:\/\/www.mintroom.ca\/Terms_and_Conditions.pdf?v=11122018" target="_blank">Terms and Conditions<\/a>"]},{"id":85555,"value":["I agree there will be no more than 10 guests in the room per booking"]},{"id":27913,"value":" "},{"id":87958,"value":[]},{"id":45932,"value":[]}]','approved',null,null,null,null,null,null,null,null,null,null,null,'frontend','2019-06-11 10:59:32' );
INSERT INTO wp_bookly_payments ( id,coupon_id,type,total,tax,paid,paid_type,gateway_price_correction,status,details,created )VALUES( 1252,56,'stripe',199.33,22.93,199.33,'in_full',0.00,'completed','{"items":[{"ca_id":1252,"appointment_date":"2019-06-17 16:00:00","service_name":"Lounge","service_price":55,"service_tax":"7.15","wait_listed":false,"deposit_format":null,"number_of_persons":1,"units":"1","duration":"3600","staff_name":"Lounge","extras":[]},{"ca_id":3252,"appointment_date":"2019-06-17 16:00:00","service_name":"Make Up Table - Downstairs Seat 1","service_price":55,"service_tax":"7.15","wait_listed":false,"deposit_format":null,"number_of_persons":1,"units":1,"duration":"3600","staff_name":"Make Up Table - Downstairs Seat 1","extras":[]}],"coupon":{"code":"MRNEWSLETTER","discount":10,"deduction":"0.00"},"subtotal":{"price":220,"deposit":0},"customer":"Shana DeRoche","tax_in_price":"excluded","tax_paid":"22.93","extras_multiply_nop":1}','2019-06-11 10:59:32' );
INSERT INTO wp_bookly_customer_appointments ( id,series_id,package_id,customer_id,appointment_id,payment_id,number_of_persons,units,notes,extras,extras_multiply_nop,extras_consider_duration,custom_fields,status,status_changed_at,token,time_zone,time_zone_offset,rating,rating_comment,locale,collaborative_service_id,collaborative_token,compound_service_id,compound_token,created_from,created )VALUES( 3332,null,null,1332,3332,1332,1,1,'','[]',1,1,'[{"id":43107,"value":"Sabrina Kanani"},{"id":51989,"value":"Engagement Shoot"},{"id":27913,"value":""},{"id":72188,"value":["I agree to <a href="https:\/\/www.mintroom.ca\/Terms_and_Conditions.pdf?v=11122018" target="_blank">Terms and Conditions<\/a>"]},{"id":85555,"value":["I agree there will be no more than 10 guests in the room per booking"]},{"id":27913,"value":" "},{"id":87958,"value":[]},{"id":45932,"value":[]}]','approved',null,null,null,null,null,null,null,null,null,null,null,'frontend','2019-06-11 10:59:32' );
INSERT INTO wp_bookly_payments ( id,coupon_id,type,total,tax,paid,paid_type,gateway_price_correction,status,details,created )VALUES( 1332,null,'stripe',84.75,9.75,84.75,'in_full',0.00,'completed','{"items":[{"ca_id":1332,"appointment_date":"2019-06-26 19:00:00","service_name":"Lounge","service_price":55,"service_tax":"7.15","wait_listed":false,"deposit_format":null,"number_of_persons":1,"units":"1","duration":"3600","staff_name":"Lounge","extras":[]},{"ca_id":3332,"appointment_date":"2019-06-26 19:00:00","service_name":"Make Up Table - Downstairs Seat 1","service_price":55,"service_tax":"7.15","wait_listed":false,"deposit_format":null,"number_of_persons":1,"units":1,"duration":"3600","staff_name":"Make Up Table - Downstairs Seat 1","extras":[]}],"coupon":null,"subtotal":{"price":55,"deposit":0},"customer":"Samara Doobay","tax_in_price":"excluded","tax_paid":"9.75","extras_multiply_nop":1}','2019-06-11 10:59:32' );
INSERT INTO wp_bookly_customer_appointments ( id,series_id,package_id,customer_id,appointment_id,payment_id,number_of_persons,units,notes,extras,extras_multiply_nop,extras_consider_duration,custom_fields,status,status_changed_at,token,time_zone,time_zone_offset,rating,rating_comment,locale,collaborative_service_id,collaborative_token,compound_service_id,compound_token,created_from,created )VALUES( 3353,null,null,1353,3353,1353,1,2,'','[]',1,1,'[{"id":43107,"value":"Anna"},{"id":51989,"value":"Wedding"},{"id":27913,"value":""},{"id":72188,"value":["I agree to <a href="https:\/\/www.mintroom.ca\/Terms_and_Conditions.pdf?v=11122018" target="_blank">Terms and Conditions<\/a>"]},{"id":85555,"value":["I agree there will be no more than 10 guests in the room per booking"]},{"id":27913,"value":" "},{"id":87958,"value":[]},{"id":45932,"value":[]}]','approved',null,null,null,null,null,null,null,null,null,null,null,'frontend','2019-06-11 10:59:32' );
INSERT INTO wp_bookly_customer_appointments ( id,series_id,package_id,customer_id,appointment_id,payment_id,number_of_persons,units,notes,extras,extras_multiply_nop,extras_consider_duration,custom_fields,status,status_changed_at,token,time_zone,time_zone_offset,rating,rating_comment,locale,collaborative_service_id,collaborative_token,compound_service_id,compound_token,created_from,created )VALUES( 4353,null,null,1353,3353,1353,1,2,'','[]',1,1,'[{"id":43107,"value":"Anna"},{"id":51989,"value":"Wedding"},{"id":27913,"value":""},{"id":72188,"value":["I agree to <a href="https:\/\/www.mintroom.ca\/Terms_and_Conditions.pdf?v=11122018" target="_blank">Terms and Conditions<\/a>"]},{"id":85555,"value":["I agree there will be no more than 10 guests in the room per booking"]},{"id":27913,"value":" "},{"id":87958,"value":[]},{"id":45932,"value":[]}]','approved',null,null,null,null,null,null,null,null,null,null,null,'frontend','2019-06-11 10:59:32' );
INSERT INTO wp_bookly_payments ( id,coupon_id,type,total,tax,paid,paid_type,gateway_price_correction,status,details,created )VALUES( 1353,null,'stripe',146.9,16.9,146.9,'in_full',0.00,'completed','{"items":[{"ca_id":1353,"appointment_date":"2019-06-30 15:00:00","service_name":"Library","service_price":90,"service_tax":"11.70","wait_listed":false,"deposit_format":null,"number_of_persons":1,"units":"1","duration":"3600","staff_name":"Library","extras":[]},{"ca_id":3353,"appointment_date":"2019-06-30 15:00:00","service_name":"Make Up Table - Downstairs Seat 1","service_price":90,"service_tax":"11.70","wait_listed":false,"deposit_format":null,"number_of_persons":1,"units":2,"duration":"3600","staff_name":"Make Up Table - Downstairs Seat 1","extras":[]},{"ca_id":4353,"appointment_date":"2019-06-30 15:00:00","service_name":"Make Up Table - Upstairs Seat 1","service_price":90,"service_tax":"11.70","wait_listed":false,"deposit_format":null,"number_of_persons":1,"units":2,"duration":"3600","staff_name":"Make Up Table - Upstairs Seat 1","extras":[]}],"coupon":null,"subtotal":{"price":90,"deposit":0},"customer":"Jeff Mazzei","tax_in_price":"excluded","tax_paid":"16.90","extras_multiply_nop":1}','2019-06-11 10:59:32' );
INSERT INTO wp_bookly_customer_appointments ( id,series_id,package_id,customer_id,appointment_id,payment_id,number_of_persons,units,notes,extras,extras_multiply_nop,extras_consider_duration,custom_fields,status,status_changed_at,token,time_zone,time_zone_offset,rating,rating_comment,locale,collaborative_service_id,collaborative_token,compound_service_id,compound_token,created_from,created )VALUES( 3395,null,null,1395,3395,1395,1,1,'Makeup Line Launch Photo','[]',1,1,'[{"id":43107,"value":"Ryan Jambo"},{"id":51989,"value":"Fashion"},{"id":27913,"value":""},{"id":72188,"value":["I agree to <a href="https:\/\/www.mintroom.ca\/Terms_and_Conditions.pdf?v=11122018" target="_blank">Terms and Conditions<\/a>"]},{"id":85555,"value":["I agree there will be no more than 10 guests in the room per booking"]},{"id":27913,"value":" "},{"id":87958,"value":[]},{"id":45932,"value":[]}]','approved',null,null,null,null,null,null,null,null,null,null,null,'frontend','2019-06-11 10:59:32' );
INSERT INTO wp_bookly_payments ( id,coupon_id,type,total,tax,paid,paid_type,gateway_price_correction,status,details,created )VALUES( 1395,null,'stripe',124.3,14.3,124.3,'in_full',0.00,'completed','{"items":[{"ca_id":1395,"appointment_date":"2019-06-17 19:00:00","service_name":"Library","service_price":90,"service_tax":"11.70","wait_listed":false,"deposit_format":null,"number_of_persons":1,"units":"1","duration":"3600","staff_name":"Library","extras":[]},{"ca_id":3395,"appointment_date":"2019-06-17 19:00:00","service_name":"Make Up Table - Downstairs Seat 1","service_price":90,"service_tax":"11.70","wait_listed":false,"deposit_format":null,"number_of_persons":1,"units":1,"duration":"3600","staff_name":"Make Up Table - Downstairs Seat 1","extras":[]}],"coupon":null,"subtotal":{"price":90,"deposit":0},"customer":"Chanelle Gurrell","tax_in_price":"excluded","tax_paid":"14.30","extras_multiply_nop":1}','2019-06-11 10:59:32' );